Job ID,Job URL,Job Title,Company Name,Status,Timestamp,WP ID
32b26d90528c7301,https://tj.linkedin.com/jobs/view/funded-traineeship-for-young-graduates-at-the-eu-delegation-to-tajikistan-at-eubam-libya-4437121614,Funded traineeship for young graduates at the EU Delegation to Tajikistan,,scraped,2026-07-07T01:24:39.346985,
82ceb4a0ca552c69,https://tj.linkedin.com/jobs/view/languagecert-quality-auditor-dushanbe-tajikistan-at-peoplecert-4431902256,"LanguageCert Quality Auditor - Dushanbe, Tajikistan",,scraped,2026-07-07T01:25:50.111585,
ea8a2b6df40526b3,https://tj.linkedin.com/jobs/view/project-coordinator-software-development-at-pls-4436700500,Project Coordinator (Software Development),,scraped,2026-07-07T01:25:58.070332,
427e43423a7cc68d,https://tj.linkedin.com/jobs/view/%D1%96%D0%BD%D0%B6%D0%B5%D0%BD%D0%B5%D1%80-%D0%B1%D1%83%D0%B4%D1%96%D0%B2%D0%B5%D0%BB%D1%8C%D0%BD%D0%B8%D0%BA-at-eurospace-4431989115,ІНЖЕНЕР-БУДІВЕЛЬНИК,EUROSPACE,posted,2026-07-07T01:27:45.984028,21
1e99e12cab88d6e0,https://tj.linkedin.com/jobs/view/russian-qa-lead-remote-at-yo-it-consulting-4434399405,Russian QA Lead - Remote,,scraped,2026-07-07T01:27:48.641187,
3559645a48c348f0,https://tj.linkedin.com/jobs/view/senior-technical-support-manager-at-alif-bank-4431593120,Senior Technical Support Manager,,scraped,2026-07-07T01:27:55.078363,
c157666c526390bb,https://tj.linkedin.com/jobs/view/engineering-manager-software-engineering-at-frontline-data-solutions-4435322323,"Engineering Manager, Software Engineering",,scraped,2026-07-07T01:28:04.539543,
cf194c4c7a633447,https://tj.linkedin.com/jobs/view/migration-health-physician-at-iom-un-migration-4435807449,Migration Health Physician,IOM - UN Migration,posted,2026-07-07T01:28:42.067992,23
331fc8807f71dbbe,https://tj.linkedin.com/jobs/view/%D0%BC%D0%B5%D0%BD%D0%B5%D0%B4%D0%B6%D0%B5%D1%80-%D0%BF%D0%BE-%D0%BF%D1%80%D0%BE%D0%B4%D0%B0%D0%B6%D0%B0%D0%BC-at-pixel-team-of-professionals-4431562760,Менеджер по продажам,Pixel - team of professionals,failed|wp_post_failed,2026-07-07T01:30:16.623374,
ca3d682a6c1f0238,https://tj.linkedin.com/jobs/view/maintenance-technician-at-vestas-4432340255,Maintenance Technician,,scraped,2026-07-07T01:30:19.290204,
9e7e0eb63d300506,https://tj.linkedin.com/jobs/view/supply-chain-officer-noa-at-world-food-programme-4437767757,Supply Chain Officer NOA,,scraped,2026-07-07T12:18:40.381614,
f165ca44ed7f827e,https://tj.linkedin.com/jobs/view/nutritionist-noa-at-world-food-programme-4437784029,Nutritionist NOA,,scraped,2026-07-07T12:18:48.394291,
da58d172891b59c1,https://tj.linkedin.com/jobs/view/regional-marketing-manager-at-xm-4432338461,Regional Marketing Manager,XM,posted,2026-07-07T12:19:08.505491,25
4b586d1d9584d43f,https://tj.linkedin.com/jobs/view/education-program-manager-at-efekta-education-4402370320,Education Program Manager,,scraped,2026-07-07T12:19:11.144667,
a6a7503c6535ed25,https://tj.linkedin.com/jobs/view/chief-engineer-russian-speaker-at-hyatt-regency-4436301347,Chief Engineer (Russian Speaker),Hyatt Regency,posted,2026-07-07T12:19:30.102595,27
6c319712d47ca14a,https://tj.linkedin.com/jobs/view/icitap-counterterrorism-advisor-central-asia-at-amentum-4436415559,ICITAP Counterterrorism Advisor - Central Asia,Amentum,posted,2026-07-07T12:19:38.672706,29
fa2643b84daea2c3,https://tj.linkedin.com/jobs/view/sports-data-collector-football-dushanbe-tajikistan-at-genius-sports-4423151729,"Sports Data Collector (Football) - Dushanbe, Tajikistan",,scraped,2026-07-07T12:19:41.345713,
98a08fe51a2074b2,https://tj.linkedin.com/jobs/view/data-focused-project-coordinator-remote-contract-at-infuse-4437792297,"Data-Focused Project Coordinator (Remote, Contract)",INFUSE,posted,2026-07-07T20:32:33.043525,31
b72f21d226482b5e,https://tj.linkedin.com/jobs/view/senior-costing-and-cost-recovery-expert-at-ntu-international-a-s-4437837943,Senior Costing and Cost-Recovery Expert,,scraped,2026-07-07T20:32:53.704431,
ef826d3919275a59,https://tj.linkedin.com/jobs/view/senior-agricultural-subsidies-payment-agency-exper-at-ntu-international-a-s-4437841589,Senior Agricultural Subsidies / Payment Agency Exper,,scraped,2026-07-07T20:33:00.798297,
963bf51439a1123d,https://tj.linkedin.com/jobs/view/senior-akis-agricultural-research-expert-at-ntu-international-a-s-4437855274,Senior AKIS / Agricultural Research Expert,,scraped,2026-07-07T20:33:09.850996,
4c54dbfe1a5056ba,https://tj.linkedin.com/jobs/view/senior-agricultural-insurance-and-rural-finance-expert-at-ntu-international-a-s-4437844816,Senior Agricultural Insurance and Rural Finance Expert,,scraped,2026-07-07T20:33:16.856764,
767f1ce37bedbe5b,https://tj.linkedin.com/jobs/view/senior-agricultural-statistics-expert-at-ntu-international-a-s-4437847561,Senior Agricultural Statistics Expert,,scraped,2026-07-07T20:33:23.754964,
9690540d70cee2fb,https://tj.linkedin.com/jobs/view/senior-land-management-rangeland-expert-at-ntu-international-a-s-4437847526,Senior Land Management / Rangeland Expert,,scraped,2026-07-07T20:33:30.959634,
dca79850ece60107,https://tj.linkedin.com/jobs/view/senior-agricultural-extension-expert-at-ntu-international-a-s-4437857221,Senior Agricultural Extension Expert,,scraped,2026-07-07T20:33:38.212741,
c03ae1bc6df9c5f5,https://tj.linkedin.com/jobs/view/senior-agricultural-extension-expert-at-ntu-international-a-s-4437846510,Senior Agricultural Extension Expert,,scraped,2026-07-07T20:33:45.647769,
9565e7d889aa4ce6,https://tj.linkedin.com/jobs/view/senior-backend-engineer-at-tabby-%D8%AA%D8%A7%D8%A8%D9%8A-4418932541,Senior Backend Engineer,,scraped,2026-07-07T20:33:52.859789,
cd9cea8a009ff254,https://tj.linkedin.com/jobs/view/%D0%B0%D0%B4%D0%BC%D0%B8%D0%BD%D0%B8%D1%81%D1%82%D1%80%D0%B0%D1%82%D0%BE%D1%80-at-pixel-team-of-professionals-4436009329,Администратор,,scraped,2026-07-08T07:18:26.973514,
a67f046f95406941,https://tj.linkedin.com/jobs/view/%D0%B8%D0%BD%D0%B6%D0%B5%D0%BD%D0%B5%D1%80-%D1%8D%D0%BB%D0%B5%D0%BA%D1%82%D1%80%D0%B8%D0%BA-at-pixel-team-of-professionals-4435796979,Инженер электрик,,scraped,2026-07-08T07:18:40.232642,
264e94adbd998f89,https://tj.linkedin.com/jobs/view/%D0%B3%D0%BB%D0%B0%D0%B2%D0%BD%D1%8B%D0%B9-%D0%B1%D1%83%D1%85%D0%B3%D0%B0%D0%BB%D1%82%D0%B5%D1%80-at-pixel-team-of-professionals-4436005498,Главный бухгалтер,,scraped,2026-07-08T07:18:48.494756,
955f8421c2e27819,https://tj.linkedin.com/jobs/view/senior-agri-food-logistics-cold-chain-expert-at-ntu-international-a-s-4437856345,Senior Agri-Food Logistics / Cold Chain Expert,,scraped,2026-07-08T07:19:00.310518,
bb99e3f5de5a2e9b,https://tj.linkedin.com/jobs/view/senior-training-and-capacity-development-expert-at-ntu-international-a-s-4437839997,Senior Training and Capacity Development Expert,,scraped,2026-07-08T07:19:08.175823,
c96db11cf383062c,https://tj.linkedin.com/jobs/view/senior-public-administration-reform-expert-at-ntu-international-a-s-4437843368,Senior Public Administration Reform Expert,,scraped,2026-07-08T07:19:17.783344,
526f5a32a641d10d,https://tj.linkedin.com/jobs/view/senior-phytosanitary-plant-health-expert-at-ntu-international-a-s-4437844318,Senior Phytosanitary / Plant Health Expert,,scraped,2026-07-08T07:19:27.070373,
e3db1951e98d7596,https://tj.linkedin.com/jobs/view/senior-water%E2%80%93agriculture-foresight-expert-at-ntu-international-a-s-4437850475,Senior Water–Agriculture Foresight Expert,,scraped,2026-07-08T07:19:34.739261,
156b9d6340637d0a,https://tj.linkedin.com/jobs/view/senior-public-finance-management-expert-at-ntu-international-a-s-4437831871,Senior Public Finance Management Expert,,scraped,2026-07-08T07:19:42.715961,
2485743654270674,https://tj.linkedin.com/jobs/view/%D0%BA%D0%BE%D0%BD%D1%82%D0%B5%D0%BD%D1%82-%D0%BC%D0%B5%D0%BD%D0%B5%D0%B4%D0%B6%D0%B5%D1%80-at-alif-tech-tajikistan-4434818699,Контент-менеджер,Alif Tech Tajikistan,posted,2026-07-08T13:19:49.748439,43
189798c9bcd7869d,https://tj.linkedin.com/jobs/view/conductor-a-autob%C3%BAs-at-sagal%C3%A9s-4437018899,Conductor/a autobús,,scraped,2026-07-08T13:19:52.093215,
a1551090f74229d3,https://tj.linkedin.com/jobs/view/digital-innovation-support-associate-at-iom-un-migration-4438178659,Digital Innovation Support Associate,IOM - UN Migration,posted,2026-07-08T13:20:12.192832,45
dc13409a39b16899,https://tj.linkedin.com/jobs/view/senior-value-chain-development-expert-at-ntu-international-a-s-4437846601,Senior Value Chain Development Expert,,scraped,2026-07-08T13:20:16.778290,
93d2b557e595f9e7,https://tj.linkedin.com/jobs/view/%D0%B8%D0%BD%D0%B6%D0%B5%D0%BD%D0%B5%D1%80-%D0%BF%D0%BE-%D1%82%D0%B1-%D0%BD%D0%B0-%D0%BE%D0%B1%D1%8A%D0%B5%D0%BA%D1%82-%D1%81%D1%82%D1%80%D0%BE%D0%B8%D1%82%D0%B5%D0%BB%D1%8C%D1%81%D1%82%D0%B2%D0%B0-%D0%B6%D0%BA-%D0%B2-%D0%B3-%D0%B4%D1%83%D1%88%D0%B0%D0%BD%D0%B1%D0%B5-4434824055,Инженер по ТБ на объект строительства ЖК в г. Душанбе.,Проект Инвест,posted,2026-07-08T13:20:31.270093,47
0abdf86584e52488,https://tj.linkedin.com/jobs/view/senior-survey-methodology-expert-at-ntu-international-a-s-4437846623,Senior Survey Methodology Expert,,scraped,2026-07-08T13:20:43.816630,
163e93e438266599,https://tj.linkedin.com/jobs/view/senior-veterinary-and-laboratory-accreditation-expert-at-ntu-international-a-s-4437845277,Senior Veterinary and Laboratory Accreditation Expert,,scraped,2026-07-08T13:20:52.971548,
61db05e9dc4dc58f,https://tj.linkedin.com/jobs/view/assistant-financial-accountant-at-fnf-global-inc-4438504600,Assistant Financial Accountant,FNF GLOBAL INC,posted,2026-07-08T23:44:53.761713,49
5cc83d2f28f938ad,https://tj.linkedin.com/jobs/view/senior-medical-associate-at-iom-un-migration-4438656187,Senior Medical Associate,IOM - UN Migration,posted,2026-07-09T18:27:53.021488,51
9d4f8aa01fff8eec,https://tj.linkedin.com/jobs/view/%D0%BA%D0%B5%D1%80%D1%96%D0%B2%D0%BD%D0%B8%D0%BA-%D0%B2%D1%96%D0%B4%D0%B4%D1%96%D0%BB%D0%B5%D0%BD%D0%BD%D1%8F-at-otp-bank-ukraine-4437962644,Керівник відділення,,scraped,2026-07-10T11:23:39.333013,
b80da9b9d638061a,https://tj.linkedin.com/jobs/view/%D0%BA%D0%B5%D1%80%D1%83%D1%8E%D1%87%D0%B8%D0%B9-%D0%B2%D1%96%D0%B4%D0%B4%D1%96%D0%BB%D0%B5%D0%BD%D0%BD%D1%8F%D0%BC-at-otp-bank-ukraine-4437962643,Керуючий  відділенням,,scraped,2026-07-10T11:23:46.502897,
6134c6f47852ba13,https://tj.linkedin.com/jobs/view/%D0%BA%D0%BE%D0%BC%D1%96%D1%80%D0%BD%D0%B8%D0%BA-%D0%BA%D0%BE%D0%BC%D0%BF%D0%BB%D0%B5%D0%BA%D1%82%D1%83%D0%B2%D0%B0%D0%BB%D1%8C%D0%BD%D0%B8%D0%BA-at-tiva-ua-4437983450,Комірник-комплектувальник,,scraped,2026-07-10T11:23:57.684155,
b47965aea4ddf5f2,https://tj.linkedin.com/jobs/view/senior-food-safety-expert-at-ntu-international-a-s-4437844310,Senior Food Safety Expert,,scraped,2026-07-10T11:24:14.095482,
3c0bb27b978ec94f,https://tj.linkedin.com/jobs/view/%D1%80%D0%B5%D0%B3%D1%96%D0%BE%D0%BD%D0%B0%D0%BB%D1%8C%D0%BD%D0%B8%D0%B9-%D0%BC%D0%B5%D0%BD%D0%B5%D0%B4%D0%B6%D0%B5%D1%80-%D0%BF%D0%BE-%D1%80%D0%BE%D0%B7%D0%B2%D0%B8%D1%82%D0%BA%D1%83-%D1%80%D0%B5%D0%B3%D1%96%D0%BE%D0%BD%D1%83-%D0%B7-%D0%B0%D0%B2%D1%82%D0%BE%D0%BA%D1%80%D0%B5%D0%B4%D0%B8%D1%82%D1%83%D0%B2%D0%B0%D0%BD%D0%BD%D1%8F-at-otp-bank-ukraine-4437964561,Регіональний менеджер по розвитку регіону з автокредитування,,scraped,2026-07-10T11:24:21.215338,
3cb07426ff43a045,https://tj.linkedin.com/jobs/view/%D1%81%D0%B8%D1%81%D1%82%D0%B5%D0%BC%D0%BD%D1%8B%D0%B9-%D0%B0%D0%B4%D0%BC%D0%B8%D0%BD%D0%B8%D1%81%D1%82%D1%80%D0%B0%D1%82%D0%BE%D1%80-at-pixel-team-of-professionals-4436015139,Системный администратор,Pixel - team of professionals,failed|wp_post_failed,2026-07-10T18:09:54.452969,
b2d15b7ca49ce3bb,https://tj.linkedin.com/jobs/view/%D0%B2-%D1%81%D0%B5%D1%82%D1%8C-%D0%B0%D0%B7%D1%81-%C2%AB%D1%80%D0%BE%D1%85%D0%B8-%D1%81%D0%BE%D0%BC%D0%BE%D0%BD-%D0%BD%D0%B0%D1%84%D1%82%C2%BB-%D1%82%D1%80%D0%B5%D0%B1%D1%83%D1%8E%D1%82%D1%81%D1%8F-%D0%B7%D0%B0%D0%BF%D1%80%D0%B0%D0%B2%D1%89%D0%B8%D0%BA%D0%B8-at-%D1%81%D0%B5%D1%82%D1%8C-%D0%B0%D0%B7%D1%81-%D1%80%D0%BE%D1%85%D0%B8-%D1%81%D0%BE%D0%BC%D0%BE%D0%BD-%E2%80%8B-4439327071,В сеть АЗС «Рохи Сомон Нафт» требуются заправщики.,,scraped,2026-07-10T18:10:00.902255,
dfad892b5e1c2c2b,https://tj.linkedin.com/jobs/view/national-consultant-to-support-moes-with-math-and-geometry-tlm-development-component-2-isdb-gpe-ofid-education-reform-project-phase-ii-dushanbe-tajikistan-13-months-remote-for-nationals-at-unicef-4439304941,"National Consultant to support MoES with Math and Geometry TLM Development (Component 2, IsDB/GPE/OFID Education Reform Project, Phase II), Dushanbe, Tajikistan, 13 months, Remote (for Nationals)",UNICEF,posted,2026-07-10T18:10:25.100745,53
79edf2a7038e8a2e,https://tj.linkedin.com/jobs/view/consulting-services-by-firm-for-the-engineering-design-and-author-s-supervision-for-the-training-center-and-laboratory-of-of-committee-for-housing-and-communal-services-4435662512,Consulting Services (by firm) for the Engineering design and Author's Supervision for the Training center and laboratory of of Committee for Housing and Communal Services,"PMU ""Water Supply & Sanitation Investment Project""",posted,2026-07-10T18:10:35.630827,55
5390136d242413f6,https://tj.linkedin.com/jobs/view/senior-climate-adaptation-expert-at-ntu-international-a-s-4437853340,Senior Climate Adaptation Expert,,scraped,2026-07-10T18:10:40.213397,
73b2e320c6c5f324,https://tj.linkedin.com/jobs/view/deputy-executive-director-at-amcham-tajikistan-4436662501,Deputy Executive Director,AmCham Tajikistan,posted,2026-07-11T11:33:43.612688,57
6992626f7e26be91,https://tj.linkedin.com/jobs/view/%D0%BA%D0%B5%D1%80%D1%83%D1%8E%D1%87%D0%B8%D0%B9-%D0%BC%D0%B0%D0%B3%D0%B0%D0%B7%D0%B8%D0%BD%D1%83-at-%D0%B1%D0%BB%D0%B8%D0%B7%D0%B5%D0%BD%D1%8C%D0%BA%D0%BE-4439559015,Керуючий магазину,Близенько,failed|wp_post_failed,2026-07-11T11:33:49.541488,
0e121289e0ba7c5d,https://tj.linkedin.com/jobs/view/%D0%BA%D0%B5%D1%80%D1%83%D1%8E%D1%87%D0%B8%D0%B9-%D0%BC%D0%B0%D0%B3%D0%B0%D0%B7%D0%B8%D0%BD%D1%83-at-%D0%B1%D0%BB%D0%B8%D0%B7%D0%B5%D0%BD%D1%8C%D0%BA%D0%BE-4439552382,Керуючий магазину,Близенько,scraped,2026-07-11T11:33:53.347650,
b988bfbc2db5a602,https://tj.linkedin.com/jobs/view/head-of-external-relations-nob-at-world-food-programme-4437775195,Head of External Relations NOB,,scraped,2026-07-11T11:33:55.931944,
77e4fd4f45dab65c,https://tj.linkedin.com/jobs/view/conductor-a-autob%C3%BAs-at-sagal%C3%A9s-4438913299,Conductor/a autobús,,scraped,2026-07-11T15:34:20.284548,
ae48a29a97d0abd7,https://tj.linkedin.com/jobs/view/%D0%BF%D0%B5%D0%BA%D0%B0%D1%80-at-%D0%B1%D0%BB%D0%B8%D0%B7%D0%B5%D0%BD%D1%8C%D0%BA%D0%BE-4439704441,Пекар,Близенько,failed|wp_post_failed,2026-07-12T07:50:51.333776,
c2730341c3a146d1,https://tj.linkedin.com/jobs/view/%D0%B0%D0%B4%D0%BC%D1%96%D0%BD%D1%96%D1%81%D1%82%D1%80%D0%B0%D1%82%D0%BE%D1%80-at-%D0%B1%D0%BB%D0%B8%D0%B7%D0%B5%D0%BD%D1%8C%D0%BA%D0%BE-4439592722,Адміністратор,Близенько,failed|wp_post_failed,2026-07-12T07:50:57.378916,
9db848ef937b2c63,https://tj.linkedin.com/jobs/view/%D0%BF%D1%80%D0%BE%D0%B4%D0%B0%D0%B2%D0%B5%D1%86%D1%8C-%D0%BA%D0%BE%D0%BD%D1%81%D1%83%D0%BB%D1%8C%D1%82%D0%B0%D0%BD%D1%82-at-%D0%B1%D0%BB%D0%B8%D0%B7%D0%B5%D0%BD%D1%8C%D0%BA%D0%BE-4439703423,Продавець-консультант,Близенько,posted,2026-07-12T07:51:19.151598,59
1720b1f3e8fc29d5,https://tj.linkedin.com/jobs/view/%D0%BA%D0%B5%D1%80%D1%83%D1%8E%D1%87%D0%B8%D0%B9-%D0%BC%D0%B0%D0%B3%D0%B0%D0%B7%D0%B8%D0%BD%D1%83-at-%D0%B1%D0%BB%D0%B8%D0%B7%D0%B5%D0%BD%D1%8C%D0%BA%D0%BE-4439703431,Керуючий магазину,Близенько,failed|wp_post_failed,2026-07-12T07:51:25.431289,
001de98ceb39ff98,https://tj.linkedin.com/jobs/view/%D0%BA%D0%B5%D1%80%D1%83%D1%8E%D1%87%D0%B8%D0%B9-%D0%BC%D0%B0%D0%B3%D0%B0%D0%B7%D0%B8%D0%BD%D1%83-at-%D0%B1%D0%BB%D0%B8%D0%B7%D0%B5%D0%BD%D1%8C%D0%BA%D0%BE-4439596616,Керуючий магазину,Близенько,scraped,2026-07-12T07:51:29.261504,
7b304088cf1a6a0c,https://tj.linkedin.com/jobs/view/%D0%BA%D0%B5%D1%80%D1%83%D1%8E%D1%87%D0%B8%D0%B9-%D0%BC%D0%B0%D0%B3%D0%B0%D0%B7%D0%B8%D0%BD%D1%83-at-%D0%B1%D0%BB%D0%B8%D0%B7%D0%B5%D0%BD%D1%8C%D0%BA%D0%BE-4439599562,Керуючий магазину,Близенько,scraped,2026-07-12T07:51:33.225300,
64c3b4c19e1d423e,https://tj.linkedin.com/jobs/view/%D0%BA%D0%B5%D1%80%D1%83%D1%8E%D1%87%D0%B8%D0%B9-%D0%BC%D0%B0%D0%B3%D0%B0%D0%B7%D0%B8%D0%BD%D1%83-at-%D0%B1%D0%BB%D0%B8%D0%B7%D0%B5%D0%BD%D1%8C%D0%BA%D0%BE-4439708143,Керуючий магазину,Близенько,scraped,2026-07-12T07:51:37.860165,
c5ce062ab29bad45,https://tj.linkedin.com/jobs/view/%D0%BF%D1%80%D0%B8%D0%B1%D0%B8%D1%80%D0%B0%D0%BB%D1%8C%D0%BD%D0%B8%D0%BA-%D1%81%D0%BB%D1%83%D0%B6%D0%B1%D0%BE%D0%B2%D0%B8%D1%85-%D0%BF%D1%80%D0%B8%D0%BC%D1%96%D1%89%D0%B5%D0%BD%D1%8C-at-%D0%B1%D0%BB%D0%B8%D0%B7%D0%B5%D0%BD%D1%8C%D0%BA%D0%BE-4439595604,Прибиральник службових приміщень,Близенько,failed|wp_post_failed,2026-07-12T07:51:41.964514,
012f2303be03256b,https://tj.linkedin.com/jobs/view/%D0%BF%D1%80%D0%B8%D0%B1%D0%B8%D1%80%D0%B0%D0%BB%D1%8C%D0%BD%D0%B8%D0%BA-%D1%81%D0%BB%D1%83%D0%B6%D0%B1%D0%BE%D0%B2%D0%B8%D1%85-%D0%BF%D1%80%D0%B8%D0%BC%D1%96%D1%89%D0%B5%D0%BD%D1%8C-at-%D0%B1%D0%BB%D0%B8%D0%B7%D0%B5%D0%BD%D1%8C%D0%BA%D0%BE-4439594765,Прибиральник службових приміщень,Близенько,scraped,2026-07-12T07:51:46.076101,
3a6ac7089ef5444e,https://tj.linkedin.com/jobs/view/%D0%BF%D1%80%D0%B8%D0%B1%D0%B8%D1%80%D0%B0%D0%BB%D1%8C%D0%BD%D0%B8%D0%BA-%D1%81%D0%BB%D1%83%D0%B6%D0%B1%D0%BE%D0%B2%D0%B8%D1%85-%D0%BF%D1%80%D0%B8%D0%BC%D1%96%D1%89%D0%B5%D0%BD%D1%8C-at-%D0%B1%D0%BB%D0%B8%D0%B7%D0%B5%D0%BD%D1%8C%D0%BA%D0%BE-4439598505,Прибиральник службових приміщень,Близенько,scraped,2026-07-12T07:51:50.066246,
b337e5887598ad1f,https://tj.linkedin.com/jobs/view/%D0%BF%D1%80%D0%B8%D0%B1%D0%B8%D1%80%D0%B0%D0%BB%D1%8C%D0%BD%D0%B8%D0%BA-%D1%81%D0%BB%D1%83%D0%B6%D0%B1%D0%BE%D0%B2%D0%B8%D1%85-%D0%BF%D1%80%D0%B8%D0%BC%D1%96%D1%89%D0%B5%D0%BD%D1%8C-at-%D0%B1%D0%BB%D0%B8%D0%B7%D0%B5%D0%BD%D1%8C%D0%BA%D0%BE-4439707154,Прибиральник службових приміщень,Близенько,scraped,2026-07-12T07:51:54.145570,
d233bb41f50cfd79,https://tj.linkedin.com/jobs/view/%D0%BF%D1%80%D0%BE%D0%B4%D0%B0%D0%B2%D0%B5%D1%86%D1%8C-%D0%BA%D0%BE%D0%BD%D1%81%D1%83%D0%BB%D1%8C%D1%82%D0%B0%D0%BD%D1%82-at-%D0%B1%D0%BB%D0%B8%D0%B7%D0%B5%D0%BD%D1%8C%D0%BA%D0%BE-4439591764,Продавець-консультант,Близенько,scraped,2026-07-12T07:51:58.203640,
eef1ab314210d90d,https://tj.linkedin.com/jobs/view/%D0%BF%D1%80%D0%BE%D0%B4%D0%B0%D0%B2%D0%B5%D1%86%D1%8C-%D0%BA%D0%BE%D0%BD%D1%81%D1%83%D0%BB%D1%8C%D1%82%D0%B0%D0%BD%D1%82-at-%D0%B1%D0%BB%D0%B8%D0%B7%D0%B5%D0%BD%D1%8C%D0%BA%D0%BE-4439599560,Продавець-консультант,Близенько,scraped,2026-07-12T07:52:02.166622,
e3a8ba8e6a0eef35,https://tj.linkedin.com/jobs/view/%D0%BF%D1%80%D0%BE%D0%B4%D0%B0%D0%B2%D0%B5%D1%86%D1%8C-%D0%BA%D0%BE%D0%BD%D1%81%D1%83%D0%BB%D1%8C%D1%82%D0%B0%D0%BD%D1%82-at-%D0%B1%D0%BB%D0%B8%D0%B7%D0%B5%D0%BD%D1%8C%D0%BA%D0%BE-4439700492,Продавець-консультант,Близенько,scraped,2026-07-12T07:52:06.162672,
1b2f22eec064135d,https://tj.linkedin.com/jobs/view/%D0%BF%D1%80%D0%BE%D0%B4%D0%B0%D0%B2%D0%B5%D1%86%D1%8C-%D0%BA%D0%BE%D0%BD%D1%81%D1%83%D0%BB%D1%8C%D1%82%D0%B0%D0%BD%D1%82-at-%D0%B1%D0%BB%D0%B8%D0%B7%D0%B5%D0%BD%D1%8C%D0%BA%D0%BE-4439596621,Продавець-консультант,Близенько,scraped,2026-07-12T07:52:10.191647,
ad45d704c89b29fc,https://tj.linkedin.com/jobs/view/%D0%BF%D1%80%D0%BE%D0%B4%D0%B0%D0%B2%D0%B5%D1%86%D1%8C-%D0%BA%D0%BE%D0%BD%D1%81%D1%83%D0%BB%D1%8C%D1%82%D0%B0%D0%BD%D1%82-at-%D0%B1%D0%BB%D0%B8%D0%B7%D0%B5%D0%BD%D1%8C%D0%BA%D0%BE-4439700486,Продавець-консультант,Близенько,scraped,2026-07-12T07:52:14.146718,
07a68d505802a582,https://tj.linkedin.com/jobs/view/%D0%BF%D1%80%D0%BE%D0%B4%D0%B0%D0%B2%D0%B5%D1%86%D1%8C-%D0%BA%D0%BE%D0%BD%D1%81%D1%83%D0%BB%D1%8C%D1%82%D0%B0%D0%BD%D1%82-at-%D0%B1%D0%BB%D0%B8%D0%B7%D0%B5%D0%BD%D1%8C%D0%BA%D0%BE-4439589814,Продавець-консультант,Близенько,scraped,2026-07-12T07:52:20.066724,
f02bf03180c7685f,https://tj.linkedin.com/jobs/view/%D0%B0%D0%B4%D0%BC%D1%96%D0%BD%D1%96%D1%81%D1%82%D1%80%D0%B0%D1%82%D0%BE%D1%80-at-%D0%B1%D0%BB%D0%B8%D0%B7%D0%B5%D0%BD%D1%8C%D0%BA%D0%BE-4439596614,Адміністратор,Близенько,scraped,2026-07-12T07:52:30.009400,
7c42618a38c479fa,https://tj.linkedin.com/jobs/view/%D0%B0%D0%B4%D0%BC%D1%96%D0%BD%D1%96%D1%81%D1%82%D1%80%D0%B0%D1%82%D0%BE%D1%80-at-%D0%B1%D0%BB%D0%B8%D0%B7%D0%B5%D0%BD%D1%8C%D0%BA%D0%BE-4439598501,Адміністратор,Близенько,scraped,2026-07-12T07:52:34.657288,
efb0e03fbd418dd7,https://tj.linkedin.com/jobs/view/%D0%B0%D0%B4%D0%BC%D1%96%D0%BD%D1%96%D1%81%D1%82%D1%80%D0%B0%D1%82%D0%BE%D1%80-at-%D0%B1%D0%BB%D0%B8%D0%B7%D0%B5%D0%BD%D1%8C%D0%BA%D0%BE-4439701499,Адміністратор,Близенько,scraped,2026-07-12T07:52:38.716036,
76dd40f102f53a02,https://tj.linkedin.com/jobs/view/%D0%BF%D1%80%D0%BE%D0%B4%D0%B0%D0%B2%D0%B5%D1%86%D1%8C-%D0%BA%D0%BE%D0%BD%D1%81%D1%83%D0%BB%D1%8C%D1%82%D0%B0%D0%BD%D1%82-at-%D0%B1%D0%BB%D0%B8%D0%B7%D0%B5%D0%BD%D1%8C%D0%BA%D0%BE-4439586869,Продавець-консультант,Близенько,posted,2026-07-12T11:45:24.667247,61
d02eb796fe67582f,https://tj.linkedin.com/jobs/view/%D0%BF%D1%80%D0%B8%D0%B1%D0%B8%D1%80%D0%B0%D0%BB%D1%8C%D0%BD%D0%B8%D0%BA-%D1%81%D0%BB%D1%83%D0%B6%D0%B1%D0%BE%D0%B2%D0%B8%D1%85-%D0%BF%D1%80%D0%B8%D0%BC%D1%96%D1%89%D0%B5%D0%BD%D1%8C-at-%D0%B1%D0%BB%D0%B8%D0%B7%D0%B5%D0%BD%D1%8C%D0%BA%D0%BE-4439595595,Прибиральник службових приміщень,Близенько,failed|wp_post_failed,2026-07-12T11:45:32.740751,
dac577bf982e6262,https://tj.linkedin.com/jobs/view/%D0%BF%D1%80%D0%BE%D0%B4%D0%B0%D0%B2%D0%B5%D1%86%D1%8C-%D0%BA%D0%BE%D0%BD%D1%81%D1%83%D0%BB%D1%8C%D1%82%D0%B0%D0%BD%D1%82-at-%D0%B1%D0%BB%D0%B8%D0%B7%D0%B5%D0%BD%D1%8C%D0%BA%D0%BE-4439708144,Продавець-консультант,Близенько,scraped,2026-07-12T11:45:36.928901,
0ca1481d0471414d,https://tj.linkedin.com/jobs/view/%D0%BF%D1%80%D0%BE%D0%B4%D0%B0%D0%B2%D0%B5%D1%86%D1%8C-%D0%BA%D0%BE%D0%BD%D1%81%D1%83%D0%BB%D1%8C%D1%82%D0%B0%D0%BD%D1%82-at-%D0%B1%D0%BB%D0%B8%D0%B7%D0%B5%D0%BD%D1%8C%D0%BA%D0%BE-4439591763,Продавець-консультант,Близенько,scraped,2026-07-12T11:46:03.175304,
8ca205d564cde574,https://tj.linkedin.com/jobs/view/%D0%B0%D0%B4%D0%BC%D1%96%D0%BD%D1%96%D1%81%D1%82%D1%80%D0%B0%D1%82%D0%BE%D1%80-at-%D0%B1%D0%BB%D0%B8%D0%B7%D0%B5%D0%BD%D1%8C%D0%BA%D0%BE-4439705286,Адміністратор,Близенько,failed|wp_post_failed,2026-07-12T11:46:21.380732,
1475b6bb60618d40,https://tj.linkedin.com/jobs/view/%D0%B0%D0%B4%D0%BC%D1%96%D0%BD%D1%96%D1%81%D1%82%D1%80%D0%B0%D1%82%D0%BE%D1%80-at-%D0%B1%D0%BB%D0%B8%D0%B7%D0%B5%D0%BD%D1%8C%D0%BA%D0%BE-4439587876,Адміністратор,Близенько,scraped,2026-07-12T11:46:25.348750,
ce3f0e8b7c95ecdd,https://tj.linkedin.com/jobs/view/%D0%B0%D0%B4%D0%BC%D1%96%D0%BD%D1%96%D1%81%D1%82%D1%80%D0%B0%D1%82%D0%BE%D1%80-at-%D0%B1%D0%BB%D0%B8%D0%B7%D0%B5%D0%BD%D1%8C%D0%BA%D0%BE-4439586870,Адміністратор,Близенько,scraped,2026-07-12T11:46:29.480579,
746cd29140e1f20c,https://tj.linkedin.com/jobs/view/%D0%BF%D1%80%D0%B8%D0%B1%D0%B8%D1%80%D0%B0%D0%BB%D1%8C%D0%BD%D0%B8%D0%BA-%D1%81%D0%BB%D1%83%D0%B6%D0%B1%D0%BE%D0%B2%D0%B8%D1%85-%D0%BF%D1%80%D0%B8%D0%BC%D1%96%D1%89%D0%B5%D0%BD%D1%8C-at-%D0%B1%D0%BB%D0%B8%D0%B7%D0%B5%D0%BD%D1%8C%D0%BA%D0%BE-4439704435,Прибиральник службових приміщень,Близенько,failed|wp_post_failed,2026-07-12T15:39:48.076469,
bcf917e28a8bcc43,https://tj.linkedin.com/jobs/view/asd-nuit-ssr-valmy-h-f-at-clinique-mutualiste-b%C3%A9nigne-joly-4436688145,ASD NUIT SSR VALMY H/F,Clinique Mutualiste Bénigne Joly,posted,2026-07-12T15:40:19.136400,63
c7b402350b0aee11,https://tj.linkedin.com/jobs/view/programme-policy-officer-cooperating-partner-cp-management-noa-at-world-food-programme-4437780078,Programme Policy Officer - Cooperating Partner (CP) Management NOA,,scraped,2026-07-12T15:40:21.719767,
d99a60b32e15da30,https://tj.linkedin.com/jobs/view/persian-team-lead-at-sme-careers-4428863280,Persian Team Lead,SME Careers,posted,2026-07-12T15:40:50.901046,65
8ed7aa36bbfb0ed5,https://tj.linkedin.com/jobs/view/offre-de-stage-fle-af-de-khoudjand-tadjikistan-4433928571,OFFRE DE STAGE FLE : AF de KHOUDJAND (TADJIKISTAN),Alliance Française de Khoudjand,posted,2026-07-12T15:41:00.417353,67
0e857d7420806fb4,https://tj.linkedin.com/jobs/view/%D0%BF%D1%80%D0%BE%D0%B4%D0%B0%D0%B2%D0%B5%D1%86%D1%8C-%D0%BA%D0%BE%D0%BD%D1%81%D1%83%D0%BB%D1%8C%D1%82%D0%B0%D0%BD%D1%82-at-%D0%B1%D0%BB%D0%B8%D0%B7%D0%B5%D0%BD%D1%8C%D0%BA%D0%BE-4439593729,Продавець-консультант,Близенько,posted,2026-07-12T19:58:36.062978,69
101696cdafc0e822,https://tj.linkedin.com/jobs/view/%D0%BF%D1%80%D0%BE%D0%B4%D0%B0%D0%B2%D0%B5%D1%86%D1%8C-%D0%BA%D0%BE%D0%BD%D1%81%D1%83%D0%BB%D1%8C%D1%82%D0%B0%D0%BD%D1%82-at-%D0%B1%D0%BB%D0%B8%D0%B7%D0%B5%D0%BD%D1%8C%D0%BA%D0%BE-4439598504,Продавець-консультант,Близенько,scraped,2026-07-12T19:59:08.485243,
0636ea2ab238ad24,https://tj.linkedin.com/jobs/view/%D0%BF%D1%80%D0%BE%D0%B4%D0%B0%D0%B2%D0%B5%D1%86%D1%8C-%D0%BA%D0%BE%D0%BD%D1%81%D1%83%D0%BB%D1%8C%D1%82%D0%B0%D0%BD%D1%82-at-%D0%B1%D0%BB%D0%B8%D0%B7%D0%B5%D0%BD%D1%8C%D0%BA%D0%BE-4439587878,Продавець-консультант,Близенько,scraped,2026-07-12T19:59:12.527515,
3d5521b602570a47,https://tj.linkedin.com/jobs/view/russian-team-lead-at-sme-careers-4431603892,Russian Team Lead,SME Careers,posted,2026-07-13T11:43:41.594875,71
f52ece5a26f715d7,https://tj.linkedin.com/jobs/view/%D0%BF%D1%80%D0%BE%D0%B4%D0%B0%D0%B2%D0%B5%D1%86%D1%8C-%D0%BA%D0%BE%D0%BD%D1%81%D1%83%D0%BB%D1%8C%D1%82%D0%B0%D0%BD%D1%82-at-%D0%B1%D0%BB%D0%B8%D0%B7%D0%B5%D0%BD%D1%8C%D0%BA%D0%BE-4439599572,Продавець-консультант,Близенько,posted,2026-07-13T11:44:05.003460,73
603aa4e40aae3f58,https://tj.linkedin.com/jobs/view/%D0%BF%D1%80%D0%BE%D0%B4%D0%B0%D0%B2%D0%B5%D1%86%D1%8C-%D0%BA%D0%BE%D0%BD%D1%81%D1%83%D0%BB%D1%8C%D1%82%D0%B0%D0%BD%D1%82-at-%D0%B1%D0%BB%D0%B8%D0%B7%D0%B5%D0%BD%D1%8C%D0%BA%D0%BE-4439744798,Продавець-консультант,Близенько,scraped,2026-07-13T11:44:09.197344,
3637059708c0f46b,https://tj.linkedin.com/jobs/view/%D0%BF%D1%80%D0%BE%D0%B4%D0%B0%D0%B2%D0%B5%D1%86%D1%8C-%D0%BA%D0%BE%D0%BD%D1%81%D1%83%D0%BB%D1%8C%D1%82%D0%B0%D0%BD%D1%82-at-%D0%B1%D0%BB%D0%B8%D0%B7%D0%B5%D0%BD%D1%8C%D0%BA%D0%BE-4439786970,Продавець-консультант,Близенько,scraped,2026-07-13T11:44:19.482541,
eb6adf1b923e56c9,https://tj.linkedin.com/jobs/view/%D0%B0%D0%B4%D0%BC%D1%96%D0%BD%D1%96%D1%81%D1%82%D1%80%D0%B0%D1%82%D0%BE%D1%80-at-%D0%B1%D0%BB%D0%B8%D0%B7%D0%B5%D0%BD%D1%8C%D0%BA%D0%BE-4439587877,Адміністратор,Близенько,failed|wp_post_failed,2026-07-13T18:20:27.000677,
78a6027f0791e0bf,https://tj.linkedin.com/jobs/view/international-consultant-for-ai-readiness-assessment-and-roadmap-development-at-iom-un-migration-4440046258,International Consultant for AI Readiness Assessment and Roadmap Development,IOM - UN Migration,posted,2026-07-13T18:21:28.512934,75
a3c6722bee132eb8,https://tj.linkedin.com/jobs/view/sales-specialist-at-dushanbe-city-3975706281,Sales Specialist,,scraped,2026-07-13T18:21:32.962849,
ad8f4f9370e37fe1,https://tj.linkedin.com/jobs/view/%D0%BF%D0%B5%D0%BA%D0%B0%D1%80-at-%D0%B1%D0%BB%D0%B8%D0%B7%D0%B5%D0%BD%D1%8C%D0%BA%D0%BE-4440308064,Пекар,Близенько,failed|wp_post_failed,2026-07-13T23:20:06.023675,
7e11cb2966d9d2f1,https://tj.linkedin.com/jobs/view/conductor-a-autob%C3%BAs-at-sagal%C3%A9s-4439478269,Conductor/a autobús,,scraped,2026-07-13T23:20:18.360825,
fb59d317eefaf29c,https://tj.linkedin.com/jobs/view/%D0%BF%D1%80%D0%BE%D0%B4%D0%B0%D0%B2%D0%B5%D1%86%D1%8C-%D0%BA%D0%BE%D0%BD%D1%81%D1%83%D0%BB%D1%8C%D1%82%D0%B0%D0%BD%D1%82-at-%D0%B1%D0%BB%D0%B8%D0%B7%D0%B5%D0%BD%D1%8C%D0%BA%D0%BE-4440097477,Продавець-консультант,Близенько,failed|wp_post_failed,2026-07-13T23:20:47.865545,
c20be4c15e0b43a1,https://tj.linkedin.com/jobs/view/%D0%B0%D0%B4%D0%BC%D1%96%D0%BD%D1%96%D1%81%D1%82%D1%80%D0%B0%D1%82%D0%BE%D1%80-at-%D0%B1%D0%BB%D0%B8%D0%B7%D0%B5%D0%BD%D1%8C%D0%BA%D0%BE-4440306047,Адміністратор,Близенько,failed|wp_post_failed,2026-07-13T23:21:41.352043,
acaa77ba7de0da80,https://tj.linkedin.com/jobs/view/deputy-executive-director-at-amcham-tajikistan-4437638811,Deputy Executive Director,,scraped,2026-07-14T07:25:16.925091,
c3069958bfe4b447,https://tj.linkedin.com/jobs/view/%D0%BA%D0%B5%D1%80%D1%83%D1%8E%D1%87%D0%B8%D0%B9-%D0%BC%D0%B0%D0%B3%D0%B0%D0%B7%D0%B8%D0%BD%D1%83-at-%D0%B1%D0%BB%D0%B8%D0%B7%D0%B5%D0%BD%D1%8C%D0%BA%D0%BE-4440304040,Керуючий магазину,Близенько,failed|wp_post_failed,2026-07-14T07:25:41.613956,
e55b4330d23c18cd,https://tj.linkedin.com/jobs/view/%D0%BF%D1%80%D0%BE%D0%B4%D0%B0%D0%B2%D0%B5%D1%86%D1%8C-%D0%BA%D0%BE%D0%BD%D1%81%D1%83%D0%BB%D1%8C%D1%82%D0%B0%D0%BD%D1%82-at-%D0%B1%D0%BB%D0%B8%D0%B7%D0%B5%D0%BD%D1%8C%D0%BA%D0%BE-4440515270,Продавець-консультант,Близенько,failed|wp_post_failed,2026-07-14T07:25:50.168673,
6c11e6d0051362c7,https://tj.linkedin.com/jobs/view/%D1%80%D1%83%D0%BA%D0%BE%D0%B2%D0%BE%D0%B4%D0%B8%D1%82%D0%B5%D0%BB%D1%8C-%D0%BF%D1%80%D0%BE%D0%B5%D0%BA%D1%82%D0%BE%D0%B2-%D0%BF%D0%BE-%D0%B2%D0%BD%D0%B5%D0%B4%D1%80%D0%B5%D0%BD%D0%B8%D1%8E-1%D1%81-at-business-automatization-4436685236,Руководитель проектов по внедрению 1С,,scraped,2026-07-14T07:26:13.892547,
b49fbd932ded434e,https://tj.linkedin.com/jobs/view/investor-relations-specialist-at-alif-bank-4399721096,Investor Relations Specialist,,scraped,2026-07-14T12:23:16.722304,
58496e27c47a5b96,https://tj.linkedin.com/jobs/view/%D1%82%D0%B5%D1%85%D0%BD%D0%B8%D1%87%D0%B5%D1%81%D0%BA%D0%B8%D0%B9-%D0%BF%D0%B8%D1%81%D0%B0%D1%82%D0%B5%D0%BB%D1%8C-%D1%81-%D0%BD%D0%B0%D0%B2%D1%8B%D0%BA%D0%B0%D0%BC%D0%B8-%D0%B0%D0%BD%D0%B0%D0%BB%D0%B8%D1%82%D0%B8%D0%BA%D0%B0-%D1%82%D0%BE%D0%BC%D1%81%D0%BA-%D0%BE%D1%84%D0%B8%D1%81-fulltime-at-%D1%88%D0%BA%D0%BE%D0%BB%D0%B0-%D0%B0%D0%BD%D0%B0%D0%BB%D0%B8%D0%B7%D0%B0-%D0%B8-%D0%BF%D1%80%D0%BE%D0%B5%D0%BA%D1%82%D0%B8%D1%80%D0%BE%D0%B2%D0%B0%D0%BD%D0%B8%D1%8F-%D0%B8%D0%BD%D1%84%D0%BE%D1%80%D0%BC%D0%B0%D1%86%D0%B8%D0%BE%D0%BD%D0%BD%D1%8B%D1%85-%D1%81%D0%B8%D1%81%D1%82%D0%B5%D0%BC-4439121375,"Технический писатель с навыками аналитика. Томск, офис, fulltime",,scraped,2026-07-14T17:49:45.586816,
b435491da1e8b820,https://tj.linkedin.com/jobs/view/programme-policy-officer-gcf-inception-ssa9-at-world-food-programme-4440592332,Programme Policy Officer (GCF Inception) SSA9,,scraped,2026-07-14T17:49:57.581279,
fb567e0e375741d3,https://tj.linkedin.com/jobs/view/%D0%BF%D1%80%D0%B8%D0%B1%D0%B8%D1%80%D0%B0%D0%BB%D1%8C%D0%BD%D0%B8%D0%BA-%D1%81%D0%BB%D1%83%D0%B6%D0%B1%D0%BE%D0%B2%D0%B8%D1%85-%D0%BF%D1%80%D0%B8%D0%BC%D1%96%D1%89%D0%B5%D0%BD%D1%8C-at-%D0%B1%D0%BB%D0%B8%D0%B7%D0%B5%D0%BD%D1%8C%D0%BA%D0%BE-4440087822,Прибиральник службових приміщень,Близенько,failed|wp_post_failed,2026-07-14T17:50:16.798674,
13e62eebadbfad3a,https://tj.linkedin.com/jobs/view/programme-policy-officer-food-systems-nob-at-world-food-programme-4440599109,Programme Policy Officer (Food Systems) NOB,,scraped,2026-07-14T21:44:06.013886,
579b30509790df9f,https://tj.linkedin.com/jobs/view/communication-outreach-and-gender-analyst-at-un-volunteers-europe-and-central-asia-4439840030,"Communication, Outreach and Gender Analyst",,scraped,2026-07-14T21:44:48.004903,
e5d1c299219e65be,https://tj.linkedin.com/jobs/view/%D0%BF%D1%80%D0%BE%D0%B4%D0%B0%D0%B2%D0%B5%D1%86%D1%8C-%D0%BA%D0%BE%D0%BD%D1%81%D1%83%D0%BB%D1%8C%D1%82%D0%B0%D0%BD%D1%82-at-%D0%B1%D0%BB%D0%B8%D0%B7%D0%B5%D0%BD%D1%8C%D0%BA%D0%BE-4440920917,Продавець-консультант,Близенько,posted,2026-07-15T12:56:03.952222,77
bc957fa3497a49b0,https://tj.linkedin.com/jobs/view/%D0%BF%D1%80%D0%BE%D0%B4%D0%B0%D0%B2%D0%B5%D1%86%D1%8C-%D0%BA%D0%BE%D0%BD%D1%81%D1%83%D0%BB%D1%8C%D1%82%D0%B0%D0%BD%D1%82-at-%D0%B1%D0%BB%D0%B8%D0%B7%D0%B5%D0%BD%D1%8C%D0%BA%D0%BE-4440933534,Продавець-консультант,Близенько,scraped,2026-07-15T12:56:08.148842,
81de604ded9b4da0,https://tj.linkedin.com/jobs/view/%D0%BF%D1%80%D0%BE%D0%B4%D0%B0%D0%B2%D0%B5%D1%86%D1%8C-%D0%BA%D0%BE%D0%BD%D1%81%D1%83%D0%BB%D1%8C%D1%82%D0%B0%D0%BD%D1%82-at-%D0%B1%D0%BB%D0%B8%D0%B7%D0%B5%D0%BD%D1%8C%D0%BA%D0%BE-4440939086,Продавець-консультант,Близенько,scraped,2026-07-15T12:56:12.325944,
442eb17552aeeac8,https://tj.linkedin.com/jobs/view/%D0%BC%D0%B5%D0%BD%D0%B5%D0%B4%D0%B6%D0%B5%D1%80-%D0%BF%D0%BE-%D0%BC%D0%BE%D0%BD%D0%B8%D1%82%D0%BE%D1%80%D0%B8%D0%BD%D0%B3%D1%83-%D0%B8-%D1%81%D0%BE%D0%B2%D0%B5%D1%80%D1%88%D0%B5%D0%BD%D1%81%D1%82%D0%B2%D0%BE%D0%B2%D0%B0%D0%BD%D0%B8%D1%8E-%D0%BF%D1%80%D0%BE%D1%86%D0%B5%D1%81%D1%81%D0%BE%D0%B2-at-ojsc-bank-eskhata-%E2%80%8B-4438078406,Менеджер по мониторингу и совершенствованию процессов,,scraped,2026-07-15T12:56:47.554619,
88ef6a2bdba6a636,https://tj.linkedin.com/jobs/view/%D0%B0%D0%B4%D0%BC%D1%96%D0%BD%D1%96%D1%81%D1%82%D1%80%D0%B0%D1%82%D0%BE%D1%80-at-%D0%B1%D0%BB%D0%B8%D0%B7%D0%B5%D0%BD%D1%8C%D0%BA%D0%BE-4440936077,Адміністратор,Близенько,failed|wp_post_failed,2026-07-15T18:00:24.745641,
453bc8a321bf12db,https://tj.linkedin.com/jobs/view/monitoring-assistant-sc4-gharm-bokhtar-at-world-food-programme-4441225215,Monitoring Assistant SC4 (Gharm & Bokhtar),,scraped,2026-07-15T18:01:30.985882,
9635941dac341492,https://tj.linkedin.com/jobs/view/education-program-manager-at-efekta-education-4440265582,Education Program Manager,,scraped,2026-07-15T21:33:18.715509,
3b8d18ffe7176542,https://tj.linkedin.com/jobs/view/%D0%BF%D1%80%D0%BE%D0%B4%D0%B0%D0%B2%D0%B5%D1%86%D1%8C-%D0%BA%D0%BE%D0%BD%D1%81%D1%83%D0%BB%D1%8C%D1%82%D0%B0%D0%BD%D1%82-at-%D0%B1%D0%BB%D0%B8%D0%B7%D0%B5%D0%BD%D1%8C%D0%BA%D0%BE-4439701504,Продавець-консультант,Близенько,posted,2026-07-15T21:33:50.412600,79
44dd0b13dcbf9abe,https://tj.linkedin.com/jobs/view/%D0%BF%D1%80%D0%BE%D0%B4%D0%B0%D0%B2%D0%B5%D1%86%D1%8C-%D0%BA%D0%BE%D0%BD%D1%81%D1%83%D0%BB%D1%8C%D1%82%D0%B0%D0%BD%D1%82-at-%D0%B1%D0%BB%D0%B8%D0%B7%D0%B5%D0%BD%D1%8C%D0%BA%D0%BE-4439587875,Продавець-консультант,Близенько,scraped,2026-07-15T21:33:56.518270,
f9ee80fdd9ffdc79,https://tj.linkedin.com/jobs/view/national-consultant-to-support-moes-with-tajik-language-tlm-development-component-2-isdb-gpe-ofid-education-reform-project-phase-ii-%E2%80%94-year-2-tajikistan-dushanbe-education-section-remote-at-unicef-4440584796,"National Consultant to support MoES with Tajik Language TLM development (Component 2, IsDB/GPE/OFID Education Reform Project, Phase II — Year 2), Tajikistan, Dushanbe, Education Section, Remote",UNICEF,posted,2026-07-16T06:37:58.172435,81
a8c48f49bf314568,https://tj.linkedin.com/jobs/view/conductor-a-autob%C3%BAs-at-sagal%C3%A9s-4440761711,Conductor/a autobús,,scraped,2026-07-16T17:57:03.180407,
8569dcede0a9879e,https://tj.linkedin.com/jobs/view/partnerships-associate-sc6-at-world-food-programme-4441464211,Partnerships Associate SC6,,scraped,2026-07-16T17:57:47.471560,
330c741e8fe035ee,https://tj.linkedin.com/jobs/view/senior-architect-building-construction-project-at-confidential-4441467067,Senior Architect - Building Construction Project,Confidential,posted,2026-07-16T17:58:03.445804,83
7cdaf526bb6cbd23,https://tj.linkedin.com/jobs/view/senior-product-manager-remote-contract-at-infuse-4441620308,"Senior Product Manager (Remote, Contract)",INFUSE,posted,2026-07-16T21:46:27.028426,85
10ed1bde12a59e12,https://tj.linkedin.com/jobs/view/senior-project-manager-remote-contract-at-infuse-4441636436,"Senior Project Manager (Remote, Contract)",INFUSE,posted,2026-07-16T21:46:35.862478,87
3f87cb6748d2f9bf,https://tj.linkedin.com/jobs/view/national-consultant-for-school-of-tlm-authors-phase-ii-%E2%80%93-isdb-gpe-ofid-project-education-section-11-months-dushanbe-tajikistan-home-based-at-unicef-4441214483,"National Consultant for School of TLM Authors, Phase II – IsDB/GPE/OFID Project ,Education Section, 11 months, Dushanbe, Tajikistan, Home based",UNICEF,posted,2026-07-16T21:46:51.043033,89
b684dba86ed17a8f,https://tj.linkedin.com/jobs/view/senior-project-engineer-project-engineer-construction-development-at-confidential-4441450839,Senior Project Engineer & Project Engineer - Construction  & Development,Confidential,posted,2026-07-16T21:47:05.760244,91
903e802bb35907ab,https://tj.linkedin.com/jobs/view/%D0%BF%D1%80%D0%BE%D1%80%D0%B0%D0%B1-%D0%BD%D0%B0-%D1%81%D1%82%D1%80%D0%BE%D0%B8%D1%82%D0%B5%D0%BB%D1%8C%D0%BD%D1%83%D1%8E-%D0%BF%D0%BB%D0%BE%D1%89%D0%B0%D0%B4%D0%BA%D1%83-at-arhzavod-4441934632,Прораб на строительную площадку,,scraped,2026-07-17T06:29:29.817525,
11e456ecd85c2b5b,https://tj.linkedin.com/jobs/view/medical-associate-at-iom-un-migration-4441942835,Medical Associate,IOM - UN Migration,posted,2026-07-17T12:04:14.728272,93
60a90c19cc66ece6,https://tj.linkedin.com/jobs/view/it-asset-manager-software-it-services-manager-at-freedom24-4442154557,IT Asset Manager / Software & IT Services Manager,,scraped,2026-07-17T20:40:37.640480,
acaff9a2565c7689,https://tj.linkedin.com/jobs/view/digital-marketing-specialist-4437688005,Digital Marketing Specialist,Technology Media Marketing Services,posted,2026-07-18T06:01:07.386627,95
b72564c61d3865e8,https://tj.linkedin.com/jobs/view/%D0%BF%D0%B5%D0%BA%D0%B0%D1%80-at-%D0%B1%D0%BB%D0%B8%D0%B7%D0%B5%D0%BD%D1%8C%D0%BA%D0%BE-4442430915,Пекар,Близенько,failed|wp_post_failed,2026-07-18T10:47:25.228616,
2a5a7c30a55b1b09,https://tj.linkedin.com/jobs/view/%D0%B0%D0%B4%D0%BC%D1%96%D0%BD%D1%96%D1%81%D1%82%D1%80%D0%B0%D1%82%D0%BE%D1%80-at-%D0%B1%D0%BB%D0%B8%D0%B7%D0%B5%D0%BD%D1%8C%D0%BA%D0%BE-4442442238,Адміністратор,Близенько,failed|wp_post_failed,2026-07-18T10:47:29.187769,
d35c114c5e72cf7f,https://tj.linkedin.com/jobs/view/%D0%BA%D0%B5%D1%80%D1%83%D1%8E%D1%87%D0%B8%D0%B9-%D0%BC%D0%B0%D0%B3%D0%B0%D0%B7%D0%B8%D0%BD%D1%83-at-%D0%B1%D0%BB%D0%B8%D0%B7%D0%B5%D0%BD%D1%8C%D0%BA%D0%BE-4442446178,Керуючий магазину,Близенько,failed|wp_post_failed,2026-07-18T10:47:47.223475,
af53ddccf8602646,https://tj.linkedin.com/jobs/view/%D0%BA%D0%B5%D1%80%D1%83%D1%8E%D1%87%D0%B8%D0%B9-%D0%BC%D0%B0%D0%B3%D0%B0%D0%B7%D0%B8%D0%BD%D1%83-at-%D0%B1%D0%BB%D0%B8%D0%B7%D0%B5%D0%BD%D1%8C%D0%BA%D0%BE-4442435646,Керуючий магазину,Близенько,scraped,2026-07-18T10:47:51.251770,
f566d4aac3896f77,https://tj.linkedin.com/jobs/view/%D0%BF%D1%80%D0%B8%D0%B1%D0%B8%D1%80%D0%B0%D0%BB%D1%8C%D0%BD%D0%B8%D0%BA-%D1%81%D0%BB%D1%83%D0%B6%D0%B1%D0%BE%D0%B2%D0%B8%D1%85-%D0%BF%D1%80%D0%B8%D0%BC%D1%96%D1%89%D0%B5%D0%BD%D1%8C-at-%D0%B1%D0%BB%D0%B8%D0%B7%D0%B5%D0%BD%D1%8C%D0%BA%D0%BE-4442428920,Прибиральник службових приміщень,Близенько,failed|wp_post_failed,2026-07-18T10:47:55.165227,
7f09ca5686baf22a,https://tj.linkedin.com/jobs/view/%D0%BF%D1%80%D0%B8%D0%B1%D0%B8%D1%80%D0%B0%D0%BB%D1%8C%D0%BD%D0%B8%D0%BA-%D1%81%D0%BB%D1%83%D0%B6%D0%B1%D0%BE%D0%B2%D0%B8%D1%85-%D0%BF%D1%80%D0%B8%D0%BC%D1%96%D1%89%D0%B5%D0%BD%D1%8C-at-%D0%B1%D0%BB%D0%B8%D0%B7%D0%B5%D0%BD%D1%8C%D0%BA%D0%BE-4442434682,Прибиральник службових приміщень,Близенько,scraped,2026-07-18T10:47:59.094052,
b844f433f87e85ad,https://tj.linkedin.com/jobs/view/%D0%BF%D1%80%D0%B8%D0%B1%D0%B8%D1%80%D0%B0%D0%BB%D1%8C%D0%BD%D0%B8%D0%BA-%D1%81%D0%BB%D1%83%D0%B6%D0%B1%D0%BE%D0%B2%D0%B8%D1%85-%D0%BF%D1%80%D0%B8%D0%BC%D1%96%D1%89%D0%B5%D0%BD%D1%8C-at-%D0%B1%D0%BB%D0%B8%D0%B7%D0%B5%D0%BD%D1%8C%D0%BA%D0%BE-4442438459,Прибиральник службових приміщень,Близенько,scraped,2026-07-18T10:48:03.184426,
ef57d309fbc0bb05,https://tj.linkedin.com/jobs/view/%D0%BF%D1%80%D0%B8%D0%B1%D0%B8%D1%80%D0%B0%D0%BB%D1%8C%D0%BD%D0%B8%D0%BA-%D1%81%D0%BB%D1%83%D0%B6%D0%B1%D0%BE%D0%B2%D0%B8%D1%85-%D0%BF%D1%80%D0%B8%D0%BC%D1%96%D1%89%D0%B5%D0%BD%D1%8C-at-%D0%B1%D0%BB%D0%B8%D0%B7%D0%B5%D0%BD%D1%8C%D0%BA%D0%BE-4442446185,Прибиральник службових приміщень,Близенько,scraped,2026-07-18T10:48:07.241269,
337126b67de906dc,https://tj.linkedin.com/jobs/view/%D0%B0%D0%B4%D0%BC%D1%96%D0%BD%D1%96%D1%81%D1%82%D1%80%D0%B0%D1%82%D0%BE%D1%80-at-%D0%B1%D0%BB%D0%B8%D0%B7%D0%B5%D0%BD%D1%8C%D0%BA%D0%BE-4442435656,Адміністратор,Близенько,scraped,2026-07-18T10:48:11.328500,
8c88df88b10d2da7,https://tj.linkedin.com/jobs/view/%D0%B0%D0%B4%D0%BC%D1%96%D0%BD%D1%96%D1%81%D1%82%D1%80%D0%B0%D1%82%D0%BE%D1%80-at-%D0%B1%D0%BB%D0%B8%D0%B7%D0%B5%D0%BD%D1%8C%D0%BA%D0%BE-4442434680,Адміністратор,Близенько,scraped,2026-07-18T10:48:15.259292,
992d229928ce2f4e,https://tj.linkedin.com/jobs/view/%D0%B0%D0%B4%D0%BC%D1%96%D0%BD%D1%96%D1%81%D1%82%D1%80%D0%B0%D1%82%D0%BE%D1%80-at-%D0%B1%D0%BB%D0%B8%D0%B7%D0%B5%D0%BD%D1%8C%D0%BA%D0%BE-4442448146,Адміністратор,Близенько,scraped,2026-07-18T10:48:19.742500,
ec5b40756652b707,https://tj.linkedin.com/jobs/view/funded-traineeship-for-young-graduates-at-the-eu-delegation-to-tajikistan-at-eubam-libya-4442455896,Funded traineeship for young graduates at the EU Delegation to Tajikistan,,scraped,2026-07-18T15:32:56.995355,
58f00efa90132437,https://tj.linkedin.com/jobs/view/network-engineer-office-infrastructure-at-freedom24-4442155380,Network Engineer (Office Infrastructure),,scraped,2026-07-18T15:33:05.998071,
e9b8551f229bfaea,https://tj.linkedin.com/jobs/view/%D0%BF%D1%80%D0%BE%D0%B4%D0%B0%D0%B2%D0%B5%D1%86%D1%8C-%D0%BA%D0%BE%D0%BD%D1%81%D1%83%D0%BB%D1%8C%D1%82%D0%B0%D0%BD%D1%82-at-%D0%B1%D0%BB%D0%B8%D0%B7%D0%B5%D0%BD%D1%8C%D0%BA%D0%BE-4442441265,Продавець-консультант,Близенько,posted,2026-07-18T15:33:23.727371,97
73b2322c132f9e4b,https://tj.linkedin.com/jobs/view/%D0%BF%D1%80%D0%BE%D0%B4%D0%B0%D0%B2%D0%B5%D1%86%D1%8C-%D0%BA%D0%BE%D0%BD%D1%81%D1%83%D0%BB%D1%8C%D1%82%D0%B0%D0%BD%D1%82-at-%D0%B1%D0%BB%D0%B8%D0%B7%D0%B5%D0%BD%D1%8C%D0%BA%D0%BE-4442430910,Продавець-консультант,Близенько,scraped,2026-07-18T15:33:27.638022,
fbb3d1d4a4dfa487,https://tj.linkedin.com/jobs/view/%D0%BF%D1%80%D0%BE%D0%B4%D0%B0%D0%B2%D0%B5%D1%86%D1%8C-%D0%BA%D0%BE%D0%BD%D1%81%D1%83%D0%BB%D1%8C%D1%82%D0%B0%D0%BD%D1%82-at-%D0%B1%D0%BB%D0%B8%D0%B7%D0%B5%D0%BD%D1%8C%D0%BA%D0%BE-4442434679,Продавець-консультант,Близенько,scraped,2026-07-18T15:33:31.707023,
b3f0bbe494a65754,https://tj.linkedin.com/jobs/view/%D0%BF%D1%80%D0%B8%D0%B1%D0%B8%D1%80%D0%B0%D0%BB%D1%8C%D0%BD%D0%B8%D0%BA-%D1%81%D0%BB%D1%83%D0%B6%D0%B1%D0%BE%D0%B2%D0%B8%D1%85-%D0%BF%D1%80%D0%B8%D0%BC%D1%96%D1%89%D0%B5%D0%BD%D1%8C-at-%D0%B1%D0%BB%D0%B8%D0%B7%D0%B5%D0%BD%D1%8C%D0%BA%D0%BE-4442438460,Прибиральник службових приміщень,Близенько,failed|wp_post_failed,2026-07-18T22:34:20.827862,
f848156fccaaf20d,https://tj.linkedin.com/jobs/view/%D0%B0%D0%B4%D0%BC%D1%96%D0%BD%D1%96%D1%81%D1%82%D1%80%D0%B0%D1%82%D0%BE%D1%80-at-%D0%B1%D0%BB%D0%B8%D0%B7%D0%B5%D0%BD%D1%8C%D0%BA%D0%BE-4442433775,Адміністратор,Близенько,failed|wp_post_failed,2026-07-18T22:34:33.557916,
1b485bb1fbc7ca32,https://tj.linkedin.com/jobs/view/%D0%B0%D0%B4%D0%BC%D1%96%D0%BD%D1%96%D1%81%D1%82%D1%80%D0%B0%D1%82%D0%BE%D1%80-at-%D0%B1%D0%BB%D0%B8%D0%B7%D0%B5%D0%BD%D1%8C%D0%BA%D0%BE-4442436523,Адміністратор,Близенько,scraped,2026-07-18T22:34:37.523134,
3d238df93a1ebc2e,https://tj.linkedin.com/jobs/view/%D0%BF%D1%80%D0%B8%D0%B1%D0%B8%D1%80%D0%B0%D0%BB%D1%8C%D0%BD%D0%B8%D0%BA-%D1%81%D0%BB%D1%83%D0%B6%D0%B1%D0%BE%D0%B2%D0%B8%D1%85-%D0%BF%D1%80%D0%B8%D0%BC%D1%96%D1%89%D0%B5%D0%BD%D1%8C-at-%D0%B1%D0%BB%D0%B8%D0%B7%D0%B5%D0%BD%D1%8C%D0%BA%D0%BE-4442448158,Прибиральник службових приміщень,Близенько,scraped,2026-07-18T22:34:41.510351,
a4734815aaadf13c,https://tj.linkedin.com/jobs/view/%D0%BA%D0%B5%D1%80%D1%83%D1%8E%D1%87%D0%B8%D0%B9-%D0%BC%D0%B0%D0%B3%D0%B0%D0%B7%D0%B8%D0%BD%D1%83-at-%D0%B1%D0%BB%D0%B8%D0%B7%D0%B5%D0%BD%D1%8C%D0%BA%D0%BE-4442432814,Керуючий магазину,Близенько,failed|wp_post_failed,2026-07-18T22:34:45.515189,
33de63612b1229d5,https://tj.linkedin.com/jobs/view/%D0%BC%D0%B5%D0%BD%D0%B5%D0%B4%D0%B6%D0%B5%D1%80%D1%8B-%D0%BF%D0%BE-%D1%80%D0%B0%D0%B1%D0%BE%D1%82%D0%B5-%D1%81-%D0%BA%D0%BB%D0%B8%D0%B5%D0%BD%D1%82%D0%B0%D0%BC%D0%B8-%D0%B2-%D0%B3%D0%BE%D1%80%D0%BE%D0%B4%D0%B0%D1%85-%D1%80%D0%BE%D1%81%D1%81%D0%B8%D0%B8-%D0%B8-%D1%81%D0%BD%D0%B3-at-%D1%80%D0%B5%D0%BA%D0%BB%D0%B0%D0%BC%D0%BD%D1%8B%D0%B5-%D0%B2%D0%BA%D1%83%D1%81%D0%BD%D0%BE%D1%81%D1%82%D0%B8-%D1%80%D1%84-4439662320,Менеджеры по работе с клиентами в городах России и СНГ,,scraped,2026-07-19T07:52:26.316851,
d3b2e293f476efcc,https://tj.linkedin.com/jobs/view/migration-health-nurse-at-iom-un-migration-4441952301,Migration Health Nurse,IOM - UN Migration,posted,2026-07-19T07:52:50.354595,99
7b1efb07f8b84773,https://tj.linkedin.com/jobs/view/%D0%BF%D1%80%D0%BE%D0%B4%D0%B0%D0%B2%D0%B5%D1%86%D1%8C-%D0%BA%D0%BE%D0%BD%D1%81%D1%83%D0%BB%D1%8C%D1%82%D0%B0%D0%BD%D1%82-at-%D0%B1%D0%BB%D0%B8%D0%B7%D0%B5%D0%BD%D1%8C%D0%BA%D0%BE-4442443252,Продавець-консультант,Близенько,posted,2026-07-19T11:40:31.208587,101
2a66dafbdbf74a95,https://tj.linkedin.com/jobs/view/%D0%BA%D0%B0%D1%81%D0%B8%D1%80-at-%D1%81%D0%B5%D1%80%D0%B2%D0%B8%D1%81-%D0%BE%D0%B1%D0%BC%D0%B5%D0%BD%D0%B0-%D0%B2%D0%B0%D0%BB%D1%8E%D1%82-garant-4442541001,Касир,,scraped,2026-07-19T15:37:42.140033,
a1a48ed24155cf28,https://tj.linkedin.com/jobs/view/%D1%82%D0%B5%D1%85%D0%BD%D1%96%D1%87%D0%BD%D0%B8%D0%B9-%D0%BF%D0%B8%D1%81%D1%8C%D0%BC%D0%B5%D0%BD%D0%BD%D0%B8%D0%BA-at-%D1%81%D0%B5%D1%80%D0%B2%D0%B8%D1%81-%D0%BE%D0%B1%D0%BC%D0%B5%D0%BD%D0%B0-%D0%B2%D0%B0%D0%BB%D1%8E%D1%82-garant-4442521867,Технічний письменник,,scraped,2026-07-19T15:37:48.399522,
cd4d481c5f075955,https://tj.linkedin.com/jobs/view/%D0%B1%D1%83%D1%85%D0%B3%D0%B0%D0%BB%D1%82%D0%B5%D1%80-at-%D1%81%D0%B5%D1%80%D0%B2%D0%B8%D1%81-%D0%BE%D0%B1%D0%BC%D0%B5%D0%BD%D0%B0-%D0%B2%D0%B0%D0%BB%D1%8E%D1%82-garant-4442526571,Бухгалтер,,scraped,2026-07-19T15:38:05.120464,
041fb98b1cabbfd7,https://tj.linkedin.com/jobs/view/russian-tajik-linguist-cat-ii-at-valiant-integrated-services-4275012367,Russian/Tajik Linguist CAT II,Valiant Integrated Services,posted,2026-07-19T22:38:15.703073,103
3f685a652b982a57,https://tj.linkedin.com/jobs/view/data-engineer-%E2%80%93-mva-inference-audience-development-remote-global-at-reliance-automated-verified-leads-llc-4442742247,"Data Engineer – MVA Inference & Audience Development (Remote, Global)","Reliance Automated Verified Leads, LLC",posted,2026-07-20T17:08:49.618309,105
2bf9f45e6df18d41,https://tj.linkedin.com/jobs/view/%D0%BF%D1%80%D0%BE%D0%B4%D0%B0%D0%B2%D0%B5%D1%86%D1%8C-%D0%BA%D0%BE%D0%BD%D1%81%D1%83%D0%BB%D1%8C%D1%82%D0%B0%D0%BD%D1%82-at-%D0%B1%D0%BB%D0%B8%D0%B7%D0%B5%D0%BD%D1%8C%D0%BA%D0%BE-4442440274,Продавець-консультант,Близенько,posted,2026-07-20T21:51:09.597570,107
9422b14b3d4e9f6d,https://tj.linkedin.com/jobs/view/senior-programme-associate-migration-health-at-iom-un-migration-4442727252,Senior Programme Associate (Migration & Health),IOM - UN Migration,posted,2026-07-20T21:51:46.410678,109
56057d81a50458f3,https://tj.linkedin.com/jobs/view/dashboard-developer-at-pls-4442740212,Dashboard Developer,PLS,posted,2026-07-20T21:51:54.205986,111
1fd1a372d31df683,https://tj.linkedin.com/jobs/view/senior-programme-associate-migration-environment-and-climate-change-at-iom-un-migration-4442729213,"Senior Programme Associate (Migration, Environment and Climate Change)",IOM - UN Migration,posted,2026-07-20T21:52:07.206655,113
2a65f99fe9fb55d7,https://tj.linkedin.com/jobs/view/ios-%D1%80%D0%B0%D0%B7%D1%80%D0%B0%D0%B1%D0%BE%D1%82%D1%87%D0%B8%D0%BA-at-icb-tajikistan-4355218152,iOS-разработчик,,scraped,2026-07-20T21:52:13.824873,
8313837eb1606c1b,https://tj.linkedin.com/jobs/view/senior-programme-associate-labour-migration-employment-at-iom-un-migration-4442713923,Senior Programme Associate (Labour Migration & Employment),IOM - UN Migration,posted,2026-07-20T21:52:32.981935,115
3461a59d86903ea8,https://tj.linkedin.com/jobs/view/project-associate-at-iom-un-migration-4442715833,Project Associate,IOM - UN Migration,posted,2026-07-21T07:48:18.776454,117
9778c6e77e4766b8,https://tj.linkedin.com/jobs/view/jr-counsellor-at-seed-global-education-4442743128,Jr. Counsellor,,scraped,2026-07-21T07:48:21.338723,
7a39df34944e541e,https://tj.linkedin.com/jobs/view/%D0%BF%D1%80%D0%BE%D0%B4%D0%B0%D0%B2%D0%B5%D1%86%D1%8C-%D0%BA%D0%BE%D0%BD%D1%81%D1%83%D0%BB%D1%8C%D1%82%D0%B0%D0%BD%D1%82-at-%D0%B1%D0%BB%D0%B8%D0%B7%D0%B5%D0%BD%D1%8C%D0%BA%D0%BE-4442440265,Продавець-консультант,Близенько,posted,2026-07-21T07:48:42.441996,119
5905411951181d9a,https://tj.linkedin.com/jobs/view/%D0%BA%D0%B5%D1%80%D1%83%D1%8E%D1%87%D0%B8%D0%B9-%D0%BC%D0%B0%D0%B3%D0%B0%D0%B7%D0%B8%D0%BD%D1%83-at-%D0%B1%D0%BB%D0%B8%D0%B7%D0%B5%D0%BD%D1%8C%D0%BA%D0%BE-4442436522,Керуючий магазину,Близенько,failed|wp_post_failed,2026-07-21T07:48:54.635572,
fcc7fac280e99783,https://tj.linkedin.com/jobs/view/%D1%80%D1%83%D0%BA%D0%BE%D0%B2%D0%BE%D0%B4%D0%B8%D1%82%D0%B5%D0%BB%D1%8C-%D0%BE%D1%82%D0%B4%D0%B5%D0%BB%D0%B0-%D0%BF%D0%BE-%D1%80%D0%B0%D0%B1%D0%BE%D1%82%D0%B5-%D1%81-%D0%B8%D0%BD%D0%BE%D1%81%D1%82%D1%80%D0%B0%D0%BD%D0%BD%D1%8B%D0%BC%D0%B8-%D1%81%D1%82%D1%83%D0%B4%D0%B5%D0%BD%D1%82%D0%B0%D0%BC%D0%B8-at-moscow-institute-of-technology-4442550099,Руководитель отдела по работе с иностранными студентами,Московский технологический институт,failed|wp_post_failed,2026-07-21T07:48:59.890386,
62dff674fe015946,https://tj.linkedin.com/jobs/view/%D1%81%D0%BF%D0%B5%D1%86%D0%B8%D0%B0%D0%BB%D0%B8%D1%81%D1%82-%D0%BF%D0%BE-%D1%80%D0%B0%D0%B1%D0%BE%D1%82%D0%B5-%D1%81-%D0%BF%D0%B0%D1%80%D1%82%D0%BD%D1%91%D1%80%D0%B0%D0%BC%D0%B8-%D0%B1%D0%B5%D0%B7-%D0%BF%D1%80%D0%BE%D0%B4%D0%B0%D0%B6-at-moscow-institute-of-technology-4442546339,Специалист по работе с партнёрами (без продаж),Московский технологический институт,posted,2026-07-21T07:49:12.414985,121
5a075270c1cdb47e,https://tj.linkedin.com/jobs/view/php-developer-at-btab-group-4442726739,PHP Developer,,scraped,2026-07-21T07:49:25.552450,
0a94b5d775f6fa6f,https://tj.linkedin.com/jobs/view/chief-medical-officer-at-avicenna-memorial-health-4442728678,Chief Medical Officer,,scraped,2026-07-21T07:50:01.794302,
6b79f8184dfe7a9c,https://tj.linkedin.com/jobs/view/senior-consultant-technology-at-meksys-4442742235,Senior Consultant Technology,Meksys,posted,2026-07-21T13:05:28.760813,123
e52dbb9955446696,https://tj.linkedin.com/jobs/view/hr-manager-at-attolabs-4443334187,HR MANAGER,,scraped,2026-07-21T13:05:49.170639,
9c02a695a5e19df9,https://tj.linkedin.com/jobs/view/%D0%BC%D0%B5%D0%BD%D0%B5%D0%B4%D0%B6%D0%B5%D1%80-%D0%BE%D1%82%D0%B4%D0%B5%D0%BB%D0%B0-%D0%B7%D0%B0%D0%BA%D1%83%D0%BF%D0%BE%D0%BA-%D0%BF%D0%BE-%D1%80%D0%B0%D0%B1%D0%BE%D1%82%D0%B5-%D1%81-%D0%B8%D0%BD%D0%BE%D1%81%D1%82%D1%80%D0%B0%D0%BD%D0%BD%D1%8B%D0%BC%D0%B8-%D0%BF%D0%B0%D1%80%D1%82%D0%BD%D0%B5%D1%80%D0%B0%D0%BC%D0%B8-%D0%B2%D1%8D%D0%B4-at-container-deshevo-4443524208,Менеджер отдела закупок по работе с иностранными партнерами ( ВЭД ),Container-Deshevo,posted,2026-07-21T18:52:13.747985,125
178a643e95f5858b,https://tj.linkedin.com/jobs/view/%D0%BF%D1%80%D0%BE%D0%B4%D0%B0%D0%B2%D0%B5%D1%86%D1%8C-%D0%BA%D0%BE%D0%BD%D1%81%D1%83%D0%BB%D1%8C%D1%82%D0%B0%D0%BD%D1%82-at-%D0%B1%D0%BB%D0%B8%D0%B7%D0%B5%D0%BD%D1%8C%D0%BA%D0%BE-4443553856,Продавець-консультант,Близенько,posted,2026-07-21T23:18:50.932934,127
45fcca96f64c72f8,https://tj.linkedin.com/jobs/view/%D0%BF%D1%80%D0%BE%D0%B4%D0%B0%D0%B2%D0%B5%D1%86%D1%8C-%D0%BA%D0%BE%D0%BD%D1%81%D1%83%D0%BB%D1%8C%D1%82%D0%B0%D0%BD%D1%82-at-%D0%B1%D0%BB%D0%B8%D0%B7%D0%B5%D0%BD%D1%8C%D0%BA%D0%BE-4443563327,Продавець-консультант,Близенько,scraped,2026-07-21T23:19:00.997179,
91606bf6c0771f49,https://tj.linkedin.com/jobs/view/%D0%BF%D1%80%D0%BE%D0%B4%D0%B0%D0%B2%D0%B5%D1%86%D1%8C-%D0%BA%D0%BE%D0%BD%D1%81%D1%83%D0%BB%D1%8C%D1%82%D0%B0%D0%BD%D1%82-at-%D0%B1%D0%BB%D0%B8%D0%B7%D0%B5%D0%BD%D1%8C%D0%BA%D0%BE-4443555816,Продавець-консультант,Близенько,scraped,2026-07-21T23:19:05.057858,
12362516b3402139,https://tj.linkedin.com/jobs/view/%D0%BA%D0%BB%D0%B0%D0%B4%D0%BE%D0%B2%D1%89%D0%B8%D0%BA-at-astros-logistics-4443585128,Кладовщик,,scraped,2026-07-21T23:19:11.918500,
9b9d12421c66706e,https://tj.linkedin.com/jobs/view/national-programme-officer-at-iom-un-migration-4442721640,National Programme Officer,IOM - UN Migration,posted,2026-07-21T23:19:50.827668,129
bbd3db8754a2c3a5,https://tj.linkedin.com/jobs/view/senior-programme-associate-economic-empowerment-at-iom-un-migration-4442730197,Senior Programme Associate (Economic Empowerment),IOM - UN Migration,posted,2026-07-21T23:20:08.601441,131
8ddcd06af5093964,https://tj.linkedin.com/jobs/view/%D0%BC%D0%B5%D0%BD%D0%B5%D0%B4%D0%B6%D0%B5%D1%80-%D0%BF%D0%BE-%D0%BF%D1%80%D0%BE%D0%B4%D0%B0%D0%B6%D0%B0%D0%BC-%D1%81%D1%8A%D0%B5%D0%B4%D0%BE%D0%B1%D0%BD%D1%8B%D1%85-%D1%81%D1%83%D0%B2%D0%B5%D0%BD%D0%B8%D1%80%D0%BE%D0%B2-b2b-at-%D1%80%D0%B5%D0%BA%D0%BB%D0%B0%D0%BC%D0%BD%D1%8B%D0%B5-%D0%B2%D0%BA%D1%83%D1%81%D0%BD%D0%BE%D1%81%D1%82%D0%B8-%D1%80%D1%84-4439660467,Менеджер по продажам съедобных сувениров (B2B),,scraped,2026-07-21T23:20:11.349732,
81fcbc62a43fc3c8,https://tj.linkedin.com/jobs/view/%D0%BF%D0%BE%D0%BC%D0%BE%D1%89%D0%BD%D0%B8%D0%BA-%D0%BC%D0%B5%D0%BD%D0%B5%D0%B4%D0%B6%D0%B5%D1%80%D0%B0-%D0%BF%D0%BE-%D1%81%D1%8A%D0%B5%D0%B4%D0%BE%D0%B1%D0%BD%D1%8B%D0%BC-%D1%81%D1%83%D0%B2%D0%B5%D0%BD%D0%B8%D1%80%D0%B0%D0%BC-at-%D1%80%D0%B5%D0%BA%D0%BB%D0%B0%D0%BC%D0%BD%D1%8B%D0%B5-%D0%B2%D0%BA%D1%83%D1%81%D0%BD%D0%BE%D1%81%D1%82%D0%B8-%D1%80%D1%84-4439667249,Помощник менеджера по съедобным сувенирам,,scraped,2026-07-21T23:20:23.539996,
77d2420b8ef2157c,https://tj.linkedin.com/jobs/view/doctor-of-all-kinds-at-avicenna-memorial-health-4442723916,Doctor of all kinds,,scraped,2026-07-22T09:17:50.080278,
e0d3c0dfda5db4f0,https://tj.linkedin.com/jobs/view/%D0%BF%D1%80%D0%B5%D0%BF%D0%BE%D0%B4%D0%B0%D0%B2%D0%B0%D1%82%D0%B5%D0%BB%D1%8C-%D1%80%D0%BE%D0%B1%D0%BE%D1%82%D0%BE%D1%82%D0%B5%D1%85%D0%BD%D0%B8%D0%BA%D0%B8-%D0%BE%D0%B4%D0%B8%D0%BD%D1%86%D0%BE%D0%B2%D1%81%D0%BA%D0%B8%D0%B9-%D1%80%D0%B0%D0%B9%D0%BE%D0%BD-at-%D0%B7%D0%B0%D0%BD%D0%B8%D0%BC%D0%B0%D1%82%D0%B5%D0%BB%D1%8C%D0%BD%D0%B0%D1%8F-%D1%80%D0%BE%D0%B1%D0%BE%D1%82%D0%BE%D1%82%D0%B5%D1%85%D0%BD%D0%B8%D0%BA%D0%B0-4443375731,"Преподаватель робототехники, Одинцовский район",Занимательная робототехника,posted,2026-07-22T15:54:28.705781,133
cdd304b536844185,https://tj.linkedin.com/jobs/view/%D0%BF%D1%80%D0%B5%D0%BF%D0%BE%D0%B4%D0%B0%D0%B2%D0%B0%D1%82%D0%B5%D0%BB%D1%8C-%D1%80%D0%BE%D0%B1%D0%BE%D1%82%D0%BE%D1%82%D0%B5%D1%85%D0%BD%D0%B8%D0%BA%D0%B8-%D1%81%D1%83%D1%80%D0%B3%D1%83%D1%82%D1%81%D0%BA%D0%B8%D0%B9-%D1%80%D0%B0%D0%B9%D0%BE%D0%BD-%D0%B3-%D0%BB%D1%8F%D0%BD%D1%82%D0%BE%D1%80-at-%D0%B7%D0%B0%D0%BD%D0%B8%D0%BC%D0%B0%D1%82%D0%B5%D0%BB%D1%8C%D0%BD%D0%B0%D1%8F-%D1%80%D0%BE%D0%B1%D0%BE%D1%82%D0%BE%D1%82%D0%B5%D1%85%D0%BD%D0%B8%D0%BA%D0%B0-4443376799,"Преподаватель робототехники, Сургутский район, г. Лянтор",Занимательная робототехника,posted,2026-07-22T15:54:40.347372,135
e016d80303d823df,https://tj.linkedin.com/jobs/view/%D1%82%D1%80%D0%B5%D0%BD%D0%B5%D1%80-%D0%BF%D0%BE-%D1%80%D0%BE%D0%B1%D0%BE%D1%82%D0%BE%D1%82%D0%B5%D1%85%D0%BD%D0%B8%D0%BA%D0%B5-%D0%B2-%D1%81%D0%B0%D0%BD%D0%BA%D1%82-%D0%BF%D0%B5%D1%82%D0%B5%D1%80%D0%B1%D1%83%D1%80%D0%B3%D0%B5-%D0%BC-%D0%B3%D1%80%D0%B0%D0%B6%D0%B4%D0%B0%D0%BD%D1%81%D0%BA%D0%B8%D0%B9-%D0%BF%D1%80%D0%BE%D1%81%D0%BF%D0%B5%D0%BA%D1%82-%D0%BF%D1%80%D0%BE%D1%81%D0%B2%D0%B5%D1%89%D0%B5%D0%BD%D0%B8%D1%8F-at-%D0%B7%D0%B0%D0%BD%D0%B8%D0%BC%D0%B0%D1%82%D0%B5%D0%BB%D1%8C%D0%BD%D0%B0%D1%8F-%D1%80%D0%BE%D0%B1%D0%BE%D1%82%D0%BE%D1%82%D0%B5%D1%85%D0%BD%D0%B8%D0%BA%D0%B0-4443379693,"Тренер по робототехнике в Санкт-Петербурге (м. Гражданский проспект, Просвещения)",Занимательная робототехника,posted,2026-07-22T15:54:49.498571,137
510e4269118b5254,https://tj.linkedin.com/jobs/view/national-evaluation-consultant-dushanbe-tajikistan-for-tajik-nationals-only-60-days-at-unicef-4443787673,"National Evaluation Consultant, Dushanbe, Tajikistan, (for Tajik nationals only), 60 days",UNICEF,posted,2026-07-22T15:54:59.385342,139
a01667dabad062d6,https://tj.linkedin.com/jobs/view/%D0%BF%D1%80%D0%BE%D0%B4%D0%B0%D0%B2%D0%B5%D1%86%D1%8C-%D0%BA%D0%BE%D0%BD%D1%81%D1%83%D0%BB%D1%8C%D1%82%D0%B0%D0%BD%D1%82-at-%D0%B1%D0%BB%D0%B8%D0%B7%D0%B5%D0%BD%D1%8C%D0%BA%D0%BE-4443993512,Продавець-консультант,Близенько,posted,2026-07-22T20:21:09.584901,141
f02553e0e3d05a18,https://tj.linkedin.com/jobs/view/%D0%BF%D1%80%D0%BE%D0%B4%D0%B0%D0%B2%D0%B5%D1%86%D1%8C-%D0%BA%D0%BE%D0%BD%D1%81%D1%83%D0%BB%D1%8C%D1%82%D0%B0%D0%BD%D1%82-at-%D0%B1%D0%BB%D0%B8%D0%B7%D0%B5%D0%BD%D1%8C%D0%BA%D0%BE-4443780039,Продавець-консультант,Близенько,scraped,2026-07-22T20:21:13.677995,
6646df37cfe9edd4,https://tj.linkedin.com/jobs/view/%D0%B0%D0%B4%D0%BC%D1%96%D0%BD%D1%96%D1%81%D1%82%D1%80%D0%B0%D1%82%D0%BE%D1%80-at-%D0%B1%D0%BB%D0%B8%D0%B7%D0%B5%D0%BD%D1%8C%D0%BA%D0%BE-4443985798,Адміністратор,Близенько,failed|wp_post_failed,2026-07-22T20:21:34.085629,
97a76521fd983e9e,https://tj.linkedin.com/jobs/view/chief-nursing-officer-at-avicenna-memorial-health-4442732600,Chief Nursing Officer,,scraped,2026-07-22T20:21:38.734566,
95d67266dc030373,https://tj.linkedin.com/jobs/view/conductor-a-autob%C3%BAs-at-transbages-sl-4443565553,Conductor/a Autobús,TRANSBAGES SL,posted,2026-07-22T20:21:57.946155,143
53ad25490f9cef3e,https://tj.linkedin.com/jobs/view/conductor-a-autob%C3%BAs-mallorca-at-transbages-sl-4443574323,Conductor/a autobús Mallorca,TRANSBAGES SL,posted,2026-07-22T20:22:06.543337,145
3c2f850ad5810da7,https://tj.linkedin.com/jobs/view/%D0%BF%D0%B5%D0%BA%D0%B0%D1%80-at-%D0%B1%D0%BB%D0%B8%D0%B7%D0%B5%D0%BD%D1%8C%D0%BA%D0%BE-4443997440,Пекар,Близенько,failed|wp_post_failed,2026-07-22T20:22:30.792180,
5b0d117a6aa2c4d3,https://tj.linkedin.com/jobs/view/%D0%BC%D0%B5%D0%BD%D0%B5%D0%B4%D0%B6%D0%B5%D1%80-%D0%BF%D0%BE-%D0%BF%D1%80%D0%BE%D0%B4%D0%B0%D0%B6%D0%B0%D0%BC-at-pixel-team-of-professionals-4442635416,Менеджер по продажам,Pixel - team of professionals,failed|wp_post_failed,2026-07-22T20:23:22.123943,
cd7548b52e55c5f0,https://tj.linkedin.com/jobs/view/%D0%BA%D0%B0%D0%BA-%D1%8D%D1%82%D0%BE-%D1%80%D0%B0%D0%B1%D0%BE%D1%82%D0%B0%D0%B5%D1%82%3F-at-cmms-incolo-4443413728,Как это работает?,CMMS inCOLO,posted,2026-07-23T07:44:42.412934,147
07f1e6010e907ab6,https://tj.linkedin.com/jobs/view/%D0%B3%D0%B0%D0%B7%D0%BE%D0%B0%D0%BD%D0%B0%D0%BB%D0%B8%D0%B7%D0%B0%D1%82%D0%BE%D1%80-sick-gm32-at-proxytek-4444298295,ГАЗОАНАЛИЗАТОР SICK GM32,,scraped,2026-07-23T07:44:50.961700,
4b0c579f54d6441b,https://tj.linkedin.com/jobs/view/national-consultancy-to-support-the-research-on-technology-for-education-tech4ed-initiative-tajikistan-6-9-month-remote-with-travel-at-unicef-4443954191,"National Consultancy to support the research on Technology for Education (Tech4Ed Initiative, Tajikistan) 6,9 month, Remote with travel",UNICEF,posted,2026-07-23T07:45:32.070296,149
54928cadf97adc79,https://tj.linkedin.com/jobs/view/it-operations-engineer-at-attolabs-4443332266,IT-OPERATIONS ENGINEER,,scraped,2026-07-23T07:45:34.517531,
6b29562ef9645462,https://tj.linkedin.com/jobs/view/%D0%B2%D0%BE%D0%B6%D0%B0%D1%82%D1%8B%D0%B9-%D1%81-%D1%84%D1%83%D0%BD%D0%BA%D1%86%D0%B8%D0%B5%D0%B9-%D0%BF%D1%80%D0%B5%D0%BF%D0%BE%D0%B4%D0%B0%D0%B2%D0%B0%D0%BD%D0%B8%D1%8F-%D0%B7%D0%B0%D0%BD%D1%8F%D1%82%D0%B8%D0%B9-%D0%BF%D0%BE-%D1%80%D0%BE%D0%B1%D0%BE%D1%82%D0%BE%D1%82%D0%B5%D1%85%D0%BD%D0%B8%D0%BA%D0%B5-%D0%B2-%D0%BF%D0%BE%D0%B4%D0%BC%D0%BE%D1%81%D0%BA%D0%BE%D0%B2%D1%8C%D0%B5-at-%D0%B7%D0%B0%D0%BD%D0%B8%D0%BC%D0%B0%D1%82%D0%B5%D0%BB%D1%8C%D0%BD%D0%B0%D1%8F-%D1%80%D0%BE%D0%B1%D0%BE%D1%82%D0%BE%D1%82%D0%B5%D1%85%D0%BD%D0%B8%D0%BA%D0%B0-4443378641,Вожатый с функцией преподавания занятий по робототехнике в Подмосковье,Занимательная робототехника,failed|wp_post_failed,2026-07-23T07:45:52.572638,
e5b140f93056d050,https://tj.linkedin.com/jobs/view/%D0%BF%D1%80%D0%B5%D0%BF%D0%BE%D0%B4%D0%B0%D0%B2%D0%B0%D1%82%D0%B5%D0%BB%D1%8C-%D1%80%D0%BE%D0%B1%D0%BE%D1%82%D0%BE%D1%82%D0%B5%D1%85%D0%BD%D0%B8%D0%BA%D0%B8-%D0%BE%D0%B4%D0%B8%D0%BD%D1%86%D0%BE%D0%B2%D1%81%D0%BA%D0%B8%D0%B9-%D1%80%D0%B0%D0%B9%D0%BE%D0%BD-at-%D0%B7%D0%B0%D0%BD%D0%B8%D0%BC%D0%B0%D1%82%D0%B5%D0%BB%D1%8C%D0%BD%D0%B0%D1%8F-%D1%80%D0%BE%D0%B1%D0%BE%D1%82%D0%BE%D1%82%D0%B5%D1%85%D0%BD%D0%B8%D0%BA%D0%B0-4443374924,Преподаватель робототехники Одинцовский район,Занимательная робототехника,failed|wp_post_failed,2026-07-23T07:45:58.757167,
5ced6ff7085a02fd,https://tj.linkedin.com/jobs/view/react-next-js-front-end-developer-at-frontline-data-solutions-4442726781,React/Next.JS Front-End Developer,Frontline Data Solutions,posted,2026-07-23T13:14:53.412667,151
01e217f70eb2d023,https://tj.linkedin.com/jobs/view/country-operations-head-at-asian-development-bank-adb-4444299405,Country Operations Head,Asian Development Bank (ADB),posted,2026-07-23T13:15:07.016912,153
586553c78235b695,https://tj.linkedin.com/jobs/view/https-secondhandy-com-pl-tag-i-kategoria-at-secondhandy-4444412466,https://secondhandy.com.pl/tag/i-kategoria/,,scraped,2026-07-23T13:15:17.358530,
35b105a72326fa23,https://tj.linkedin.com/jobs/view/project-management-support-officer-at-unops-4441529342,Project Management Support - Officer,,scraped,2026-07-23T13:15:33.328467,
db82f1876d7a0655,https://tj.linkedin.com/jobs/view/absolute-help-branding-the-20th-anniversary-at-sands-design-4443887063,Absolute Help Branding the 20th Anniversary,,scraped,2026-07-23T18:23:16.616764,
2961858a2984aa8a,https://tj.linkedin.com/jobs/view/%D0%BA%D0%B5%D1%80%D1%83%D1%8E%D1%87%D0%B8%D0%B9-%D0%BC%D0%B0%D0%B3%D0%B0%D0%B7%D0%B8%D0%BD%D1%83-at-%D0%B1%D0%BB%D0%B8%D0%B7%D0%B5%D0%BD%D1%8C%D0%BA%D0%BE-4444739164,Керуючий магазину,Близенько,failed|wp_post_failed,2026-07-23T23:17:15.461481,
15c2011f80f83b52,https://tj.linkedin.com/jobs/view/%D0%BA%D0%B5%D1%80%D1%83%D1%8E%D1%87%D0%B8%D0%B9-%D0%BC%D0%B0%D0%B3%D0%B0%D0%B7%D0%B8%D0%BD%D1%83-at-%D0%B1%D0%BB%D0%B8%D0%B7%D0%B5%D0%BD%D1%8C%D0%BA%D0%BE-4443546932,Керуючий магазину,Близенько,failed|wp_post_failed,2026-07-24T09:12:58.773004,
8c00f2156a1ff6f4,https://tj.linkedin.com/jobs/view/%D0%BA%D0%B5%D1%80%D1%83%D1%8E%D1%87%D0%B8%D0%B9-%D0%BC%D0%B0%D0%B3%D0%B0%D0%B7%D0%B8%D0%BD%D1%83-at-%D0%B1%D0%BB%D0%B8%D0%B7%D0%B5%D0%BD%D1%8C%D0%BA%D0%BE-4443561410,Керуючий магазину,Близенько,scraped,2026-07-24T09:13:02.683896,
b888ab50c59beaad,https://tj.linkedin.com/jobs/view/qa-testing-client-support-for-saas-at-frontline-data-solutions-4442724933,QA Testing & Client Support for SaaS,Frontline Data Solutions,failed|wp_post_failed,2026-07-24T09:13:10.483493,
2d54ff577704973c,https://tj.linkedin.com/jobs/view/%D0%BC%D0%B5%D0%BD%D0%B5%D0%B4%D0%B6%D0%B5%D1%80-%D0%BF%D0%BE-%D0%BA%D0%B0%D1%87%D0%B5%D1%81%D1%82%D0%B2%D1%83-at-open-group-%D0%B3%D1%80%D1%83%D0%BF%D0%BF%D0%B0-%D0%BF%D0%B0%D0%BB%D0%BB%D0%B5%D1%82%D0%BD%D1%8B%D1%85-%D0%BA%D0%BE%D0%BC%D0%BF%D0%B0%D0%BD%D0%B8%D0%B9-4444265079,Менеджер по качеству,,scraped,2026-07-24T09:13:12.842343,
a39b86a518b26b39,https://tj.linkedin.com/jobs/view/%D1%82%D0%BE%D1%80%D0%B3%D0%BE%D0%B2%D1%8B%D0%B9-%D0%B0%D0%B3%D0%B5%D0%BD%D1%82-at-open-group-%D0%B3%D1%80%D1%83%D0%BF%D0%BF%D0%B0-%D0%BF%D0%B0%D0%BB%D0%BB%D0%B5%D1%82%D0%BD%D1%8B%D1%85-%D0%BA%D0%BE%D0%BC%D0%BF%D0%B0%D0%BD%D0%B8%D0%B9-4444256306,Торговый агент,,scraped,2026-07-24T09:13:30.200617,
ed927db4e84ba7f4,https://tj.linkedin.com/jobs/view/%D0%B0%D0%BD%D0%B0%D0%BB%D1%96%D1%82%D0%B8%D0%BA-at-%D1%81%D0%B5%D1%80%D0%B2%D0%B8%D1%81-%D0%BE%D0%B1%D0%BC%D0%B5%D0%BD%D0%B0-%D0%B2%D0%B0%D0%BB%D1%8E%D1%82-garant-4442519936,Аналітик,,scraped,2026-07-24T09:13:38.909485,
4ccf7b3ee1c6b8f1,https://tj.linkedin.com/jobs/view/richifamily-ru-at-topman-digital-4441537619,richifamily.ru,Topman digital,failed|wp_post_failed,2026-07-24T09:13:53.302238,
7fed3d92c8c7f7bd,https://tj.linkedin.com/jobs/view/%D1%80%D1%83%D0%BA%D0%BE%D0%B2%D0%BE%D0%B4%D0%B8%D1%82%D0%B5%D0%BB%D1%8C-%D0%BF%D0%BE-%D1%80%D0%B0%D0%B7%D0%B2%D0%B8%D1%82%D0%B8%D1%8E-%D0%BF%D1%80%D0%BE%D0%B4%D0%B0%D0%B6-%D0%BC%D0%B0%D0%BA%D0%B0%D1%80%D0%BE%D0%BD%D0%BD%D1%8B%D1%85-%D0%B8%D0%B7%D0%B4%D0%B5%D0%BB%D0%B8%D0%B9-4444916415,Руководитель по развитию продаж макаронных изделий,"ООО ""Грин Фудс""",failed|wp_post_failed,2026-07-24T09:14:02.772823,
14483eb7e8f3ff07,https://tj.linkedin.com/jobs/view/labor-specialist-at-bureau-veritas-4444326659,Labor Specialist,,scraped,2026-07-24T15:18:40.778064,
9fcbd87150286ca7,https://tj.linkedin.com/jobs/view/%D1%81%D0%BF%D0%B5%D1%86%D0%B8%D0%B0%D0%BB%D0%B8%D1%81%D1%82-%D0%BF%D0%BE-%D1%80%D0%B0%D0%B1%D0%BE%D1%82%D0%B5%0A%D1%81-%D1%81%D0%BE%D0%B1%D1%81%D1%82%D0%B2%D0%B5%D0%BD%D0%BD%D0%B8%D0%BA%D0%B0%D0%BC%D0%B8-at-mcity-4444945326,"СПЕЦИАЛИСТ ПО РАБОТЕ
С СОБСТВЕННИКАМИ",,scraped,2026-07-24T15:18:56.097715,
2e819debef316b59,https://tj.linkedin.com/jobs/view/%D0%B2%D0%B0%D0%BA%D0%B0%D0%BD%D1%81%D0%B8%D1%8F-%D0%B2-%D0%B0%D0%BD%D0%BA%D0%B0%D1%80%D0%B5-%D1%81-%D0%B6%D0%B8%D0%BB%D1%8C%D1%91%D0%BC-%D0%B8-%D0%B2%D0%B8%D0%B7%D0%BE%D0%B9-at-inth-ai-4444940682,Вакансия в Анкаре с жильём и визой,inth.ai,failed|wp_post_failed,2026-07-24T15:19:39.411924,
4223cce3eaf50031,https://tj.linkedin.com/jobs/view/%D0%B3%D0%BB%D0%B0%D0%B2%D0%BD%D1%8B%D0%B9-%D0%B1%D1%83%D1%85%D0%B3%D0%B0%D0%BB%D1%82%D0%B5%D1%80-at-vector-international-autoholding-4441502475,Главный бухгалтер,Vector International Autoholding,failed|wp_post_failed,2026-07-24T15:20:27.036211,
61058b9a982cb375,https://tj.linkedin.com/jobs/view/%E5%9B%BD%E9%99%85%E8%90%A5%E9%94%80%E7%BB%8F%E7%90%86%EF%BC%88%E6%96%B0%E8%83%BD%E6%BA%90%E9%87%8D%E5%8D%A1%E3%80%81%E8%87%AA%E5%8D%B8%E8%BD%A6%EF%BC%89-at-%E4%B8%89%E4%B8%80%E9%87%8D%E5%B7%A5%E8%82%A1%E4%BB%BD%E6%9C%89%E9%99%90%E5%85%AC%E5%8F%B8-4443833517,国际营销经理（新能源重卡、自卸车）,三一重工股份有限公司,failed|wp_post_failed,2026-07-24T15:20:31.308231,
46c6f07c9f2fec01,https://tj.linkedin.com/jobs/view/%D0%B2%D0%B0%D0%BA%D0%B0%D0%BD%D1%81%D1%96%D1%8F-%D1%81%D0%BE%D1%86%D1%96%D0%B0%D0%BB%D1%8C%D0%BD%D0%B8%D0%B9-%D0%BD%D0%B0-%D0%BF%D1%80%D0%B0%D1%86%D1%96%D0%B2%D0%BD%D0%B8%D0%BA-%D1%86%D1%8F-%D0%B4%D0%BE-%D1%81%D0%BA%D0%BB%D0%B0%D0%B4%D1%83-%D0%BC%D0%BE%D0%B1%D1%96%D0%BB%D1%8C%D0%BD%D0%BE%D1%97-%D0%B1%D1%80%D0%B8%D0%B3%D0%B0%D0%B4%D0%B8-%D0%BF%D1%81%D0%B8%D1%85%D0%BE%D1%81%D0%BE%D1%86%D1%96%D0%B0%D0%BB%D1%8C%D0%BD%D0%BE%D1%97-%D0%BF%D1%96%D0%B4%D1%82%D1%80%D0%B8%D0%BC%D0%BA%D0%B8-%D0%BC-%D1%81%D1%83%D0%BC%D0%B8-at-%D0%B1%D1%84-%D1%81%D1%85%D1%96%D0%B4-sos-%E2%80%8B-cf-east-sos-%E2%80%8B-4443886996,Вакансія: Соціальний/на працівник/ця до складу мобільної бригади психосоціальної підтримки м. Суми,,scraped,2026-07-24T15:20:33.793550,
c74cff578712bd0a,https://tj.linkedin.com/jobs/view/%D0%B2%D0%B0%D0%BA%D0%B0%D0%BD%D1%81%D1%96%D1%8F-%D1%81%D0%BE%D1%86%D1%96%D0%B0%D0%BB%D1%8C%D0%BD%D0%B8%D0%B9-%D0%BD%D0%B0-%D0%BF%D1%80%D0%B0%D1%86%D1%96%D0%B2%D0%BD%D0%B8%D0%BA-%D1%86%D1%8F-%D0%B4%D0%BE-%D1%81%D0%BA%D0%BB%D0%B0%D0%B4%D1%83-%D0%BC%D0%BE%D0%B1%D1%96%D0%BB%D1%8C%D0%BD%D0%BE%D1%97-%D0%B1%D1%80%D0%B8%D0%B3%D0%B0%D0%B4%D0%B8-%D0%BF%D1%81%D0%B8%D1%85%D0%BE%D1%81%D0%BE%D1%86%D1%96%D0%B0%D0%BB%D1%8C%D0%BD%D0%BE%D1%97-%D0%BF%D1%96%D0%B4%D1%82%D1%80%D0%B8%D0%BC%D0%BA%D0%B8-%D0%BC-%D1%85%D0%B0%D1%80%D0%BA%D1%96%D0%B2-at-%D0%B1%D1%84-%D1%81%D1%85%D1%96%D0%B4-sos-%E2%80%8B-cf-east-sos-%E2%80%8B-4443892131,Вакансія: Соціальний/на працівник/ця до складу мобільної бригади психосоціальної підтримки м. Харків,,scraped,2026-07-24T15:20:40.593409,
abf0f279803547b0,https://tj.linkedin.com/jobs/view/%D0%BF%D1%80%D0%BE%D0%B4%D0%B0%D0%B2%D0%B5%D1%86%D1%8C-%D0%BA%D0%BE%D0%BD%D1%81%D1%83%D0%BB%D1%8C%D1%82%D0%B0%D0%BD%D1%82-at-%D0%B1%D0%BB%D0%B8%D0%B7%D0%B5%D0%BD%D1%8C%D0%BA%D0%BE-4445229653,Продавець-консультант,Близенько,posted,2026-07-24T20:51:39.280650,155
78b508131e034c91,https://tj.linkedin.com/jobs/view/%D0%BA%D0%B5%D1%80%D1%83%D1%8E%D1%87%D0%B8%D0%B9-%D0%BC%D0%B0%D0%B3%D0%B0%D0%B7%D0%B8%D0%BD%D1%83-at-%D0%B1%D0%BB%D0%B8%D0%B7%D0%B5%D0%BD%D1%8C%D0%BA%D0%BE-4445227649,Керуючий магазину,Близенько,failed|wp_post_failed,2026-07-24T20:51:47.483176,
3987db5c74ca4c15,https://tj.linkedin.com/jobs/view/%D0%B0%D0%B4%D0%BC%D1%96%D0%BD%D1%96%D1%81%D1%82%D1%80%D0%B0%D1%82%D0%BE%D1%80-at-%D0%B1%D0%BB%D0%B8%D0%B7%D0%B5%D0%BD%D1%8C%D0%BA%D0%BE-4445238238,Адміністратор,Близенько,failed|wp_post_failed,2026-07-24T20:51:53.659225,
beba11642255fa08,https://tj.linkedin.com/jobs/view/%D0%B0%D0%B4%D0%BC%D1%96%D0%BD%D1%96%D1%81%D1%82%D1%80%D0%B0%D1%82%D0%BE%D1%80-at-%D0%B1%D0%BB%D0%B8%D0%B7%D0%B5%D0%BD%D1%8C%D0%BA%D0%BE-4445223827,Адміністратор,Близенько,scraped,2026-07-24T20:51:57.917832,
1463bf0e7169a0bd,https://tj.linkedin.com/jobs/view/production-ai-innovation-lead-contract-remote-at-infuse-4445220430,"Production AI Innovation Lead (Contract, Remote)",INFUSE,posted,2026-07-25T11:50:52.074039,157
9584aefc0708a954,https://tj.linkedin.com/jobs/view/%D0%BF%D1%80%D0%BE%D0%B4%D0%B0%D0%B2%D0%B5%D1%86%D1%8C-%D0%BA%D0%BE%D0%BD%D1%81%D1%83%D0%BB%D1%8C%D1%82%D0%B0%D0%BD%D1%82-at-%D0%B1%D0%BB%D0%B8%D0%B7%D0%B5%D0%BD%D1%8C%D0%BA%D0%BE-4444732693,Продавець-консультант,Близенько,posted,2026-07-25T11:51:04.879445,159
7328eb8e9c1cb66c,https://tj.linkedin.com/jobs/view/%D0%BF%D0%B5%D0%BA%D0%B0%D1%80-at-%D0%B1%D0%BB%D0%B8%D0%B7%D0%B5%D0%BD%D1%8C%D0%BA%D0%BE-4445235204,Пекар,Близенько,failed|wp_post_failed,2026-07-25T11:51:28.983068,
1b15878c5330e33d,https://tj.linkedin.com/jobs/view/sozialarbeiter-m%C3%A4nnlich-weiblich-divers-im-allgemeinen-sozialdienst-asd-im-jugendamt-at-arbeitsgericht-gera-4443585565,Sozialarbeiter (männlich/weiblich/divers) im Allgemeinen Sozialdienst (ASD) im Jugendamt,Arbeitsgericht Gera,posted,2026-07-25T11:51:37.009751,161
2ddb3c54660b3e3f,https://tj.linkedin.com/jobs/view/%D0%BD%D1%8F%D0%BD%D1%8F-%D1%81-%D0%BE%D0%BF%D1%8B%D1%82%D0%BE%D0%BC-%D0%B8%D0%B7-%D1%82%D0%B0%D0%B8%D0%BB%D0%B0%D0%BD%D0%B4%D0%B0-at-inth-ai-4444937801,Няня с опытом из Таиланда,inth.ai,failed|wp_post_failed,2026-07-25T11:51:41.026157,
3bd62ed8c9e2d695,https://tj.linkedin.com/jobs/view/%D0%BF%D1%80%D0%BE%D0%B4%D0%B0%D0%B2%D0%B0%0A%D0%B2%D0%B8%D0%BB%D0%B0-at-valente-reale-estate-4444786720,"Продава
Вила",,scraped,2026-07-25T11:51:47.379035,
8bd5a0077ce158b9,https://tj.linkedin.com/jobs/view/%D0%B2%D0%B0%D0%BA%D0%B0%D0%BD%D1%81%D0%B8%D1%8F-%D0%BC%D0%B5%D0%BD%D0%B5%D0%B4%D0%B6%D0%B5%D1%80%D0%B0-%D0%BF%D0%BE-%D1%80%D0%B0%D0%B1%D0%BE%D1%82%D0%B5-%D1%81-%D0%BA%D0%BB%D0%B8%D0%B5%D0%BD%D1%82%D0%B0%D0%BC%D0%B8-at-inth-ai-4444957105,Вакансия менеджера по работе с клиентами,inth.ai,failed|wp_post_failed,2026-07-25T11:51:55.536673,
556a605054d63fcb,https://tj.linkedin.com/jobs/view/%D0%BD%D1%8F%D0%BD%D1%8F-%D0%BD%D0%B0-%D0%BF%D1%85%D1%83%D0%BA%D0%B5%D1%82%D0%B5-%D1%81-%D0%BE%D0%BF%D1%8B%D1%82%D0%BE%D0%BC-at-inth-ai-4444935961,Няня на Пхукете с опытом,inth.ai,failed|wp_post_failed,2026-07-25T15:52:40.177237,
46766615b62bab4b,https://tj.linkedin.com/jobs/view/icitap-counterterrorism-advisor-central-asia-at-amentum-4444980264,ICITAP Counterterrorism Advisor - Central Asia,Amentum,posted,2026-07-25T15:52:46.788135,29
c1ba9037c9ab07e2,https://tj.linkedin.com/jobs/view/%D0%BC%D0%B5%D0%BD%D0%B5%D0%B4%D0%B6%D0%B5%D1%80-%D0%B7%D0%B5%D0%B4-%D1%82%D0%B5%D0%BA%D1%81%D1%82%D0%B8%D0%BB%D1%8C-%D0%BC-%D0%BA%D0%B8%D1%97%D0%B2-at-the-coat-by-katya-silchenko-4445354152,"Менеджер ЗЕД (текстиль), м. Київ",,scraped,2026-07-25T20:18:16.904437,
25c2742399869cf5,https://tj.linkedin.com/jobs/view/%D1%82%D0%B5%D1%85%D0%BD%D0%BE%D0%BB%D0%BE%D0%B3-%D0%BC-%D1%87%D0%B5%D1%80%D0%BA%D0%B0%D1%81%D0%B8-at-the-coat-by-katya-silchenko-4445343615,"Технолог, м. Черкаси",,scraped,2026-07-25T20:18:27.791480,
2b628b54c06fba88,https://tj.linkedin.com/jobs/view/%D0%B3%D0%BE%D0%BB%D0%BE%D0%B2%D0%BD%D0%B8%D0%B9-%D0%B1%D1%83%D1%85%D0%B3%D0%B0%D0%BB%D1%82%D0%B5%D1%80-%D0%B2%D0%B8%D1%80%D0%BE%D0%B1%D0%BD%D0%B8%D1%86%D1%82%D0%B2%D0%BE-%D0%BC-%D0%BA%D0%B8%D1%97%D0%B2-at-the-coat-by-katya-silchenko-4445350354,"Головний бухгалтер (Виробництво), м. Київ",,scraped,2026-07-25T20:18:35.823448,
390e475ce644446e,https://tj.linkedin.com/jobs/view/%D0%BD%D1%8F%D0%BD%D1%8F-%D0%BD%D0%B0-%D0%BF%D1%85%D1%83%D0%BA%D0%B5%D1%82%D0%B5-%D1%81-%D0%BE%D0%BF%D1%8B%D1%82%D0%BE%D0%BC-at-inth-ai-4444945450,Няня на Пхукете с опытом,inth.ai,failed|wp_post_failed,2026-07-25T20:18:43.550717,
42a27d7d1de418e7,https://tj.linkedin.com/jobs/view/%D0%BD%D1%8F%D0%BD%D1%8F-%D0%BD%D0%B0-%D0%BF%D1%85%D1%83%D0%BA%D0%B5%D1%82%D0%B5-%D1%81-%D0%BE%D0%BF%D1%8B%D1%82%D0%BE%D0%BC-at-inth-ai-4444945429,Няня на Пхукете с опытом,inth.ai,scraped,2026-07-25T20:18:47.499754,
a4d800765568d516,https://tj.linkedin.com/jobs/view/%D0%BC%D0%B0%D0%B9%D1%81%D1%82%D0%B5%D1%80-%D0%B2%D1%82%D0%BE-%D0%BC-%D1%87%D0%B5%D1%80%D0%BA%D0%B0%D1%81%D0%B8-at-the-coat-by-katya-silchenko-4445346536,"Майстер ВТО, м. Черкаси",,scraped,2026-07-25T20:18:54.106704,
70c7ecd7b26a1e64,https://tj.linkedin.com/jobs/view/%D0%B3%D0%BE%D0%BB%D0%BE%D0%B2%D0%BD%D0%B8%D0%B9-%D0%B1%D1%83%D1%85%D0%B3%D0%B0%D0%BB%D1%82%D0%B5%D1%80-%D0%BC-%D0%BA%D0%B8%D1%97%D0%B2-at-the-coat-by-katya-silchenko-4445352287,Головний бухгалтер (м. Київ),,scraped,2026-07-25T20:19:00.058928,
5d4843b07294e664,https://tj.linkedin.com/jobs/view/%D0%BF%D1%80%D0%BE%D0%B4%D0%B0%D0%B2%D0%B5%D1%86%D1%8C-%D0%BA%D0%BE%D0%BD%D1%81%D1%83%D0%BB%D1%8C%D1%82%D0%B0%D0%BD%D1%82-at-%D0%B1%D0%BB%D0%B8%D0%B7%D0%B5%D0%BD%D1%8C%D0%BA%D0%BE-4445397608,Продавець-консультант,Близенько,posted,2026-07-26T07:46:51.834040,163
028ccb9a259e9601,https://tj.linkedin.com/jobs/view/data-analyst-at-odixcity-consulting-4444787662,Data Analyst,Odixcity Consulting,posted,2026-07-26T07:47:01.859493,165
7377db9950e0ff92,https://tj.linkedin.com/jobs/view/%D0%B2%D0%BE%D0%B4%D0%B8%D1%82%D0%B5%D0%BB%D1%8C-%D0%B2%D0%B0%D0%BA%D1%83%D1%83%D0%BC%D0%BD%D0%BE%D0%B9-%D1%82%D0%B5%D1%85%D0%BD%D0%B8%D0%BA%D0%B8-%D0%B0%D0%BA%D0%BD-10-at-%D0%B4%D1%80%D0%B8%D0%BB%D0%BB%D0%B8%D0%BD%D0%B3-%D0%BA%D0%BE%D0%BD%D1%81%D0%B0%D0%BB%D1%82%D0%B8%D0%BD%D0%B3-4444268199,Водитель вакуумной техники АКН-10,Дриллинг Консалтинг,posted,2026-07-26T07:47:53.394537,167
2ba8d27745ee6474,https://tj.linkedin.com/jobs/view/%D0%BF%D1%80%D0%B8%D0%B1%D0%B8%D1%80%D0%B0%D0%BB%D1%8C%D0%BD%D0%B8%D0%BA-%D1%81%D0%BB%D1%83%D0%B6%D0%B1%D0%BE%D0%B2%D0%B8%D1%85-%D0%BF%D1%80%D0%B8%D0%BC%D1%96%D1%89%D0%B5%D0%BD%D1%8C-at-%D0%B1%D0%BB%D0%B8%D0%B7%D0%B5%D0%BD%D1%8C%D0%BA%D0%BE-4444733594,Прибиральник службових приміщень,Близенько,failed|wp_post_failed,2026-07-26T07:47:57.309879,
08d4e057ac8df843,https://tj.linkedin.com/jobs/view/%D0%BF%D1%80%D0%B8%D0%B1%D0%B8%D1%80%D0%B0%D0%BB%D1%8C%D0%BD%D0%B8%D0%BA-%D1%81%D0%BB%D1%83%D0%B6%D0%B1%D0%BE%D0%B2%D0%B8%D1%85-%D0%BF%D1%80%D0%B8%D0%BC%D1%96%D1%89%D0%B5%D0%BD%D1%8C-at-%D0%B1%D0%BB%D0%B8%D0%B7%D0%B5%D0%BD%D1%8C%D0%BA%D0%BE-4444419129,Прибиральник службових приміщень,Близенько,scraped,2026-07-26T07:48:01.210666,
f5b6dd5eb47f5526,https://tj.linkedin.com/jobs/view/head-hunter-at-avs-consulting-4445601741,Head Hunter,,scraped,2026-07-26T11:57:12.255528,
eb35b0a85fd57427,https://tj.linkedin.com/jobs/view/%D0%BF%D1%80%D0%B8%D0%B1%D0%B8%D1%80%D0%B0%D0%BB%D1%8C%D0%BD%D0%B8%D0%BA-%D1%81%D0%BB%D1%83%D0%B6%D0%B1%D0%BE%D0%B2%D0%B8%D1%85-%D0%BF%D1%80%D0%B8%D0%BC%D1%96%D1%89%D0%B5%D0%BD%D1%8C-at-%D0%B1%D0%BB%D0%B8%D0%B7%D0%B5%D0%BD%D1%8C%D0%BA%D0%BE-4445236303,Прибиральник службових приміщень,Близенько,failed|wp_post_failed,2026-07-26T11:57:49.322563,
db79f4fbd49c4acb,https://tj.linkedin.com/jobs/view/%D0%B8%D1%89%D1%83-%D0%BB%D1%8E%D0%B4%D0%B5%D0%B9-%D1%81-%D0%B8%D0%B4%D0%B5%D1%8F%D0%BC%D0%B8-%D0%B2-%D1%81%D1%84%D0%B5%D1%80%D0%B5-%D0%BA%D1%80%D0%B8%D0%BF%D1%82%D1%8B-%D1%82%D1%80%D0%B5%D0%B9%D0%B4%D0%B8%D0%BD%D0%B3-%23-at-simpson-s-family-4442376396,"Ищу людей с идеями в сфере крипты, трейдинг&#",,scraped,2026-07-26T20:16:48.899289,
434f114f92bc0dff,https://tj.linkedin.com/jobs/view/%D0%BC-%09%09%09%09%09%09%09%09%09%D0%BA%D0%B8%D1%97%D0%B2%0A%09%09%09%09%09%09%09%09%09%09%09%09%09%09%09%09%09%09%D0%BE%D1%86%D1%96%D0%BD%D0%BA%D0%B0-%D1%82%D1%80%D0%B0%D0%BD%D1%81%D0%BF%D0%BE%D1%80%D1%82%D0%BD%D1%96-%D0%B7%D0%B0%D1%81%D0%BE%D0%B1%D0%B8-at-%D1%83%D0%BA%D1%80%D0%BE%D1%86%D1%96%D0%BD%D0%BA%D0%B0-4445910832,"м.									Київ
																		оцінка Транспортні засоби",УкрОцінка,posted,2026-07-27T10:55:41.819990,169
5483dd91acc13817,https://tj.linkedin.com/jobs/view/%D0%BC-%09%09%09%09%09%09%09%09%09%D0%BA%D0%B8%D1%97%D0%B2%0A%09%09%09%09%09%09%09%09%09%09%09%09%09%09%09%09%09%09%D0%BE%D1%86%D1%96%D0%BD%D0%BA%D0%B0-%D0%BD%D0%B5%D1%80%D1%83%D1%85%D0%BE%D0%BC%D1%96%D1%81%D1%82%D1%8C-at-%D1%83%D0%BA%D1%80%D0%BE%D1%86%D1%96%D0%BD%D0%BA%D0%B0-4445923495,"м.									Київ
																		оцінка Нерухомість",УкрОцінка,posted,2026-07-27T10:55:52.122402,171
aaa4b205f19c3ff1,https://tj.linkedin.com/jobs/view/%D0%B0%D0%B4%D0%BC%D1%96%D0%BD%D1%96%D1%81%D1%82%D1%80%D0%B0%D1%82%D0%BE%D1%80-at-%D0%B1%D0%BB%D0%B8%D0%B7%D0%B5%D0%BD%D1%8C%D0%BA%D0%BE-4445901525,Адміністратор,Близенько,failed|wp_post_failed,2026-07-27T10:56:04.120253,
5f0d6571db93def9,https://tj.linkedin.com/jobs/view/%D0%BC-%09%09%09%09%09%09%09%09%09%D0%BA%D0%B8%D1%97%D0%B2%0A%09%09%09%09%09%09%09%09%09%09%09%09%09%09%09%09%09%09%D0%BE%D1%86%D1%96%D0%BD%D0%BA%D0%B0-%D0%BD%D0%B5%D1%80%D1%83%D1%85%D0%BE%D0%BC%D1%96%D1%81%D1%82%D1%8C-at-%D1%83%D0%BA%D1%80%D0%BE%D1%86%D1%96%D0%BD%D0%BA%D0%B0-4445900599,"м.									Київ
																		оцінка Нерухомість",УкрОцінка,scraped,2026-07-27T10:56:10.045165,
070576e5c894cb79,https://tj.linkedin.com/jobs/view/%D0%B0%D1%81%D1%81%D0%B8%D1%81%D1%82%D0%B5%D0%BD%D1%82-at-graduate-school-of-coaching-4444300212,Ассистент,,scraped,2026-07-27T10:56:12.547950,
fcdeb97e0607fc3e,https://tj.linkedin.com/jobs/view/junior-account-manager-and-account-manager-at-metacar-4445699153,Junior Account Manager and Account Manager,METACAR,posted,2026-07-27T10:56:29.605592,173
6a30be80e4a02395,https://tj.linkedin.com/jobs/view/%D0%BA%D1%80%D0%B0%D0%B2%D0%B5%D1%86%D1%8C-%D0%BC-%D0%BA%D0%B8%D1%97%D0%B2-at-the-coat-by-katya-silchenko-4445353244,"Кравець, м. Київ",,scraped,2026-07-27T10:56:31.955873,
a849c086d94b8d7b,https://tj.linkedin.com/jobs/view/%D0%BF%D1%80%D0%BE%D0%B3%D1%80%D0%B0%D0%BC%D0%BC%D0%B8%D1%81%D1%82-foxpro-at-jv-jsc-uzkabel-4445662984,Программист Foxpro,,scraped,2026-07-27T10:56:52.448127,
167567ed8f3eecc7,https://tj.linkedin.com/jobs/view/%D1%81%D1%82%D0%B8%D0%BB%D1%96%D1%81%D1%82-%D0%BA%D0%BE%D0%BD%D1%81%D1%83%D0%BB%D1%8C%D1%82%D0%B0%D0%BD%D1%82-%D0%BC-%D0%BA%D0%B8%D1%97%D0%B2-at-the-coat-by-katya-silchenko-4445340710,"Стиліст-консультант, м. Київ",,scraped,2026-07-27T18:00:31.163587,
65757754deabf865,https://tj.linkedin.com/jobs/view/%D0%BF%D1%80%D0%BE%D0%B4%D0%B0%D0%B2%D0%B5%D1%86%D1%8C-%D0%BA%D0%BE%D0%BD%D1%81%D1%83%D0%BB%D1%8C%D1%82%D0%B0%D0%BD%D1%82-at-%D0%B1%D0%BB%D0%B8%D0%B7%D0%B5%D0%BD%D1%8C%D0%BA%D0%BE-4443779096,Продавець-консультант,Близенько,posted,2026-07-27T18:00:47.519770,175
8ebd831a72b2fb3a,https://tj.linkedin.com/jobs/view/%D0%BC-%09%09%09%09%09%09%09%09%09%D0%BA%D0%B8%D1%97%D0%B2%0A%09%09%09%09%09%09%09%09%09%09%09%09%09%09%09%09%09%09%D0%BE%D1%86%D1%96%D0%BD%D0%BA%D0%B0-%D0%BA%D0%BE%D0%BC%D0%B5%D1%80%D1%86%D1%96%D0%B9%D0%BD%D0%B0-%D0%BD%D0%B5%D1%80%D1%83%D1%85%D0%BE%D0%BC%D1%96%D1%81%D1%82%D1%8C-at-%D1%83%D0%BA%D1%80%D0%BE%D1%86%D1%96%D0%BD%D0%BA%D0%B0-4445914650,"м.									Київ
																		оцінка Комерційна нерухомість",УкрОцінка,posted,2026-07-27T18:00:56.283377,177
13d8ceca5f1aae18,https://tj.linkedin.com/jobs/view/senior-project-engineer-building-construction-at-ucc-holding-4445914372,Senior Project Engineer - Building Construction,,scraped,2026-07-27T18:00:58.875239,
2e053676c03eed12,https://tj.linkedin.com/jobs/view/%D0%BC-%09%09%09%09%09%09%09%09%09%D0%BA%D0%B8%D1%97%D0%B2%0A%09%09%09%09%09%09%09%09%09%09%09%09%09%09%09%09%09%09%D0%BE%D1%86%D1%96%D0%BD%D0%BA%D0%B0-%D1%82%D1%80%D0%B0%D0%BD%D1%81%D0%BF%D0%BE%D1%80%D1%82%D0%BD%D1%96-%D0%B7%D0%B0%D1%81%D0%BE%D0%B1%D0%B8-at-%D1%83%D0%BA%D1%80%D0%BE%D1%86%D1%96%D0%BD%D0%BA%D0%B0-4445906671,"м.									Київ
																		оцінка Транспортні засоби",УкрОцінка,posted,2026-07-27T18:01:33.850342,179
5e06f6163644f6d6,https://tj.linkedin.com/jobs/view/%D0%BA%D0%BE%D0%BD%D1%82%D1%80%D0%BE%D0%BB%D0%B5%D1%80-%D0%BD%D0%B0-%D0%BF%D1%80%D0%B8%D0%B9%D0%BE%D0%BC-%D1%8F%D0%BA%D0%BE%D1%81%D1%82%D1%96-%D0%B3%D0%BE%D1%82%D0%BE%D0%B2%D0%BE%D1%97-%D0%BF%D1%80%D0%BE%D0%B4%D1%83%D0%BA%D1%86%D1%96%D1%97-%D0%B7-%D0%B2%D0%B8%D1%80%D0%BE%D0%B1%D0%BD%D0%B8%D1%86%D1%82%D0%B2-%D0%BC-%D0%BA%D0%B8%D1%97%D0%B2-at-the-coat-by-katya-silchenko-4445348560,"Контролер на прийом якості готової продукції з виробництв, м. Київ",,scraped,2026-07-27T18:01:54.289270,
178b35e791885d96,https://tj.linkedin.com/jobs/view/%D0%B4%D0%BE%D1%81%D1%82%D0%B0%D0%B2%D1%89%D0%B8%D0%BA-%D0%B1%D0%BE-%D0%B7%D0%B5%D1%84%D0%B8%D1%80%D0%B0-at-somon-tj-4445440869,Доставщик бо Зефира,Somon.tj,failed|wp_post_failed,2026-07-28T07:52:19.461376,
64d6d9db9a11415d,https://tj.linkedin.com/jobs/view/%D0%B4%D0%BE%D1%81%D1%82%D0%B0%D0%B2%D1%89%D0%B8%D0%BA-at-somon-tj-4445431901,Доставщик,Somon.tj,failed|wp_post_failed,2026-07-28T07:52:23.627300,
5f7f8c6844023893,https://tj.linkedin.com/jobs/view/%D0%B2%D0%BE%D0%B4%D0%B8%D1%82%D0%B5%D0%BB%D1%8C-at-somon-tj-4445438893,Водитель,Somon.tj,failed|wp_post_failed,2026-07-28T07:52:49.932899,
405379126cce2efb,https://tj.linkedin.com/jobs/view/%D0%B7%D0%B0%D1%8F%D0%B2%D1%89%D0%B8%D0%BA-at-somon-tj-4445443871,Заявщик,Somon.tj,failed|wp_post_failed,2026-07-28T07:52:54.167986,
67ee3eb73040c1ef,https://tj.linkedin.com/jobs/view/%D0%BF%D1%80%D0%B5%D0%BF%D0%BE%D0%B4%D0%B0%D0%B2%D0%B0%D1%82%D0%B5%D0%BB%D1%8C-%D0%B0%D0%BD%D0%B3%D0%BB%D0%B8%D0%B9%D1%81%D0%BA%D0%BE%D0%B3%D0%BE-%D1%8F%D0%B7%D1%8B%D0%BA%D0%B0-at-somon-tj-4445443875,Преподаватель английского языка,Somon.tj,failed|wp_post_failed,2026-07-28T07:52:58.337021,
91d942c344f7d0dc,https://tj.linkedin.com/jobs/view/%D0%B2%D0%B5%D0%B4%D1%83%D1%89%D0%B8%D0%B9-%D0%BC%D0%B5%D0%BD%D0%B5%D0%B4%D0%B6%D0%B5%D1%80-%D0%BE%D1%82%D0%B4%D0%B5%D0%BB%D0%B0-%D0%BF%D1%80%D0%BE%D0%B4%D0%B0%D0%B6-%D1%83%D0%BF%D1%80%D0%B0%D0%B2%D0%BB%D1%8F%D1%8E%D1%89%D0%B8%D0%B9-%D1%82%D0%B5%D1%80%D1%80%D0%B8%D1%82%D0%BE%D1%80%D0%B8%D0%B5%D0%B9-%D0%BF%D1%80%D0%BE%D0%B4%D0%B0%D0%B6-at-major-express-4445458543,ВЕДУЩИЙ МЕНЕДЖЕР ОТДЕЛА ПРОДАЖ / УПРАВЛЯЮЩИЙ ТЕРРИТОРИЕЙ ПРОДАЖ,,scraped,2026-07-28T07:53:14.677366,
ccee325e9d336195,https://tj.linkedin.com/jobs/view/%D0%BC%D0%B5%D0%BD%D0%B5%D0%B4%D0%B6%D0%B5%D1%80-%D0%BF%D0%BE-%D1%80%D0%B0%D0%B1%D0%BE%D1%82%D0%B5-%D1%81-%D0%BA%D0%BB%D0%B8%D0%B5%D0%BD%D1%82%D0%B0%D0%BC%D0%B8-at-somon-tj-4445431928,Менеджер по работе с клиентами,Somon.tj,failed|wp_post_failed,2026-07-28T07:53:24.031450,
f86c0421d6662526,https://tj.linkedin.com/jobs/view/%D1%81%D0%B8%D1%81%D1%82%D0%B5%D0%BC%D0%BD%D1%8B%D0%B9-%D0%B0%D0%B4%D0%BC%D0%B8%D0%BD%D0%B8%D1%81%D1%82%D1%80%D0%B0%D1%82%D0%BE%D1%80-at-somon-tj-4445447270,Системный администратор,Somon.tj,failed|wp_post_failed,2026-07-28T07:53:28.124705,
6fc34796ef176220,https://tj.linkedin.com/jobs/view/%D0%BA%D1%80%D0%B0%D0%B2%D1%87%D0%B8%D0%BD%D1%8F-%D0%BC-%D1%87%D0%B5%D1%80%D0%BA%D0%B0%D1%81%D0%B8-at-the-coat-by-katya-silchenko-4445354153,"Кравчиня, м. Черкаси",,scraped,2026-07-28T07:53:30.492721,
bfeb31dcde55224b,https://tj.linkedin.com/jobs/view/%D1%84%D0%B0%D1%80%D0%BC%D0%B0%D1%86%D0%B5%D0%B2%D1%82-at-somon-tj-4445428943,Фармацевт,Somon.tj,failed|wp_post_failed,2026-07-28T07:53:38.487960,
48c5cfa708393025,https://tj.linkedin.com/jobs/view/%D0%BF%D1%80%D0%BE%D0%B4%D0%B0%D0%B2%D0%B5%D1%86-%D0%BA%D0%BE%D0%BD%D1%81%D1%83%D0%BB%D1%8C%D1%82%D0%B0%D0%BD%D1%82-at-somon-tj-4445424978,Продавец-консультант,Somon.tj,posted,2026-07-28T07:53:48.990837,181
a50fa377b87cbadc,https://tj.linkedin.com/jobs/view/%D1%84%D0%B0%D1%80%D0%BC%D0%B0%D1%86%D0%B5%D0%B2%D1%82-at-somon-tj-4445436893,Фармацевт,Somon.tj,scraped,2026-07-28T07:53:53.101020,
6e1a73d1c25fe076,https://tj.linkedin.com/jobs/view/%D1%82%D0%BE%D1%80%D0%B3%D0%BE%D0%B2%D1%8B%D0%B9-%D0%BF%D1%80%D0%B5%D0%B4%D1%81%D1%82%D0%B0%D0%B2%D0%B8%D1%82%D0%B5%D0%BB%D1%8C-at-somon-tj-4445446622,Торговый представитель,Somon.tj,failed|wp_post_failed,2026-07-28T07:53:57.300118,
7bfac637cc194182,https://tj.linkedin.com/jobs/view/%D0%BD%D0%B0%D1%87%D0%B0%D0%BB%D1%8C%D0%BD%D0%B8%D0%BA-%D0%BE%D1%82%D0%B4%D0%B5%D0%BB%D0%B0-%D0%BF%D1%80%D0%BE%D0%B4%D0%B0%D0%B6-%D0%BF%D0%BE-%D1%80%D1%82-at-somon-tj-4445432891,Начальник отдела продаж по РТ,Somon.tj,failed|wp_post_failed,2026-07-28T07:54:03.353725,
eb7800bd6225af29,https://tj.linkedin.com/jobs/view/%D1%88%D0%BB%D0%B8%D1%84%D0%BE%D0%B2%D1%87%D0%B8%D1%86%D1%8B-at-somon-tj-4445432941,Шлифовчицы,Somon.tj,failed|wp_post_failed,2026-07-28T15:55:57.211642,
b4e97ddca535eee5,https://tj.linkedin.com/jobs/view/%D1%83%D1%81%D1%82%D0%BE%D0%B8-%D0%BC%D0%B5%D0%B1%D0%B5%D0%BB%D1%8C-at-somon-tj-4445439864,Устои мебель,Somon.tj,failed|wp_post_failed,2026-07-28T15:56:01.522023,
3470657aef53aa52,https://tj.linkedin.com/jobs/view/%D0%BF%D1%80%D0%BE%D0%B4%D0%B0%D0%B2%D0%B5%D1%86%D1%8C-%D0%BA%D0%BE%D0%BD%D1%81%D1%83%D0%BB%D1%8C%D1%82%D0%B0%D0%BD%D1%82-at-%D0%B1%D0%BB%D0%B8%D0%B7%D0%B5%D0%BD%D1%8C%D0%BA%D0%BE-4443240301,Продавець-консультант,Близенько,posted,2026-07-28T15:56:19.141052,183
f43841d18cf73941,https://tj.linkedin.com/jobs/view/%D0%BF%D1%80%D0%BE%D0%B4%D0%B0%D0%B2%D0%B5%D1%86%D1%8C-%D0%BA%D0%BE%D0%BD%D1%81%D1%83%D0%BB%D1%8C%D1%82%D0%B0%D0%BD%D1%82-at-%D0%B1%D0%BB%D0%B8%D0%B7%D0%B5%D0%BD%D1%8C%D0%BA%D0%BE-4443228503,Продавець-консультант,Близенько,scraped,2026-07-28T15:56:23.391779,
61562c60d27792a3,https://tj.linkedin.com/jobs/view/%D0%BF%D1%80%D0%BE%D0%B4%D0%B0%D0%B2%D0%B5%D1%86%D1%8C-%D0%BA%D0%BE%D0%BD%D1%81%D1%83%D0%BB%D1%8C%D1%82%D0%B0%D0%BD%D1%82-at-%D0%B1%D0%BB%D0%B8%D0%B7%D0%B5%D0%BD%D1%8C%D0%BA%D0%BE-4443230420,Продавець-консультант,Близенько,scraped,2026-07-28T15:56:27.544582,
66d36b9d4691c7b2,https://tj.linkedin.com/jobs/view/%D0%BF%D1%80%D0%BE%D0%B4%D0%B0%D0%B2%D0%B5%D1%86%D1%8C-%D0%BA%D0%BE%D0%BD%D1%81%D1%83%D0%BB%D1%8C%D1%82%D0%B0%D0%BD%D1%82-at-%D0%B1%D0%BB%D0%B8%D0%B7%D0%B5%D0%BD%D1%8C%D0%BA%D0%BE-4443235359,Продавець-консультант,Близенько,scraped,2026-07-28T15:56:31.717608,
cfffdc8b1bbe0ef5,https://tj.linkedin.com/jobs/view/%D0%BF%D1%80%D0%BE%D0%B4%D0%B0%D0%B2%D0%B5%D1%86%D1%8C-%D0%BA%D0%BE%D0%BD%D1%81%D1%83%D0%BB%D1%8C%D1%82%D0%B0%D0%BD%D1%82-at-%D0%B1%D0%BB%D0%B8%D0%B7%D0%B5%D0%BD%D1%8C%D0%BA%D0%BE-4443239313,Продавець-консультант,Близенько,scraped,2026-07-28T15:56:35.848505,
eef2496fa5235c12,https://tj.linkedin.com/jobs/view/%D0%BF%D1%80%D0%B5%D0%BF%D0%BE%D0%B4%D0%B0%D0%B2%D0%B0%D1%82%D0%B5%D0%BB%D1%8C-%D1%80%D1%83%D1%81%D1%81%D0%BA%D0%BE%D0%B3%D0%BE-%D1%8F%D0%B7%D1%8B%D0%BA%D0%B0-at-somon-tj-4445441861,Преподаватель русского языка,Somon.tj,failed|wp_post_failed,2026-07-28T15:56:44.164003,
e595d9eb2b207339,https://tj.linkedin.com/jobs/view/%D1%82%D0%BE%D1%80%D0%B3%D0%BE%D0%B2%D1%8B%D0%B9-%D0%BF%D1%80%D0%B5%D0%B4%D1%81%D1%82%D0%B0%D0%B2%D0%B8%D1%82%D0%B5%D0%BB%D1%8C-at-somon-tj-4445439859,Торговый представитель,Somon.tj,failed|wp_post_failed,2026-07-28T15:56:50.558934,
cde2369925273a07,https://tj.linkedin.com/jobs/view/%D0%BF%D1%80%D0%BE%D0%B3%D1%80%D0%B0%D0%BC%D1%96%D1%81%D1%82-1%D1%81-at-skloresurs-4443259500,Програміст 1С,,scraped,2026-07-28T15:56:52.993911,
8ee9a452e651876b,https://tj.linkedin.com/jobs/view/%D0%B4%D0%B8%D1%80%D0%B5%D0%BA%D1%82%D0%BE%D1%80-%D0%BF%D0%BE-%D0%BF%D1%80%D0%BE%D0%B4%D0%B0%D0%B6%D0%B0%D0%BC-at-somon-tj-4445438875,Директор по продажам,Somon.tj,failed|wp_post_failed,2026-07-28T15:57:05.458264,
a50898725054393d,https://tj.linkedin.com/jobs/view/%D1%83%D1%81%D1%82%D0%BE%D0%B8-%D0%BC%D0%BE%D1%88%D0%B8%D0%BD%D0%B8-%D0%B4%D0%B8%D0%B7%D0%B5%D0%BB-at-somon-tj-4445438904,Устои мошини дизел,Somon.tj,failed|wp_post_failed,2026-07-28T15:57:09.735676,
13e2f14edd4843bc,https://tj.linkedin.com/jobs/view/%D0%BC%D0%B5%D1%80%D1%87%D0%B0%D0%BD%D0%B4%D0%B0%D0%B9%D0%B7%D0%B5%D1%80-at-somon-tj-4445451007,Мерчандайзер,Somon.tj,failed|wp_post_failed,2026-07-28T15:57:18.133278,
3aab61b9e0eecdd0,https://tj.linkedin.com/jobs/view/%D0%BF%D1%80%D0%BE%D0%B4%D0%B0%D0%B2%D0%B0-%D0%B2%D0%B8%D0%BB%D0%B0-at-valente-reale-estate-4444789571,Продава Вила,,scraped,2026-07-28T15:57:20.540514,
7507f39678ce35f3,https://tj.linkedin.com/jobs/view/%D0%BE%D0%BF%D0%B5%D1%80%D0%B0%D1%82%D0%BE%D1%80-%D0%BA%D0%BE%D0%BB%D0%BB-%D1%86%D0%B5%D0%BD%D1%82%D1%80%D0%B0-at-somon-tj-4445431905,Оператор колл-центра,Somon.tj,posted,2026-07-28T15:57:37.794163,185
2377c8773ad97208,https://tj.linkedin.com/jobs/view/%D0%BC%D0%B5%D0%BD%D0%B5%D0%B4%D0%B6%D0%B5%D1%80-%D0%B7-%D0%BC%D1%96%D0%B6%D0%BD%D0%B0%D1%80%D0%BE%D0%B4%D0%BD%D0%B8%D1%85-%D0%B7%D0%B2-%D1%8F%D0%B7%D0%BA%D1%96%D0%B2-at-skloresurs-4443261537,Менеджер з міжнародних зв'язків,,scraped,2026-07-28T15:57:40.187609,
560d580a93432b3b,https://tj.linkedin.com/jobs/view/%D0%BF%D1%80%D0%BE%D0%B4%D0%B0%D0%B2%D0%B5%D1%86-%D0%BA%D0%BE%D0%BD%D1%81%D1%83%D0%BB%D1%8C%D1%82%D0%B0%D0%BD%D1%82-at-somon-tj-4445436890,Продавец-консультант,Somon.tj,posted,2026-07-28T15:57:56.344382,187
af2ec807286c4a8d,https://tj.linkedin.com/jobs/view/%D1%82%D0%BE%D1%80%D0%B3%D0%BE%D0%B2%D1%8B%D0%B9-%D0%BF%D1%80%D0%B5%D0%B4%D1%81%D1%82%D0%B0%D0%B2%D0%B8%D1%82%D0%B5%D0%BB%D1%8C-at-somon-tj-4445442819,Торговый представитель,Somon.tj,scraped,2026-07-28T15:58:08.590768,
95ce89cd8d7d7abb,https://tj.linkedin.com/jobs/view/%D1%81%D0%BF%D0%B5%D1%86%D0%B8%D0%B0%D0%BB%D0%B8%D1%81%D1%82-%D0%BF%D0%BE-%D0%BF%D0%BE%D0%B4%D0%B4%D0%B5%D1%80%D0%B6%D0%BA%D0%B5-%D0%B1%D0%B0%D0%BD%D0%BA%D0%BE%D0%B2%D1%81%D0%BA%D0%BE%D0%B3%D0%BE-%D0%BF%D0%BE-at-somon-tj-4445448190,Специалист по поддержке банковского ПО,Somon.tj,failed|wp_post_failed,2026-07-28T15:58:12.996917,
222f065ab72b5061,https://tj.linkedin.com/jobs/view/%D0%BC%D0%B5%D0%BD%D0%B5%D0%B4%D0%B6%D0%B5%D1%80-%D0%BF%D0%BE-%D0%BF%D1%80%D0%BE%D0%B4%D0%B0%D0%B6%D0%B0%D0%BC-at-somon-tj-4445433880,Менеджер по продажам,Somon.tj,failed|wp_post_failed,2026-07-28T15:58:17.296499,
e051288d03188767,https://tj.linkedin.com/jobs/view/%D1%82%D0%BE%D1%80%D0%B3%D0%BE%D0%B2%D1%8B%D0%B9-%D0%BF%D1%80%D0%B5%D0%B4%D1%81%D1%82%D0%B0%D0%B2%D0%B8%D1%82%D0%B5%D0%BB%D1%8C-at-somon-tj-4445425987,Торговый представитель,Somon.tj,scraped,2026-07-28T15:58:23.560853,
0d6fa93ebc91f32b,https://tj.linkedin.com/jobs/view/%D0%BE%D1%84%D0%B8%D1%86%D0%B8%D0%B0%D0%BD%D1%82-%D0%BA%D0%B0-at-somon-tj-4445430911,Официант/ка,Somon.tj,posted,2026-07-28T15:58:33.038243,189
c9f9dd6d47f8a3f0,https://tj.linkedin.com/jobs/view/%D0%BC%D0%B5%D0%BD%D0%B5%D0%B4%D0%B6%D0%B5%D1%80-%D0%BF%D0%BE-%D0%BF%D1%80%D0%BE%D0%B4%D0%B0%D0%B6%D0%B0%D0%BC-at-somon-tj-4445438880,Менеджер по продажам,Somon.tj,scraped,2026-07-28T15:58:37.242825,
3126b63f02696a76,https://tj.linkedin.com/jobs/view/%D0%B7%D0%B0%D0%B2%D1%96%D0%B4%D1%83%D0%B2%D0%B0%D1%87-%D0%B3%D0%BE%D1%81%D0%BF%D0%BE%D0%B4%D0%B0%D1%80%D1%81%D1%82%D0%B2%D0%B0-at-skloresurs-4443251768,Завідувач господарства,,scraped,2026-07-28T15:58:47.648039,
2d82b8d71c91f9e0,https://tj.linkedin.com/jobs/view/seo-%D0%BE%D0%BF%D1%82%D0%B8%D0%BC%D0%B8%D0%B7%D0%B0%D1%82%D0%BE%D1%80-at-bdbd-ru-4446189749,SEO оптимизатор,bdbd.ru,posted,2026-07-28T20:38:14.623568,191
dacf566c62974acf,https://tj.linkedin.com/jobs/view/accountant-at-bureau-veritas-4445709151,Accountant,,scraped,2026-07-28T20:38:31.526518,
d6434a4c3f68e8bd,https://tj.linkedin.com/jobs/view/%D0%B5%D0%BB%D0%B5%D0%BA%D1%82%D1%80%D0%B8%D0%BA-at-skloresurs-4443261533,Електрик,,scraped,2026-07-28T20:38:48.412985,
0a30b8160cc264a0,https://tj.linkedin.com/jobs/view/%D0%B2%D0%BE%D0%B4%D0%B8%D1%82%D0%B5%D0%BB%D1%8C-%D1%8D%D0%BA%D1%81%D0%BF%D0%B5%D0%B4%D0%B8%D1%82%D0%BE%D1%80-%D0%B0%D1%8D%D1%80%D0%BE%D0%BF%D0%BE%D1%80%D1%82%D1%8B-at-major-express-4445453619,ВОДИТЕЛЬ-ЭКСПЕДИТОР (АЭРОПОРТЫ),,scraped,2026-07-28T20:39:25.961756,
f2ebe0dd25938b16,https://tj.linkedin.com/jobs/view/%D0%BE%D1%84%D0%B8%D1%86%D0%B8%D0%B0%D0%BD%D1%82-at-somon-tj-4445435878,Официант,Somon.tj,failed|wp_post_failed,2026-07-28T20:39:38.156652,
f6a7418d61f324bc,https://tj.linkedin.com/jobs/view/%D0%BF%D1%80%D0%BE%D0%B4%D0%B0%D0%B2%D0%B5%D1%86%D1%8C-%D0%BA%D0%BE%D0%BD%D1%81%D1%83%D0%BB%D1%8C%D1%82%D0%B0%D0%BD%D1%82-at-%D0%B1%D0%BB%D0%B8%D0%B7%D0%B5%D0%BD%D1%8C%D0%BA%D0%BE-4445910674,Продавець-консультант,Близенько,posted,2026-07-29T08:02:39.591720,193
f8db698ad50e8d4a,https://tj.linkedin.com/jobs/view/%D0%BF%D1%80%D0%BE%D0%B4%D0%B0%D0%B2%D0%B5%D1%86%D1%8C-%D0%BA%D0%BE%D0%BD%D1%81%D1%83%D0%BB%D1%8C%D1%82%D0%B0%D0%BD%D1%82-at-%D0%B1%D0%BB%D0%B8%D0%B7%D0%B5%D0%BD%D1%8C%D0%BA%D0%BE-4445342803,Продавець-консультант,Близенько,scraped,2026-07-29T08:02:43.887605,
825a29042b0767ca,https://tj.linkedin.com/jobs/view/%D0%BE%D0%BF%D0%B5%D1%80%D0%B0%D1%82%D0%BE%D1%80-%D0%B2%D0%B8%D1%80%D0%BE%D0%B1%D0%BD%D0%B8%D1%87%D0%BE%D1%97-%D0%BB%D1%96%D0%BD%D1%96%D1%97-at-skloresurs-4443269408,Оператор виробничої лінії,,scraped,2026-07-29T08:03:14.266184,
2fe7ba9c66ff7308,https://tj.linkedin.com/jobs/view/%D0%BC%D0%B5%D0%B4%D1%81%D0%B5%D1%81%D1%82%D1%80%D0%B0-%D0%B2-%D1%81%D1%82%D0%BE%D0%BC%D0%B0%D1%82%D0%BE%D0%BB%D0%BE%D0%B3%D0%B8%D1%8E-at-somon-tj-4445441820,Медсестра в стоматологию,Somon.tj,failed|wp_post_failed,2026-07-29T08:03:22.720297,
180eb24cf14e2509,https://tj.linkedin.com/jobs/view/%D1%80%D1%83%D0%BA%D0%BE%D0%B2%D0%BE%D0%B4%D0%B8%D1%82%D0%B5%D0%BB%D1%8C-%D1%80%D0%B0%D1%81%D1%87%D1%91%D1%82%D0%BD%D0%BE%D0%B3%D0%BE-%D1%86%D0%B5%D0%BD%D1%82%D1%80%D0%B0-at-somon-tj-4445429957,Руководитель расчётного центра,Somon.tj,failed|wp_post_failed,2026-07-29T08:03:28.855492,
79be6c4a0f144250,https://tj.linkedin.com/jobs/view/%D0%BA%D0%BE%D0%BD%D1%81%D1%83%D0%BB%D1%8C%D1%82%D0%B0%D0%BD%D1%82-call-%D1%86%D0%B5%D0%BD%D1%82%D1%80%D0%B0-at-somon-tj-4445427877,Консультант call-центра,Somon.tj,posted,2026-07-29T08:03:38.707426,195
f965c02529bc18b7,https://tj.linkedin.com/jobs/view/%D0%BC%D0%B0%D1%81%D1%82%D0%B5%D1%80-%D0%BC%D1%8F%D0%B3%D0%BA%D0%BE%D0%B9-%D0%BC%D0%B5%D0%B1%D0%B5%D0%BB%D0%B8-at-somon-tj-4445432900,Мастер мягкой мебели,Somon.tj,failed|wp_post_failed,2026-07-29T08:03:53.002133,
63339a4eabf0a9cd,https://tj.linkedin.com/jobs/view/%D1%80%D0%B5%D1%81%D0%B5%D0%BF%D1%88%D0%B8%D0%BE%D0%BD%D0%B8%D1%81%D1%82-at-somon-tj-4445443851,Ресепшионист,Somon.tj,failed|wp_post_failed,2026-07-29T08:03:57.245905,
ddc0ff06739420d7,https://tj.linkedin.com/jobs/view/%D0%BF%D1%80%D0%BE%D0%B4%D0%B0%D0%B2%D0%B0%0A%D0%B2%D0%B8%D0%BB%D0%B0-at-valente-reale-estate-4444785735,"Продава
Вила",,scraped,2026-07-29T08:04:05.565319,
0dfdaee983c3a2b0,https://tj.linkedin.com/jobs/view/front-office-at-bosti-kg-4446092072,Front-office,BOSTI KG,posted,2026-07-29T15:59:42.351177,197
35aea108909cc8d9,https://tj.linkedin.com/jobs/view/%D0%BE%D0%BC%D3%AF%D0%B7%D0%B3%D0%BE%D1%80%D0%B8-%D0%B7%D0%B0%D0%B1%D0%BE%D0%BD%D0%B8-%D0%B0%D0%BD%D0%B3%D0%BB%D0%B8%D1%81%D3%A3-at-somon-tj-4445430915,Омӯзгори забони англисӣ,Somon.tj,failed|wp_post_failed,2026-07-29T15:59:58.515530,
fa01d344c2870e62,https://tj.linkedin.com/jobs/view/%D1%83%D0%B1%D0%BE%D1%80%D1%89%D0%B8%D1%86%D0%B0-at-somon-tj-4445439851,Уборщица,Somon.tj,failed|wp_post_failed,2026-07-29T16:00:04.631507,
15e928706eabffdb,https://tj.linkedin.com/jobs/view/%D1%80%D0%B8%D0%B5%D0%BB%D1%82%D0%BE%D1%80-at-somon-tj-4445447280,Риелтор,Somon.tj,failed|wp_post_failed,2026-07-29T16:00:08.915459,
db308165e7ff05dd,https://tj.linkedin.com/jobs/view/%D0%B4%D1%83%D0%B7%D0%B0%D0%BD%D0%B4%D0%B0-at-somon-tj-4445448189,Дузанда,Somon.tj,failed|wp_post_failed,2026-07-29T16:00:15.043149,
6be8614d2010c1ae,https://tj.linkedin.com/jobs/view/%D0%BA%D0%B5%D1%80%D1%83%D1%8E%D1%87%D0%B8%D0%B9-%D0%BC%D0%B0%D0%B3%D0%B0%D0%B7%D0%B8%D0%BD%D1%83-at-%D0%B1%D0%BB%D0%B8%D0%B7%D0%B5%D0%BD%D1%8C%D0%BA%D0%BE-4443239333,Керуючий магазину,Близенько,failed|wp_post_failed,2026-07-29T16:00:23.266113,
d1519eefa82e7aef,https://tj.linkedin.com/jobs/view/%D0%B4%D0%B8%D1%80%D0%B5%D0%BA%D1%82%D0%BE%D1%80-%D0%B4%D0%B5%D0%BF%D0%B0%D1%80%D1%82%D0%B0%D0%BC%D0%B5%D0%BD%D1%82%D0%B0-%D0%BF%D1%80%D0%BE%D0%B4%D0%B0%D0%B6-at-somon-tj-4445441835,Директор департамента продаж,Somon.tj,failed|wp_post_failed,2026-07-29T16:00:27.495979,
1c3ea732153ff864,https://tj.linkedin.com/jobs/view/%D0%BA%D1%80%D0%B5%D0%B4%D0%B8%D1%82%D0%BD%D1%8B%D0%B9-%D1%81%D0%BF%D0%B5%D1%86%D0%B8%D0%B0%D0%BB%D0%B8%D1%81%D1%82-%D0%B2-%D0%BE%D1%82%D0%B4%D0%B5%D0%BB%D0%B5-%D0%BF%D0%BE-%D1%80%D0%B0%D0%B1%D0%BE%D1%82%D0%B5-%D1%81-%D0%BA%D0%BB%D0%B8%D0%B5%D0%BD%D1%82%D0%B0%D0%BC%D0%B8-%D0%B2-%D0%B3-%D1%85%D1%83%D0%B4%D0%B6%D0%B0%D0%BD%D0%B4-at-%D0%B7%D0%B0%D0%BE-%D0%B0%D0%BA%D1%82%D0%B8%D0%B2-%D0%B1%D0%B0%D0%BD%D0%BA-%D1%82%D0%B0%D0%B4%D0%B6%D0%B8%D0%BA%D0%B8%D1%81%D1%82%D0%B0%D0%BD-4446597969,Кредитный специалист в Отделе по работе с клиентами в г. Худжанд,"ЗАО ""Актив Банк Таджикистан""",posted,2026-07-29T16:00:49.970595,199
916a05974cf0c6d9,https://tj.linkedin.com/jobs/view/%D1%84%D0%B0%D1%80%D0%BC%D0%B0%D1%86%D0%B5%D0%B2%D1%82-at-somon-tj-4445435847,Фармацевт,Somon.tj,failed|wp_post_failed,2026-07-29T16:00:56.166388,
c6f9301e452f4fed,https://tj.linkedin.com/jobs/view/%D0%BC%D0%B5%D0%BD%D0%B5%D0%B4%D0%B6%D0%B5%D1%80-%D0%BF%D0%BE-%D0%BF%D1%80%D0%BE%D0%B4%D0%B0%D0%B6%D0%B0%D0%BC-at-somon-tj-4445442854,Менеджер по продажам,Somon.tj,failed|wp_post_failed,2026-07-29T16:01:00.652220,
20885bbc9a896415,https://tj.linkedin.com/jobs/view/c%D0%BF%D0%B5%D1%86%D0%B8%D0%B0%D0%BB%D0%B8%D1%81%D1%82-%D0%BF%D0%BE-%D1%82%D0%B5%D1%85%D0%BD%D0%B8%D1%87%D0%B5%D1%81%D0%BA%D0%BE%D0%B9-%D0%BF%D0%BE%D0%B4%D0%B4%D0%B5%D1%80%D0%B6%D0%BA%D0%B5-at-somon-tj-4445446609,Cпециалист по технической поддержке,Somon.tj,posted,2026-07-29T16:01:10.456323,201
dc9d7fabbef96632,https://tj.linkedin.com/jobs/view/%D0%BA%D1%80%D0%B5%D0%B4%D0%B8%D1%82%D0%BD%D1%8B%D0%B9-%D1%81%D0%BF%D0%B5%D1%86%D0%B8%D0%B0%D0%BB%D0%B8%D1%81%D1%82-%D0%B2-%D1%86%D0%B1%D0%BE%D0%B2-%D0%B3-%D0%B1%D1%83%D1%81%D1%82%D0%BE%D0%BD-at-%D0%B7%D0%B0%D0%BE-%D0%B0%D0%BA%D1%82%D0%B8%D0%B2-%D0%B1%D0%B0%D0%BD%D0%BA-%D1%82%D0%B0%D0%B4%D0%B6%D0%B8%D0%BA%D0%B8%D1%81%D1%82%D0%B0%D0%BD-4446818168,Кредитный специалист в ЦБОв г. Бустон,"ЗАО ""Актив Банк Таджикистан""",posted,2026-07-29T16:01:22.883478,203
ddf01a04dbc6e413,https://tj.linkedin.com/jobs/view/%D0%BC%D0%B5%D0%BD%D0%B5%D0%B4%D0%B6%D0%B5%D1%80-%D0%B3%D1%80%D1%83%D0%BF%D0%BF%D1%8B-%D1%81%D1%82%D1%80%D0%B0%D1%85%D0%BE%D0%B2%D1%8B%D1%85-%D0%B0%D0%B3%D0%B5%D0%BD%D1%82%D0%BE%D0%B2-%D0%B3-%D0%B4%D0%BC%D0%B8%D1%82%D1%80%D0%BE%D0%B2-at-rosgosstrakh-4444150023,Менеджер группы страховых агентов (г. Дмитров),,scraped,2026-07-29T20:22:03.220743,
98e62ece4c68ce51,https://tj.linkedin.com/jobs/view/%D0%B3%D0%BB%D0%B0%D0%B2%D0%BD%D1%8B%D0%B9-%D0%B1%D1%83%D1%85%D0%B3%D0%B0%D0%BB%D1%82%D0%B5%D1%80-at-microcredit-deposit-organization-furuz-4428919298,Главный бухгалтер,Microcredit Deposit Organization Furuz,failed|wp_post_failed,2026-07-29T20:23:30.304355,
8a2c6cef619f3149,https://tj.linkedin.com/jobs/view/senior-project-manager-remote-contract-at-infuse-4446864168,"Senior Project Manager (Remote, Contract)",INFUSE,posted,2026-07-30T07:42:29.416794,87
940dd80e7f4f15e5,https://tj.linkedin.com/jobs/view/%D0%BC%D0%B5%D0%B4%D0%B8%D1%86%D0%B8%D0%BD%D1%81%D0%BA%D0%B8%D0%B9-%D0%BF%D1%80%D0%B5%D0%B4%D1%81%D1%82%D0%B0%D0%B2%D0%B8%D1%82%D0%B5%D0%BB%D1%8C-at-somon-tj-4445436873,Медицинский представитель,Somon.tj,failed|wp_post_failed,2026-07-30T07:43:11.833997,
9fca54a9c8e5214c,https://tj.linkedin.com/jobs/view/%D0%B3%D0%BB%D0%B0%D0%B2%D0%BD%D1%8B%D0%B9-%D0%B1%D1%83%D1%85%D0%B3%D0%B0%D0%BB%D1%82%D0%B5%D1%80-at-somon-tj-4445425992,Главный Бухгалтер,Somon.tj,failed|wp_post_failed,2026-07-30T07:43:18.017134,
ae6ee4e826180a6b,https://tj.linkedin.com/jobs/view/international-evaluation-consultant-planning-monitoring-and-evaluation-section-6-13-months-dushanbe-tajikistan-internationals-only-home-based-with-travel-at-unicef-4446828434,"International Evaluation Consultant, Planning, Monitoring and Evaluation section, 6.13 months, Dushanbe, Tajikistan, (Internationals only), Home based with travel",UNICEF,posted,2026-07-30T07:43:33.901560,205
f8718ae743f981be,https://tj.linkedin.com/jobs/view/%D0%BC%D0%B5%D0%BD%D0%B5%D0%B4%D0%B6%D0%B5%D1%80-%D0%BF%D0%BE-%D1%80%D0%B0%D0%B1%D0%BE%D1%82%D0%B5-%D1%81-%D0%BA%D0%BB%D0%B8%D0%B5%D0%BD%D1%82%D0%B0%D0%BC%D0%B8-at-fun-sun-team-4443271167,Менеджер по работе с клиентами,,scraped,2026-07-30T07:43:44.672183,
8e2c89b07cfe54b1,https://tj.linkedin.com/jobs/view/%D1%80%D1%83%D0%BA%D0%BE%D0%B2%D0%BE%D0%B4%D0%B8%D1%82%D0%B5%D0%BB%D1%8C-%D0%BF%D0%BE-%D1%80%D0%B0%D0%B7%D0%B2%D0%B8%D1%82%D0%B8%D1%8E-%D1%81%D0%B5%D1%82%D0%B8-bpd-express-%D0%B2%D0%BE-%D1%84%D1%80%D0%B0%D0%BD%D1%86%D0%B8%D0%B8-regional-country-builder-france-at-bpd-express-gmbh-co-kg-4446834209,Руководитель по развитию сети BPD Express во Франции Regional Country Builder France,,scraped,2026-07-30T07:44:02.228282,
c8365f421ed683c9,https://tj.linkedin.com/jobs/view/%D1%81%D0%BF%D0%B5%D1%86%D0%B8%D0%B0%D0%BB%D0%B8%D1%81%D1%82-%D0%BF%D0%BE-%D0%BF%D1%80%D0%BE%D0%B4%D0%B0%D0%B6%D0%B0%D0%BC-sales-%D0%BC%D0%B5%D0%BD%D0%B5%D0%B4%D0%B6%D0%B5%D1%80-seo-at-bdbd-ru-4446195250,Специалист по продажам/Sales-менеджер SEO,bdbd.ru,posted,2026-07-30T18:59:54.962774,207
a574d6cd3608e75d,https://tj.linkedin.com/jobs/view/%D0%BC%D0%B5%D0%B4%D0%B8%D1%86%D0%B8%D0%BD%D1%81%D0%BA%D0%B8%D0%B9-%D0%BF%D1%80%D0%B5%D0%B4%D1%81%D1%82%D0%B0%D0%B2%D0%B8%D1%82%D0%B5%D0%BB%D1%8C-at-kama-llc-4446734925,Медицинский представитель,,scraped,2026-07-30T18:59:57.551061,
419d295a1396ca50,https://tj.linkedin.com/jobs/view/%D1%83%D0%B1%D0%BE%D1%80%D1%89%D0%B8%D1%86%D0%B0-at-somon-tj-4445433905,Уборщица,Somon.tj,failed|wp_post_failed,2026-07-30T19:00:09.595318,
f02ac933171c270c,https://tj.linkedin.com/jobs/view/%D1%80%D1%83%D0%BA%D0%BE%D0%B2%D0%BE%D0%B4%D0%B8%D1%82%D0%B5%D0%BB%D1%8C-%D0%BE%D1%82%D0%B4%D0%B5%D0%BB%D0%B0-%D0%BA%D0%B0%D0%B4%D1%80%D0%BE%D0%B2-at-somon-tj-4445447307,Руководитель отдела кадров,Somon.tj,failed|wp_post_failed,2026-07-30T19:00:13.558777,
56b90a0c939f6817,https://tj.linkedin.com/jobs/view/%D1%84%D1%96%D0%BD%D0%B0%D0%BD%D1%81%D0%BE%D0%B2%D0%B8%D0%B9-%D0%BC%D0%B5%D0%BD%D0%B5%D0%B4%D0%B6%D0%B5%D1%80-at-upg-4444864094,Фінансовий менеджер,,scraped,2026-07-30T19:00:28.050668,
7b8d326697e266d4,https://tj.linkedin.com/jobs/view/%D0%BC%D0%B0%D1%88%D0%B8%D0%BD%D1%96%D1%81%D1%82-%D0%B1%D1%83%D0%BB%D1%8C%D0%B4%D0%BE%D0%B7%D0%B5%D1%80%D0%B0-%D0%BD%D0%B0-%D0%BA%D0%B0%D1%80%E2%80%99%D1%94%D1%80-at-lviv-quartz-4447011225,Машиніст бульдозера на кар’єр,,scraped,2026-07-30T19:00:47.702552,
6128cee98d8260a4,https://tj.linkedin.com/jobs/view/%D1%81%D0%BE%D1%82%D1%80%D1%83%D0%B4%D0%BD%D0%B8%D0%BA-%D0%BD%D0%B0-%D1%80%D0%B5%D1%81%D0%B5%D0%BF%D1%88%D0%BD-at-somon-tj-4445435877,Сотрудник на ресепшн,Somon.tj,failed|wp_post_failed,2026-07-30T19:01:07.077054,
f97c037313ee243c,https://tj.linkedin.com/jobs/view/%D0%BA%D0%BB%D0%B0%D0%B4%D0%BE%D0%B2%D1%89%D0%B8%D0%BA-at-astros-logistics-4447097555,Кладовщик,,scraped,2026-07-30T23:36:47.491931,
ff339e6c40219e16,https://tj.linkedin.com/jobs/view/%D0%BF%D1%80%D0%B8%D0%B1%D0%B8%D1%80%D0%B0%D0%BB%D1%8C%D0%BD%D0%B8%D0%BA-%D1%81%D0%BB%D1%83%D0%B6%D0%B1%D0%BE%D0%B2%D0%B8%D1%85-%D0%BF%D1%80%D0%B8%D0%BC%D1%96%D1%89%D0%B5%D0%BD%D1%8C-at-%D0%B1%D0%BB%D0%B8%D0%B7%D0%B5%D0%BD%D1%8C%D0%BA%D0%BE-4443229482,Прибиральник службових приміщень,Близенько,failed|wp_post_failed,2026-07-30T23:37:33.051625,
d8d5affdbde07dd1,https://tj.linkedin.com/jobs/view/%D0%B2%D0%BD%D1%83%D1%82%D1%80%D0%B5%D0%BD%D0%BD%D0%B8%D0%B9-%D0%B0%D1%83%D0%B4%D0%B8%D1%82%D0%BE%D1%80-at-somon-tj-4445452001,Внутренний аудитор,Somon.tj,failed|wp_post_failed,2026-07-30T23:37:39.276643,
6683a0efd13f2435,https://tj.linkedin.com/jobs/view/%D1%80%D1%83%D0%BA%D0%BE%D0%B2%D0%BE%D0%B4%D0%B8%D1%82%D0%B5%D0%BB%D1%8C-%D0%BF%D0%BE-%D1%80%D0%B0%D0%B7%D0%B2%D0%B8%D1%82%D0%B8%D1%8E-%D0%BF%D1%80%D0%BE%D0%B4%D0%B0%D0%B6-%D0%BC%D0%B0%D0%BA%D0%B0%D1%80%D0%BE%D0%BD%D0%BD%D1%8B%D1%85-%D0%B8%D0%B7%D0%B4%D0%B5%D0%BB%D0%B8%D0%B9-at-somon-tj-4445444754,Руководитель по развитию продаж макаронных изделий,Somon.tj,failed|wp_post_failed,2026-07-30T23:37:53.743873,
feca01c08fd42372,https://tj.linkedin.com/jobs/view/senior-product-manager-remote-contract-at-infuse-4447217865,"Senior Product Manager (Remote, Contract)",INFUSE,posted,2026-07-31T10:04:33.286914,85
e7f8b7db70c9eed7,https://tj.linkedin.com/jobs/view/data-focused-project-coordinator-remote-contract-at-infuse-4447097596,"Data-Focused Project Coordinator (Remote, Contract)",INFUSE,posted,2026-07-31T10:04:38.531747,31
896e46b36f22eb65,https://tj.linkedin.com/jobs/view/%D0%BC%D0%B5%D0%BD%D0%B5%D0%B4%D0%B6%D0%B5%D1%80-%D0%BE%D1%82%D0%B4%D0%B5%D0%BB%D0%B0-%D0%BA%D0%B0%D0%B4%D1%80%D0%BE%D0%B2-at-llc-somon-kishovarz-4445079432,Менеджер отдела кадров,,scraped,2026-07-31T10:05:02.869272,
52810c0aaebb68d5,https://tj.linkedin.com/jobs/view/%D0%B2%D0%B5%D0%B4%D1%83%D1%89%D0%B8%D0%B9-%D0%B8%D0%BD%D0%B6%D0%B5%D0%BD%D0%B5%D1%80-%D0%BF%D0%BE-%D1%80%D0%B5%D0%B7%D0%B5%D1%80%D0%B2%D0%BD%D0%BE%D0%BC%D1%83-%D0%BA%D0%BE%D0%BF%D0%B8%D1%80%D0%BE%D0%B2%D0%B0%D0%BD%D0%B8%D1%8E-%D0%B8-%D0%B0%D0%B2%D0%B0%D1%80%D0%B8%D0%B9%D0%BD%D0%BE%D0%BC%D1%83-%D0%B2%D0%BE%D1%81%D1%81%D1%82%D0%B0%D0%BD%D0%BE%D0%B2%D0%BB%D0%B5%D0%BD%D0%B8%D1%8E-backup-disaster-recovery-engineer-at-alif-tech-tajikistan-4445078283,Ведущий инженер по резервному копированию и аварийному восстановлению (Backup & Disaster Recovery Engineer),Alif Tech Tajikistan,posted,2026-07-31T10:05:26.418748,209
4d0f65ede41b6e84,https://tj.linkedin.com/jobs/view/%D0%BC%D0%B5%D0%BD%D0%B5%D0%B4%D0%B6%D0%B5%D1%80-at-somon-tj-4445532191,Менеджер,Somon.tj,failed|wp_post_failed,2026-07-31T17:12:54.581524,
3d89f19e71cc0966,https://tj.linkedin.com/jobs/view/%D0%B3%D0%BB%D0%B0%D0%B2%D0%BD%D1%8B%D0%B9-%D0%B8%D0%BD%D0%B6%D0%B5%D0%BD%D0%B5%D1%80-%D0%B8%D0%BD%D0%B6%D0%B5%D0%BD%D0%B5%D1%80-%D1%81%D1%82%D1%80%D0%BE%D0%B8%D1%82%D0%B5%D0%BB%D1%8C-at-astro-bt-4447133342,Главный инженер (Инженер - строитель),,scraped,2026-07-31T17:12:56.899419,
9fb4b4bbb83305ff,https://tj.linkedin.com/jobs/view/%D1%82%D0%BE%D1%80%D0%B3%D0%BE%D0%B2%D1%8B%D0%B9-%D0%BF%D1%80%D0%B5%D0%B4%D1%81%D1%82%D0%B0%D0%B2%D0%B8%D1%82%D0%B5%D0%BB%D1%8C-at-somon-tj-4445438869,Торговый представитель,Somon.tj,failed|wp_post_failed,2026-07-31T17:13:11.845659,
879744fa3303695c,https://tj.linkedin.com/jobs/view/%D0%BB%D1%8D%D0%BA%D1%85%D0%B0%D0%B9%D1%82-at-lackhite-4445584875,ЛЭКХАЙТ,lackhite,failed|wp_post_failed,2026-08-01T07:26:28.850730,
0165fed5aeb38705,https://tj.linkedin.com/jobs/view/program-officer-at-center-for-international-private-enterprise-4445524710,Program Officer,Center for International Private Enterprise,posted,2026-08-01T15:42:49.106348,211
b155f13fe4f445ef,https://tj.linkedin.com/jobs/view/%D0%B3%D0%BB%D0%B0%D0%B2%D0%BD%D1%8B%D0%B9-%D0%B1%D1%83%D1%85%D0%B3%D0%B0%D0%BB%D1%82%D0%B5%D1%80-4413606030,Главный бухгалтер,Ритейл - сеть магазинов,failed|wp_post_failed,2026-08-01T15:42:56.574819,
6b4b0a25e686b92e,https://tj.linkedin.com/jobs/view/%D0%BA%D0%B5%D1%80%D1%83%D1%8E%D1%87%D0%B8%D0%B9-%D0%BC%D0%B0%D0%B3%D0%B0%D0%B7%D0%B8%D0%BD%D1%83-at-%D0%B1%D0%BB%D0%B8%D0%B7%D0%B5%D0%BD%D1%8C%D0%BA%D0%BE-4443225755,Керуючий магазину,Близенько,failed|wp_post_failed,2026-08-02T07:42:10.814580,
8fcbfea809296c23,https://tj.linkedin.com/jobs/view/%D0%B2%D0%BE%D0%B4%D1%96%D0%B9-%D0%BD%D0%B0-%D0%B2%D0%B0%D0%BD%D1%82%D0%B0%D0%B6%D0%BD%D0%B8%D0%B9-%D0%B0%D0%B2%D1%82%D0%BE%D0%BC%D0%BE%D0%B1%D1%96%D0%BB%D1%8C-at-skloresurs-4443248957,Водій на вантажний автомобіль,,scraped,2026-08-02T11:46:10.780272,
f643302a40028748,https://tj.linkedin.com/jobs/view/%D0%BF%D0%BE%D0%B2%D0%B0%D1%80-%D0%BD%D0%B0-%D0%BC%D0%B0%D0%BD%D0%B3%D0%B0%D0%BB%D0%B5-at-somon-tj-4445855584,Повар на мангале,Somon.tj,failed|wp_post_failed,2026-08-02T20:15:44.250847,
0bb40b4f4b7f983d,https://tj.linkedin.com/jobs/view/%D1%80%D0%B0%D0%B1%D0%BE%D1%82%D0%B0-%D1%81-%D0%BF%D0%BE%D1%81%D0%BB%D0%B5%D0%B4%D1%81%D1%82%D0%B2%D0%B8%D1%8F%D0%BC%D0%B8-%D0%BF%D1%81%D0%B8%D1%85%D0%BE%D1%82%D1%80%D0%B0%D0%B2%D0%BC%D0%B8%D1%80%D1%83%D1%8E%D1%89%D0%B8%D1%85-%D1%81%D0%BE%D0%B1%D1%8B%D1%82%D0%B8%D0%B9-at-contemporary-psychodrama-workshop-4445555370,Работа с последствиями психотравмирующих событий,,scraped,2026-08-02T22:51:34.301638,
0cf97aa8ca662491,https://tj.linkedin.com/jobs/view/%D0%B8%D0%BD%D0%B6%D0%B5%D0%BD%D0%B5%D1%80-%D0%BF%D0%BB%D0%B0%D0%BD%D0%B8%D1%80%D0%BE%D0%B2%D1%89%D0%B8%D0%BA%E2%80%A6-at-%D0%BE%D0%BE%D0%BE-%D0%BA4-4447647890,Инженер-планировщик…,,scraped,2026-08-02T22:51:52.002070,
11d4bd1a6df9c24d,https://tj.linkedin.com/jobs/view/%D0%B2%D0%BE%D0%B4%D0%B8%D1%82%D0%B5%D0%BB%D1%8C-%D0%B4%D0%BE%D1%81%D1%82%D0%B0%D0%B2%D1%89%D0%B8%D0%BA-%D1%81-%D0%BB%D0%B8%D1%87%D0%BD%D1%8B%D0%BC-%D0%B0%D0%B2%D1%82%D0%BE-at-somon-tj-4445842706,Водитель-доставщик с личным авто,Somon.tj,posted,2026-08-02T22:52:08.191183,213
3e3409f4d6921271,https://tj.linkedin.com/jobs/view/%D1%80%D1%83%D0%BA%D0%BE%D0%B2%D0%BE%D0%B4%D0%B8%D1%82%D0%B5%D0%BB%D1%8C-%D1%86%D0%B1%D0%BE-%D0%B2-%D0%B3-%D0%B1%D1%83%D1%81%D1%82%D0%BE%D0%BD-at-%D0%B7%D0%B0%D0%BE-%D0%B0%D0%BA%D1%82%D0%B8%D0%B2-%D0%B1%D0%B0%D0%BD%D0%BA-%D1%82%D0%B0%D0%B4%D0%B6%D0%B8%D0%BA%D0%B8%D1%81%D1%82%D0%B0%D0%BD-4446817243,Руководитель ЦБО в г. Бустон,"ЗАО ""Актив Банк Таджикистан""",posted,2026-08-03T02:13:51.286550,215
0720277a8484cc1b,https://tj.linkedin.com/jobs/view/%D1%83%D1%81%D1%82%D0%BE-%D0%B4%D0%B0%D1%80-%D1%81%D0%B5%D1%85-at-somon-tj-4445854543,Усто дар сех,Somon.tj,failed|wp_post_failed,2026-08-03T02:14:01.714467,
ed39c0d0ddeb876a,https://tj.linkedin.com/jobs/view/%D0%BA%D0%BE%D1%80%D0%B3%D0%B0%D1%80-%D0%B4%D0%B0%D1%80-%D1%81%D0%B5%D1%85%D0%B8-%D1%80%D0%B5%D0%BA%D0%BB%D0%B0%D0%BC%D0%B0%D0%B8-%D0%B1%D0%B5%D1%80%D1%83%D0%BD%D0%B0-at-somon-tj-4445849631,Коргар дар сехи рекламаи беруна,Somon.tj,failed|wp_post_failed,2026-08-03T02:14:05.890833,
72f9ab30c7bf715e,https://tj.linkedin.com/jobs/view/%D0%B8%D0%BD%D0%B6%D0%B5%D0%BD%D0%B5%D1%80-%D0%BF%D1%80%D0%BE%D0%B5%D0%BA%D1%82%D0%B8%D1%80%D0%BE%D0%B2%D1%89%D0%B8%D0%BA%E2%80%A6-at-%D0%BE%D0%BE%D0%BE-%D0%BA4-4447661081,Инженер-проектировщик…,,scraped,2026-08-03T02:14:10.492102,
7dddbb622b3801a4,https://tj.linkedin.com/jobs/view/%D1%80%D1%83%D0%BA%D0%BE%D0%B2%D0%BE%D0%B4%D0%B8%D1%82%D0%B5%D0%BB%D1%8C-%D0%BF%D1%80%D0%BE%D0%B5%D0%BA%D1%82%D0%B0%E2%80%A6-at-%D0%BE%D0%BE%D0%BE-%D0%BA4-4447653280,Руководитель проекта…,,scraped,2026-08-03T06:55:15.445202,
5c26a336408afa91,https://tj.linkedin.com/jobs/view/%D1%81%D0%BF%D0%B5%D1%86%D0%B8%D0%B0%D0%BB%D0%B8%D1%81%D1%82-%D0%BF%D0%BE-%D1%80%D0%B0%D0%B7%D1%80%D0%B0%D0%B1%D0%BE%D1%82%D0%BA%D0%B5-%D0%BF%D0%BE%D1%81%E2%80%A6-at-%D0%BE%D0%BE%D0%BE-%D0%BA4-4447655219,Специалист по разработке ПОС…,,scraped,2026-08-03T06:55:36.294498,
602092478779a1ee,https://tj.linkedin.com/jobs/view/volunteer-at-rousto-charity-4445590852,Volunteer,Rousto Charity,posted,2026-08-03T06:55:58.344606,217
b5f8098f88491bad,https://tj.linkedin.com/jobs/view/%D0%BE%D1%84%D0%B8%D1%86%D0%B8%D0%B0%D0%BD%D1%82-at-somon-tj-4445539085,Официант,Somon.tj,failed|wp_post_failed,2026-08-03T14:27:01.996233,
3a2426222ff4f277,https://tj.linkedin.com/jobs/view/%D1%80%D1%83%D0%BA%D0%BE%D0%B2%D0%BE%D0%B4%D0%B8%D1%82%D0%B5%D0%BB%D1%8C-%D0%BE%D1%82%D0%B4%D0%B5%D0%BB%D0%B0-%D0%BF%D0%BE-%D1%80%D0%B0%D0%B1%D0%BE%D1%82%D0%B5-%D1%81-%D0%BD%D0%B5%D1%80%D0%B5%D0%B7%D0%B8%D0%B4%D0%B5%D0%BD%D1%82%D0%B0%D0%BC%D0%B8-%D0%BA%D0%B8%D0%B5%D0%B2-at-profi-space-media-4447788455,Руководитель отдела по работе с нерезидентами (Киев),,scraped,2026-08-03T17:46:52.227437,
ae4ea5d20c870776,https://tj.linkedin.com/jobs/view/%D1%83%D0%BA%D1%80%D0%B0%D1%97%D0%BD%D1%81%D1%8C%D0%BA%D0%B0-%D0%BC%D0%B5%D0%BD%D0%B5%D0%B4%D0%B6%D0%B5%D1%80-%D0%B7-%D0%BF%D1%80%D0%BE%D0%B4%D0%B0%D0%B6%D1%83-%D0%BC-%D0%BA%D0%B8%D1%97%D0%B2-at-o-l-kar-4446559297,(Українська) Менеджер з продажу м.Київ,,scraped,2026-08-03T17:47:01.783778,
91af28f5f77e6600,https://tj.linkedin.com/jobs/view/%D0%BC%D0%B5%D0%BD%D0%B5%D0%B4%D0%B6%D0%B5%D1%80-%D0%BF%D0%BE-%D1%80%D0%B0%D0%B1%D0%BE%D1%82%D0%B5-%D1%81-%D0%BA%D0%BB%D0%B8%D0%B5%D0%BD%D1%82%D0%B0%D0%BC%D0%B8-at-academperevod-translation-agency-4448673206,Менеджер по работе с клиентами,,scraped,2026-08-04T01:59:43.109489,
87dfc81ceb96cb30,https://tj.linkedin.com/jobs/view/conductor-a-autob%C3%BAs-at-transbages-sl-4448616211,Conductor/a autobús,TRANSBAGES SL,posted,2026-08-04T08:28:59.556758,219
4ee9ea7a35d7e485,https://tj.linkedin.com/jobs/view/travel-agent-at-kyrgyz-concept-education-4448839418,Travel agent,Kyrgyz Concept Education,posted,2026-08-04T12:00:20.917168,221
75bc963148082cc1,https://tj.linkedin.com/jobs/view/data-focused-project-coordinator-remote-contract-at-infuse-4448884102,"Data-Focused Project Coordinator (Remote, Contract)",INFUSE,posted,2026-08-04T14:31:36.449028,31
211564a187b2cc38,https://tj.linkedin.com/jobs/view/%D0%BF%D1%80%D0%B8%D0%B1%D0%B8%D1%80%D0%B0%D0%BB%D1%8C%D0%BD%D0%B8%D0%BA-%D1%81%D0%BB%D1%83%D0%B6%D0%B1%D0%BE%D0%B2%D0%B8%D1%85-%D0%BF%D1%80%D0%B8%D0%BC%D1%96%D1%89%D0%B5%D0%BD%D1%8C-at-%D0%B1%D0%BB%D0%B8%D0%B7%D0%B5%D0%BD%D1%8C%D0%BA%D0%BE-4449037325,Прибиральник службових приміщень,Близенько,failed|wp_post_failed,2026-08-04T19:23:55.741274,
d2b51bebd09d7707,https://tj.linkedin.com/jobs/view/%D0%BF%D1%80%D0%BE%D0%B4%D0%B0%D0%B2%D0%B5%D1%86%D1%8C-%D0%BA%D0%BE%D0%BD%D1%81%D1%83%D0%BB%D1%8C%D1%82%D0%B0%D0%BD%D1%82-at-%D0%B1%D0%BB%D0%B8%D0%B7%D0%B5%D0%BD%D1%8C%D0%BA%D0%BE-4449033419,Продавець-консультант,Близенько,posted,2026-08-04T19:24:14.664020,223
4f553b561de88795,https://tj.linkedin.com/jobs/view/%D0%BF%D1%80%D0%BE%D0%B4%D0%B0%D0%B2%D0%B5%D1%86%D1%8C-%D0%BA%D0%BE%D0%BD%D1%81%D1%83%D0%BB%D1%8C%D1%82%D0%B0%D0%BD%D1%82-at-%D0%B1%D0%BB%D0%B8%D0%B7%D0%B5%D0%BD%D1%8C%D0%BA%D0%BE-4449039255,Продавець-консультант,Близенько,scraped,2026-08-04T19:24:18.762109,
ebd0be110e903d24,https://tj.linkedin.com/jobs/view/%D0%BF%D1%80%D0%BE%D0%B4%D0%B0%D0%B2%D0%B5%D1%86%D1%8C-%D0%BA%D0%BE%D0%BD%D1%81%D1%83%D0%BB%D1%8C%D1%82%D0%B0%D0%BD%D1%82-at-%D0%B1%D0%BB%D0%B8%D0%B7%D0%B5%D0%BD%D1%8C%D0%BA%D0%BE-4449027886,Продавець-консультант,Близенько,scraped,2026-08-04T19:24:22.934373,
1d0449cb35fcd55a,https://tj.linkedin.com/jobs/view/%D0%BD%D0%B5%D1%80%D0%B0%D0%B7%D1%80%D1%83%D1%88%D0%B0%D1%8E%D1%89%D0%B8%D0%B9-%D0%BA%D0%BE%D0%BD%D1%82%D1%80%D0%BE%D0%BB%D1%8C-at-llc-kdc-control-diagnostic-center-4449044902,Неразрушающий контроль,LLC KDC (Control-Diagnostic Center),failed|wp_post_failed,2026-08-04T21:06:18.992115,
bbd40b8650e0af6b,https://tj.linkedin.com/jobs/view/%D0%BF%D1%80%D0%B8%D0%B1%D0%B8%D1%80%D0%B0%D0%BB%D1%8C%D0%BD%D0%B8%D0%BA-%D1%81%D0%BB%D1%83%D0%B6%D0%B1%D0%BE%D0%B2%D0%B8%D1%85-%D0%BF%D1%80%D0%B8%D0%BC%D1%96%D1%89%D0%B5%D0%BD%D1%8C-at-%D0%B1%D0%BB%D0%B8%D0%B7%D0%B5%D0%BD%D1%8C%D0%BA%D0%BE-4449045291,Прибиральник службових приміщень,Близенько,failed|wp_post_failed,2026-08-04T21:06:31.306246,
d04a4b8a9c10cef8,https://tj.linkedin.com/jobs/view/%D0%BF%D1%80%D0%BE%D0%B4%D0%B0%D0%B2%D0%B5%D1%86%D1%8C-%D0%BA%D0%BE%D0%BD%D1%81%D1%83%D0%BB%D1%8C%D1%82%D0%B0%D0%BD%D1%82-at-%D0%B1%D0%BB%D0%B8%D0%B7%D0%B5%D0%BD%D1%8C%D0%BA%D0%BE-4449026950,Продавець-консультант,Близенько,posted,2026-08-04T22:57:53.505546,225
7f854d491f7ee00f,https://tj.linkedin.com/jobs/view/%D1%81%D1%82%D0%B0%D0%B6%D1%91%D1%80-%D1%80%D0%B0%D0%B7%D1%80%D0%B0%D0%B1%D0%BE%D1%82%D1%87%D0%B8%D0%BA-%D1%81%2B%2B-%D0%B3-%D0%BF%D0%B5%D1%80%D0%BC%D1%8C-at-foresight-4449066218,"Стажёр-разработчик С++, г. Пермь",,scraped,2026-08-04T22:57:58.021298,
4ae4032d03ff8f62,https://tj.linkedin.com/jobs/view/%D1%80%D1%96%D0%B7%D0%BD%D0%BE%D1%80%D0%BE%D0%B1%D0%BE%D1%87%D0%B8%D0%B9-at-bukovel-4449082061,Різноробочий,,scraped,2026-08-04T22:58:10.265066,
595a23e61ca19198,https://tj.linkedin.com/jobs/view/%D1%80%D1%8F%D1%82%D1%83%D0%B2%D0%B0%D0%BB%D1%8C%D0%BD%D0%B8%D0%BA-at-bukovel-4449076504,Рятувальник,,scraped,2026-08-04T22:58:17.455614,
c5d7b04f97dd861c,https://tj.linkedin.com/jobs/view/%D0%B4%D0%BE%D1%80%D0%BE%D0%B6%D0%BD%D1%96%D0%B9-%D0%BF%D1%80%D0%B0%D1%86%D1%96%D0%B2%D0%BD%D0%B8%D0%BA-at-bukovel-4449082036,Дорожній працівник,,scraped,2026-08-04T22:58:24.473049,
f9a9508d440c0356,https://tj.linkedin.com/jobs/view/%D0%BE%D1%85%D0%BE%D1%80%D0%BE%D0%BD%D0%BD%D0%B8%D0%BA-at-bukovel-4449080100,Охоронник,,scraped,2026-08-04T22:58:31.785713,
96cc039a697b0f6a,https://tj.linkedin.com/jobs/view/%D0%BF%D0%BE%D1%81%D1%83%D0%B4%D0%BE%D0%BC%D0%B8%D0%B9%D0%BD%D0%B8%D1%86%D1%8F-at-bukovel-4449084042,Посудомийниця,,scraped,2026-08-04T22:58:38.806881,
c7a6566b2c1d5618,https://tj.linkedin.com/jobs/view/%D0%BF%D1%80%D0%B8%D0%B1%D0%B8%D1%80%D0%B0%D0%BB%D1%8C%D0%BD%D0%B8%D1%86%D1%8F-%D0%B2-%D0%B7%D0%B0%D0%BB-at-bukovel-4449081084,Прибиральниця в зал,,scraped,2026-08-04T22:58:45.997275,
9b0bb97dc533398e,https://tj.linkedin.com/jobs/view/%D0%BC%D0%B5%D0%BD%D0%B5%D0%B4%D0%B6%D0%B5%D1%80-%D1%96%D0%BD%D1%84%D0%BE%D1%80%D0%BC%D0%B0%D1%86%D1%96%D0%B9%D0%BD%D0%BE%D0%B3%D0%BE-%D1%86%D0%B5%D0%BD%D1%82%D1%80%D1%83-at-bukovel-4449066919,Менеджер інформаційного центру,,scraped,2026-08-04T22:58:53.167571,
73577a965a31725a,https://tj.linkedin.com/jobs/view/%D0%BA%D1%83%D1%85%D0%B0%D1%80-%D1%85%D0%BE%D0%BB%D0%BE%D0%B4%D0%BD%D0%BE%D0%B3%D0%BE-%D0%BF%D1%80%D0%BE%D1%86%D0%B5%D1%81%D1%83-numo-at-bukovel-4449066908,Кухар холодного процесу NUMO,,scraped,2026-08-04T22:59:00.423034,
1e92abc0deec8abb,https://tj.linkedin.com/jobs/view/%D1%82%D0%B5%D1%85%D0%BD%D1%96%D0%BA-%D0%B2-%D1%96%D1%82-%D0%B2%D1%96%D0%B4%D0%B4%D1%96%D0%BB-at-bukovel-4449078214,Технік в ІТ-відділ,,scraped,2026-08-04T22:59:07.510172,
fb9c21b7ed773323,https://tj.linkedin.com/jobs/view/%D0%B2%D0%BE%D0%B4%D1%96%D0%B9-%D0%BA%D0%B0%D1%82-%D1%81-%D1%81%D0%B5-at-bukovel-4449077220,"Водій кат. С,СЕ",,scraped,2026-08-04T22:59:14.630539,
f5612b342ed14d01,https://tj.linkedin.com/jobs/view/%D0%BA%D1%83%D1%85%D0%B0%D1%80-%D0%B3%D0%B0%D1%80%D1%8F%D1%87%D0%BD%D0%B8%D0%BA-at-bukovel-4449079213,Кухар-гарячник,,scraped,2026-08-04T22:59:21.926813,
de2ed41cc5ed728a,https://tj.linkedin.com/jobs/view/%D0%B0%D0%B4%D0%BC%D1%96%D0%BD%D1%96%D1%81%D1%82%D1%80%D0%B0%D1%82%D0%BE%D1%80-%D1%80%D0%B5%D1%86%D0%B5%D0%BF%D1%86%D1%96%D1%97-%D0%B2-%D0%BC%D0%B5%D0%B4%D0%B8%D1%87%D0%BD%D0%B8%D0%B9-%D1%86%D0%B5%D0%BD%D1%82%D1%80-at-bukovel-4449074607,Адміністратор рецепції в медичний центр,,scraped,2026-08-04T22:59:29.016233,
ef924344ad63005e,https://tj.linkedin.com/jobs/view/%D0%BC%D0%B5%D0%BD%D0%B5%D0%B4%D0%B6%D0%B5%D1%80-%D0%BF%D0%BE-%D0%BF%D1%80%D0%BE%D0%B4%D0%B0%D0%B6%D0%B0%D0%BC-%D0%BE%D1%81%D0%B2%D0%B5%D1%82%D0%B8%D1%82%D0%B5%D0%BB%D1%8C%D0%BD%D0%BE%D0%B5-%D0%BE%D0%B1%D0%BE%D1%80%D1%83%D0%B4%D0%BE%D0%B2%D0%B0%D0%BD%D0%B8%D0%B5-at-%D0%B5%D1%82s-european-trade-systems-4448575428,Менеджер по продажам (осветительное оборудование),,scraped,2026-08-04T22:59:36.481927,
53bdb81faea38cc7,https://tj.linkedin.com/jobs/view/%D0%BA%D0%B0%D1%81%D0%B8%D1%80-%D0%B2-%D0%B0%D0%BA%D0%B2%D0%B0%D0%BF%D0%B0%D1%80%D0%BA-at-bukovel-4449076508,Касир в аквапарк,,scraped,2026-08-04T22:59:44.758456,
3e5b25236f445f58,https://tj.linkedin.com/jobs/view/%D0%BA%D0%B0%D1%81%D0%B8%D1%80-%D0%B2-%D0%BC%D0%B5%D0%B4%D0%B8%D1%87%D0%BD%D0%B8%D0%B9-%D1%86%D0%B5%D0%BD%D1%82%D1%80-at-bukovel-4449068914,Касир в медичний центр,,scraped,2026-08-04T22:59:51.820694,
fccb9b8c02e07585,https://tj.linkedin.com/jobs/view/%D1%81%D1%83%D0%BF%D0%B5%D1%80%D0%B2%D0%B0%D0%B9%D0%B7%D0%B5%D1%80-%D1%81%D1%82%D0%B0%D1%80%D1%88%D0%B0-%D0%BF%D0%BE%D0%BA%D0%BE%D1%97%D0%B2%D0%BA%D0%B0-%D0%B2-%D0%B3%D0%BE%D1%82%D0%B5%D0%BB%D1%8C-at-bukovel-4449062987,Супервайзер (старша покоївка) в готель,,scraped,2026-08-05T05:17:30.632872,
43f8b2b0bc48d917,https://tj.linkedin.com/jobs/view/%D0%BE%D0%BF%D0%B5%D1%80%D0%B0%D1%82%D0%BE%D1%80-%D0%B0%D0%B2%D1%82%D0%BE%D0%BA%D1%80%D0%B0%D0%BD%D0%B0-at-bukovel-4449079224,Оператор автокрана,,scraped,2026-08-05T05:17:38.421314,
e82e9dd926d6465a,https://tj.linkedin.com/jobs/view/%D0%BC%D0%B5%D0%BD%D0%B5%D0%B4%D0%B6%D0%B5%D1%80-%D0%B7%D1%96-%D1%81%D1%82%D1%80%D0%B0%D1%85%D1%83%D0%B2%D0%B0%D0%BD%D0%BD%D1%8F-at-bukovel-4449063923,Менеджер зі страхування,,scraped,2026-08-05T05:17:50.027124,
7126ca8fffe1385b,https://tj.linkedin.com/jobs/view/%D0%BE%D0%BF%D0%B5%D1%80%D0%B0%D1%82%D0%BE%D1%80-%D0%B5%D0%BA%D1%81%D0%BA%D0%B0%D0%B2%D0%B0%D1%82%D0%BE%D1%80%D0%B0-at-bukovel-4449073653,Оператор екскаватора,,scraped,2026-08-05T08:27:51.874431,
8baced3a91c219af,https://tj.linkedin.com/jobs/view/%D0%BA%D0%B5%D1%80%D1%96%D0%B2%D0%BD%D0%B8%D0%BA-%D0%BC%D0%B0%D0%B3%D0%B0%D0%B7%D0%B8%D0%BD%D1%83-at-bukovel-4449084017,Керівник магазину,,scraped,2026-08-05T08:27:59.358302,
5cb207bd0135f6ea,https://tj.linkedin.com/jobs/view/%D1%96%D0%BD%D1%81%D1%82%D1%80%D1%83%D0%BA%D1%82%D0%BE%D1%80-%D0%B0%D1%82%D1%80%D0%B0%D0%BA%D1%86%D1%96%D0%BE%D0%BD%D1%83-at-bukovel-4449068886,Інструктор атракціону,,scraped,2026-08-05T08:28:09.211038,
55cbcfa0241c9a8f,https://tj.linkedin.com/jobs/view/%D1%96%D0%BD%D0%B6%D0%B5%D0%BD%D0%B5%D1%80-%D0%BA%D0%BE%D0%BD%D1%81%D1%82%D1%80%D1%83%D0%BA%D1%82%D0%BE%D1%80-at-bukovel-4449074591,Інженер-конструктор,,scraped,2026-08-05T08:28:21.174879,
608857a7e5d25710,https://tj.linkedin.com/jobs/view/%D0%BF%D1%80%D0%BE%D0%B4%D0%B0%D0%B2%D0%B5%D1%86%D1%8C-%D0%BA%D0%BE%D0%BD%D1%81%D1%83%D0%BB%D1%8C%D1%82%D0%B0%D0%BD%D1%82-at-%D0%B1%D0%BB%D0%B8%D0%B7%D0%B5%D0%BD%D1%8C%D0%BA%D0%BE-4449453830,Продавець-консультант,Близенько,posted,2026-08-05T11:54:47.599017,227
94d0e787f7032dae,https://tj.linkedin.com/jobs/view/%D1%81%D0%BF%D0%B5%D1%86%D1%96%D0%B0%D0%BB%D1%96%D1%81%D1%82-%D0%BF%D0%BE-%D0%BC%D0%B0%D1%80%D0%BA%D0%B5%D1%82%D0%B8%D0%BD%D0%B3%D1%83-%D0%BC-%D1%83%D0%B6%D0%B3%D0%BE%D1%80%D0%BE%D0%B4-at-keepincrm-4449474014,Спеціаліст по маркетингу [м. Ужгород],KeepinCRM,posted,2026-08-05T11:55:11.234528,229
199212d65bf889a4,https://tj.linkedin.com/jobs/view/%D0%BC%D0%B5%D0%BD%D0%B5%D0%B4%D0%B6%D0%B5%D1%80-%D0%BF%D1%80%D0%BE%D0%B5%D0%BA%D1%82%D0%BE%D0%B2-%D1%81%D0%BE-%D0%B7%D0%BD%D0%B0%D0%BD%D0%B8%D0%B5%D0%BC-%D0%B0%D0%BD%D0%B3%D0%BB%D0%B8%D0%B9%D1%81%D0%BA%D0%BE%D0%B3%D0%BE-%D1%8F%D0%B7%D1%8B%D0%BA%D0%B0-at-%D0%B5%D1%82s-european-trade-systems-4448985383,Менеджер проектов (со знанием английского языка),,scraped,2026-08-05T11:55:15.779472,
f5900623d1666ee9,https://tj.linkedin.com/jobs/view/%D0%BA%D0%B5%D1%80%D1%96%D0%B2%D0%BD%D0%B8%D0%BA-%D0%BD%D0%B0%D0%BF%D1%80%D1%8F%D0%BC%D0%BA%D1%83-bukovel-experiences-at-bukovel-4449080096,Керівник напрямку Bukovel Experiences,,scraped,2026-08-05T11:55:28.314976,
545b0d13d1b3415d,https://tj.linkedin.com/jobs/view/%D0%B3%D1%96%D1%80%D1%81%D1%8C%D0%BA%D0%B8%D0%B9-%D0%B3%D1%96%D0%B4-at-bukovel-4449063931,Гірський гід,,scraped,2026-08-05T11:55:35.774735,
8d4f38e65ed64eeb,https://tj.linkedin.com/jobs/view/%D0%BA%D0%BE%D0%BD%D1%82%D1%80%D0%BE%D0%BB%D0%B5%D1%80-%D0%BD%D0%B0-%D0%B2%D0%B8%D1%82%D1%8F%D0%B3%D0%B8-at-bukovel-4449071801,Контролер на витяги,,scraped,2026-08-05T11:55:49.230956,
fc2d404cee4aabab,https://tj.linkedin.com/jobs/view/%D0%BE%D0%BF%D0%B5%D1%80%D0%B0%D1%82%D0%BE%D1%80-%D0%B3%D1%96%D1%80%D0%BE%D0%BA-at-bukovel-4449083022,Оператор гірок,,scraped,2026-08-05T11:55:56.567892,
3db6b055c9d20b98,https://tj.linkedin.com/jobs/view/%D0%BC%D0%BE%D0%BD%D1%82%D0%B0%D0%B6%D0%BD%D0%B8%D0%BA-%D1%86%D1%8F-%D1%81%D0%BE%D0%BD%D1%8F%D1%87%D0%BD%D0%B8%D1%85-%D0%BF%D0%B0%D0%BD%D0%B5%D0%BB%D0%B5%D0%B9-at-reskilling-ukraine-4447358577,Монтажник/ця сонячних панелей,Reskilling Ukraine,posted,2026-08-05T11:56:11.919922,231
b38925a49be2bd58,https://tj.linkedin.com/jobs/view/%D0%B2%D0%BE%D0%B4%D1%96%D0%B9-%D0%BA%D0%B0-%D0%BA%D0%B0%D1%82%D0%B5%D0%B3%D0%BE%D1%80%D1%96%D1%97-ce-adr-at-reskilling-ukraine-4447369091,Водій/ка категорії CE (ADR),Reskilling Ukraine,posted,2026-08-05T11:56:20.764531,233
4c05f4ac9e98013d,https://tj.linkedin.com/jobs/view/%D0%BF%D1%96%D0%BB%D0%BE%D1%82-%D1%96%D0%BD%D1%81%D1%82%D1%80%D1%83%D0%BA%D1%82%D0%BE%D1%80-at-reskilling-ukraine-4447359432,Пілот-інструктор,Reskilling Ukraine,posted,2026-08-05T11:56:32.328571,235
7f6dcc6998d4840f,https://tj.linkedin.com/jobs/view/%D0%B2%D0%BE%D0%B4%D1%96%D0%B9-%D0%BA%D0%B0-%D0%B2%D0%B8%D0%BB%D0%BA%D0%BE%D0%B2%D0%BE%D0%B3%D0%BE-%D0%BD%D0%B0%D0%B2%D0%B0%D0%BD%D1%82%D0%B0%D0%B6%D1%83%D0%B2%D0%B0%D1%87%D0%B0-at-reskilling-ukraine-4447360406,Водій/ка вилкового навантажувача,Reskilling Ukraine,posted,2026-08-05T11:56:41.200189,237
a109604877cc689f,https://tj.linkedin.com/jobs/view/%D0%B2%D0%BE%D0%B4%D1%96%D0%B9-%D0%BA%D0%B0-%D0%B5%D0%BA%D1%81%D0%BF%D0%B5%D0%B4%D0%B8%D1%82%D0%BE%D1%80-%D0%BD%D0%B0-%D0%B0%D0%B2%D1%82%D0%BE-%D0%BA%D0%BE%D0%BC%D0%BF%D0%B0%D0%BD%D1%96%D1%97-%D0%BA%D0%B0%D1%82-b-at-reskilling-ukraine-4447354792,Водій/ка-експедитор на авто компанії (кат. B),Reskilling Ukraine,posted,2026-08-05T11:56:52.215980,239
94e60012210e9ca2,https://tj.linkedin.com/jobs/view/%D0%BF%D0%BE%D0%BC%D1%96%D1%87%D0%BD%D0%B8%D0%BA-%D1%86%D1%8F-%D0%BC%D0%B5%D1%85%D0%B0%D0%BD%D1%96%D0%BA%D0%B0-at-reskilling-ukraine-4447365114,Помічник/ця механіка,Reskilling Ukraine,posted,2026-08-05T11:57:00.423209,241
f7e09a48bfca387e,https://tj.linkedin.com/jobs/view/%D0%BC%D0%B0%D1%81%D0%B0%D0%B6%D0%B8%D1%81%D1%82-%D1%81%D0%BF%D0%B0-%D0%B7%D0%BE%D0%BD%D0%B8-%D0%B0%D0%BA%D0%B2%D0%B0%D0%BF%D0%B0%D1%80%D0%BA%D1%83-at-bukovel-4449069861,Масажист СПА зони аквапарку,,scraped,2026-08-05T11:57:03.096361,
0ee823f3a95e5d20,https://tj.linkedin.com/jobs/view/%D0%B2%D0%BE%D0%B4%D1%96%D0%B9-%D0%BA%D0%B0-%D0%BC%D1%96%D0%BA%D1%81%D0%B5%D1%80%D0%B0-at-reskilling-ukraine-4447357587,Водій/ка міксера,Reskilling Ukraine,posted,2026-08-05T11:57:16.092482,243
98969bf3532b376d,https://tj.linkedin.com/jobs/view/%D0%B2%D0%BE%D0%B4%D1%96%D0%B9-%D0%BA%D0%B0-%D0%BF%D0%B0%D0%BB%D0%B8%D0%B2%D0%BE%D0%B2%D0%BE%D0%B7%D0%B0-%D0%BA%D0%B0%D1%82-%D1%81%D0%B5-adr-at-reskilling-ukraine-4447367215,"Водій/ка паливовоза (кат. СЕ, ADR)",Reskilling Ukraine,posted,2026-08-05T11:57:25.098253,245
a9eda859747eb9b2,https://tj.linkedin.com/jobs/view/%D0%B2%D0%BE%D0%B4%D1%96%D0%B9-%D0%BA%D0%B0-%D0%BA%D0%B0%D1%82%D0%B5%D0%B3%D0%BE%D1%80%D1%96%D1%97-%D1%81e-at-reskilling-ukraine-4447361393,Водій/ка категорії СE,Reskilling Ukraine,posted,2026-08-05T11:57:33.828225,247
0aaf136d2ffb3f9e,https://tj.linkedin.com/jobs/view/%D0%B2%D0%BE%D0%B4%D1%96%D0%B9-%D0%BA%D0%B0-%D1%86%D0%B5%D0%BC%D0%B5%D0%BD%D1%82%D0%BE%D0%B2%D0%BE%D0%B7%D0%B0-at-reskilling-ukraine-4447365105,Водій/ка цементовоза,Reskilling Ukraine,posted,2026-08-05T11:57:41.778195,249
f5f4be64797e62b6,https://tj.linkedin.com/jobs/view/%D0%B2%D0%BE%D0%B4%D1%96%D0%B9-%D0%BA%D0%B0-%D1%81-%D1%81%D0%B5-at-reskilling-ukraine-4447369094,"Водій/ка С, СЕ",Reskilling Ukraine,posted,2026-08-05T11:57:50.458513,251
e7664a89c871f690,https://tj.linkedin.com/jobs/view/%D0%B2%D0%BE%D0%B4%D1%96%D0%B9-%D0%BA%D0%B0-%D0%B4%D0%B0%D0%BB%D0%B5%D0%BA%D0%BE%D0%B1%D1%96%D0%B9%D0%BD%D0%B8%D0%BA-%D1%86%D0%B8%D1%81%D1%82%D0%B5%D1%80%D0%BD%D0%B0-%D0%B3%D0%B0%D0%B7%D0%BE%D0%B2%D0%BE%D0%B7-%D0%BF%D1%80%D0%BE%D0%BF%D0%B0%D0%BD-%D0%B1%D1%83%D1%82%D0%B0%D0%BD-at-reskilling-ukraine-4447351817,"Водій/ка-далекобійник (цистерна, газовоз, пропан-бутан)",Reskilling Ukraine,posted,2026-08-05T11:57:59.150930,253
26dabc45f8e8d814,https://tj.linkedin.com/jobs/view/%D0%B2%D0%BE%D0%B4%D1%96%D0%B9-%D0%BA%D0%B0-%D0%B2%D0%B0%D0%BD%D1%82%D0%B0%D0%B6%D1%96%D0%B2%D0%BA%D0%B8-%D0%B2%D0%B0%D0%BD%D1%82%D0%B0%D0%B6%D0%BD%D0%BE%D0%B3%D0%BE-%D1%84%D1%83%D1%80%D0%B3%D0%BE%D0%BD%D1%83-%D0%BA%D0%B0%D1%82-%D1%81-at-reskilling-ukraine-4447354673,Водій/ка вантажівки (вантажного фургону) кат. С,Reskilling Ukraine,posted,2026-08-05T11:58:06.860020,255
49465caf5a379aeb,https://tj.linkedin.com/jobs/view/%D0%B2%D0%BE%D0%B4%D1%96%D0%B9-%D0%BA%D0%B0-%D0%B2%D0%B0%D0%BD%D1%82%D0%B0%D0%B6%D1%96%D0%B2%D0%BA%D0%B8-%D0%B2%D0%B0%D0%BD%D1%82%D0%B0%D0%B6%D0%BD%D0%BE%D0%B3%D0%BE-%D1%84%D1%83%D1%80%D0%B3%D0%BE%D0%BD%D1%83-%D0%BA%D0%B0%D1%82-%D1%81-at-reskilling-ukraine-4447344973,Водій/ка вантажівки (вантажного фургону) кат. С,Reskilling Ukraine,scraped,2026-08-05T11:58:10.871716,
3cec675d579d8699,https://tj.linkedin.com/jobs/view/%D0%BA%D0%B0%D0%BA-%D1%8D%D1%82%D0%BE-%D1%80%D0%B0%D0%B1%D0%BE%D1%82%D0%B0%D0%B5%D1%82%3F-at-cmms-incolo-4448599767,Как это работает?,CMMS inCOLO,posted,2026-08-05T13:54:54.040127,257
b6179546fb05f5db,https://tj.linkedin.com/jobs/view/%D0%BA%D0%BE%D0%BC%D1%96%D1%80%D0%BD%D0%B8%D0%BA-at-bukovel-4449066900,Комірник,,scraped,2026-08-05T13:54:56.565005,
d3a4ff736e5fc4c2,https://tj.linkedin.com/jobs/view/%D0%BF%D0%B0%D1%80%D0%BA%D1%83%D0%B2%D0%B0%D0%BB%D1%8C%D0%BD%D0%B8%D0%BA-at-bukovel-4449083047,Паркувальник,,scraped,2026-08-05T13:55:03.930728,
653f28291bc5d78e,https://tj.linkedin.com/jobs/view/%D0%BA%D0%BE%D1%88%D1%82%D0%BE%D1%80%D0%B8%D1%81%D0%BD%D0%B8%D0%BA-%D1%86%D1%8F-at-reskilling-ukraine-4447359321,Кошторисник/ця,Reskilling Ukraine,posted,2026-08-05T13:55:18.656524,259
49fd140e3032b447,https://tj.linkedin.com/jobs/view/%D0%B2%D0%BE%D0%B4%D1%96%D0%B9-%D0%BA%D0%B0-%D0%B5%D0%BA%D1%81%D0%BF%D0%B5%D0%B4%D0%B8%D1%82%D0%BE%D1%80-at-reskilling-ukraine-4447359425,Водій/ка-експедитор,Reskilling Ukraine,posted,2026-08-05T13:55:27.443549,261
bbf9e7477b385495,https://tj.linkedin.com/jobs/view/holly-riva-at-xtreme-music-productions-4447357245,HOLLY RIVA,Xtreme Music Productions,posted,2026-08-05T13:55:40.702811,263
240ce13a03d71754,https://tj.linkedin.com/jobs/view/fullstack-developer-at-zaza-4449639054,Fullstack Developer,,scraped,2026-08-05T13:55:53.297360,
2a265d4873573aba,https://tj.linkedin.com/jobs/view/backend-developer-at-zaza-4449639053,Backend Developer,,scraped,2026-08-05T13:56:02.025390,
ed960e6166845461,https://tj.linkedin.com/jobs/view/%D0%B2%D1%80%D0%B0%D1%87-%D0%BA%D0%BE%D0%BD%D1%81%D1%83%D0%BB%D1%8C%D1%82%D0%B0%D0%BD%D1%82-at-somon-tj-4448951670,Врач-консультант,Somon.tj,posted,2026-08-05T13:56:27.161636,265
026ab9cb4ce31168,https://tj.linkedin.com/jobs/view/%D0%B7%D0%B2%D0%B0%D1%80%D1%8E%D0%B2%D0%B0%D0%BB%D1%8C%D0%BD%D0%B8%D0%BA-%D1%86%D1%8F-at-reskilling-ukraine-4447350813,Зварювальник/ця,Reskilling Ukraine,posted,2026-08-05T13:56:43.036929,267
34dd15ffcd9b9077,https://tj.linkedin.com/jobs/view/%D0%B7%D0%B2%D0%B0%D1%80%D1%8E%D0%B2%D0%B0%D0%BB%D1%8C%D0%BD%D0%B8%D0%BA-%D1%86%D1%8F-at-reskilling-ukraine-4447344984,Зварювальник/ця,Reskilling Ukraine,scraped,2026-08-05T13:56:47.054847,
f6a8c65108767949,https://tj.linkedin.com/jobs/view/%D0%B2%D0%BE%D0%B4%D1%96%D0%B9-%D0%BA%D0%B0-%D0%B0%D0%B2%D1%82%D0%BE%D1%82%D1%80%D0%B0%D0%BD%D1%81%D0%BF%D0%BE%D1%80%D1%82%D0%BD%D0%B8%D1%85-%D0%B7%D0%B0%D1%81%D0%BE%D0%B1%D1%96%D0%B2-at-reskilling-ukraine-4447358688,Водій/ка автотранспортних засобів,Reskilling Ukraine,posted,2026-08-05T13:56:55.342814,269
fd9a1505daaf56cd,https://tj.linkedin.com/jobs/view/%D0%B2%D0%BE%D0%B4%D1%96%D0%B9%D0%BA%D0%B0-%D0%B9-%D0%BA%D0%B0%D1%82-%D1%81%D0%B5-at-reskilling-ukraine-4447365247,Водійка/й кат. СЕ,Reskilling Ukraine,posted,2026-08-05T13:57:16.005279,271
7c1470fee07e9121,https://tj.linkedin.com/jobs/view/%D0%B2%D0%BE%D0%B4%D1%96%D0%B9-%D0%BA%D0%B0-%D0%BA%D0%B0%D1%82-%D1%81%D0%B5-%D0%BF%D0%BE-%D1%83%D0%BA%D1%80%D0%B0%D1%97%D0%BD%D1%96-%D1%94%D1%81-at-reskilling-ukraine-4447368143,"Водій/ка кат. СЕ (по Україні, ЄС)",Reskilling Ukraine,posted,2026-08-05T13:57:24.837952,273
a591bb2bf4afe28d,https://tj.linkedin.com/jobs/view/%D0%B2%D0%BE%D0%B4%D1%96%D0%B9-%D0%BA%D0%B0-%D0%B4%D0%B0%D0%BB%D0%B5%D0%BA%D0%BE%D0%B1%D1%96%D0%B9%D0%BD%D0%B8%D0%BA-%D0%BD%D0%B0-%D1%86%D0%B8%D1%81%D1%82%D0%B5%D1%80%D0%BD%D0%B8-adr-%D0%BC%D1%96%D0%B6%D0%BD%D0%B0%D1%80%D0%BE%D0%B4%D0%BD%D1%96-%D0%BF%D0%B5%D1%80%D0%B5%D0%B2%D0%B5%D0%B7%D0%B5%D0%BD%D0%BD%D1%8F-at-reskilling-ukraine-4447357726,Водій/ка-далекобійник на цистерни ADR (міжнародні перевезення),Reskilling Ukraine,posted,2026-08-05T13:57:33.877748,245
98a529ba06ec14c3,https://tj.linkedin.com/jobs/view/%D0%BC%D0%B5%D0%BD%D0%B5%D0%B4%D0%B6%D0%B5%D1%80-%D0%BF%D0%BE-%D0%BF%D1%80%D0%BE%D0%B4%D0%B0%D0%B6%D0%B0%D0%BC-at-somon-tj-4448934901,Менеджер по продажам,Somon.tj,failed|wp_post_failed,2026-08-05T13:57:37.991892,
bfcd1082c6cc76d2,https://tj.linkedin.com/jobs/view/%D0%B8%D0%BD%D0%B6%D0%B5%D0%BD%D0%B5%D1%80-%D0%BA%D0%BE%D0%BD%D1%81%D1%82%D1%80%D1%83%D0%BA%D1%82%D0%BE%D1%80-1-%D0%BA%D0%B0%D1%82%D0%B5%D0%B3%D0%BE%D1%80%D0%B8%D0%B8-%D0%B2%D0%B0%D0%BA%D0%B0%D0%BD%D1%81%D0%B8%D1%8F-at-%D0%BE%D0%B0%D0%BE-%D0%B0%D0%BB%D0%B5%D0%B2%D0%BA%D1%83%D1%80%D0%BF-4449119279,Инженер-конструктор 1 категории (вакансия),,scraped,2026-08-05T13:57:42.574886,
0ac203d1ba83afe1,https://tj.linkedin.com/jobs/view/%D0%BC%D0%B5%D0%BD%D0%B5%D0%B4%D0%B6%D0%B5%D1%80-%D0%BF%D0%BE-%D0%BF%D1%80%D0%BE%D0%B4%D0%B0%D0%B6%D0%B0%D0%BC-%D1%81%D1%8A%D0%B5%D0%B4%D0%BE%D0%B1%D0%BD%D1%8B%D1%85-%D1%81%D1%83%D0%B2%D0%B5%D0%BD%D0%B8%D1%80%D0%BE%D0%B2-b2b-at-%D1%80%D0%B5%D0%BA%D0%BB%D0%B0%D0%BC%D0%BD%D1%8B%D0%B5-%D0%B2%D0%BA%D1%83%D1%81%D0%BD%D0%BE%D1%81%D1%82%D0%B8-%D1%80%D1%84-4447349938,Менеджер по продажам съедобных сувениров (B2B),,scraped,2026-08-05T13:57:49.555543,
92951c0677c36930,https://tj.linkedin.com/jobs/view/%D1%80%D1%83%D0%BA%D0%BE%D0%B2%D0%BE%D0%B4%D0%B8%D1%82%D0%B5%D0%BB%D1%8C-%D0%B4%D0%B5%D0%B2%D0%B5%D0%BB%D0%BE%D0%BF%D0%BC%D0%B5%D0%BD%D1%82%D0%B0-%D0%BA%D0%BE%D0%BC%D0%BC%D0%B5%D1%80%D1%87%D0%B5%D1%81%D0%BA%D0%BE%D0%B9-%D0%BD%D0%B5%D0%B4%D0%B2%D0%B8%D0%B6%D0%B8%D0%BC%D0%BE%D1%81%D1%82%D0%B8-at-tgem-4447378448,Руководитель девелопмента коммерческой недвижимости,TGEM,failed|wp_post_failed,2026-08-05T15:59:28.275481,
2d2f810b89e1318b,https://tj.linkedin.com/jobs/view/%D0%BF%D0%BE%D0%BC%D0%BE%D1%89%D0%BD%D0%B8%D0%BA-%D0%BC%D0%B5%D0%BD%D0%B5%D0%B4%D0%B6%D0%B5%D1%80%D0%B0-%D0%BF%D0%BE-%D1%81%D1%8A%D0%B5%D0%B4%D0%BE%D0%B1%D0%BD%D1%8B%D0%BC-%D1%81%D1%83%D0%B2%D0%B5%D0%BD%D0%B8%D1%80%D0%B0%D0%BC-at-%D1%80%D0%B5%D0%BA%D0%BB%D0%B0%D0%BC%D0%BD%D1%8B%D0%B5-%D0%B2%D0%BA%D1%83%D1%81%D0%BD%D0%BE%D1%81%D1%82%D0%B8-%D1%80%D1%84-4447368109,Помощник менеджера по съедобным сувенирам,,scraped,2026-08-05T16:00:11.368956,
03e27112546ceeae,https://tj.linkedin.com/jobs/view/%D0%B2%D0%BE%D0%B4%D1%96%D0%B9-%D0%BA%D0%B0-%D1%81%D0%BA%D0%BB%D0%B0%D0%B4%D1%81%D1%8C%D0%BA%D0%BE%D0%B3%D0%BE-%D0%BD%D0%B0%D0%B2%D0%B0%D0%BD%D1%82%D0%B0%D0%B6%D1%83%D0%B2%D0%B0%D1%87%D0%B0-at-reskilling-ukraine-4447362405,Водій/ка складського навантажувача,Reskilling Ukraine,posted,2026-08-05T16:00:32.359923,275
68fbccff58cf2646,https://tj.linkedin.com/jobs/view/%D0%B2%D0%B5%D0%B4%D1%83%D1%89%D0%B8%D0%B9-%D0%B0%D0%B4%D0%BC%D0%B8%D0%BD%D0%B8%D1%81%D1%82%D1%80%D0%B0%D1%82%D0%BE%D1%80-%D1%81%D0%B5%D1%82%D0%B5%D0%B9-%D0%B2%D0%B0%D0%BA%D0%B0%D0%BD%D1%81%D0%B8%D1%8F-at-%D0%BE%D0%B0%D0%BE-%D0%B0%D0%BB%D0%B5%D0%B2%D0%BA%D1%83%D1%80%D0%BF-4449120311,Ведущий администратор сетей (вакансия),,scraped,2026-08-05T16:00:34.896487,
4503267d2879bd99,https://tj.linkedin.com/jobs/view/fullstack-developer-at-zaza-4449634113,Fullstack Developer,,scraped,2026-08-05T17:44:52.016917,
0754ad54ef0c7a7c,https://tj.linkedin.com/jobs/view/%D1%84%D0%B8%D1%82%D0%BD%D0%B5%D1%81-%D1%82%D1%80%D0%B5%D0%BD%D0%B5%D1%80-%D0%B2-%D0%B6%D0%B5%D0%BD%D1%81%D0%BA%D0%B8%D0%B9-%D1%84%D0%B8%D1%82%D0%BD%D0%B5%D1%81-%D0%BA%D0%BB%D1%83%D0%B1-at-somon-tj-4448935889,Фитнес-тренер в женский фитнес-клуб,Somon.tj,posted,2026-08-05T17:45:17.342673,277
cc014a5e65d5bf38,https://tj.linkedin.com/jobs/view/%D0%B0%D0%B4%D0%BC%D1%96%D0%BD%D1%96%D1%81%D1%82%D1%80%D0%B0%D1%82%D0%BE%D1%80-at-%D0%B1%D0%BB%D0%B8%D0%B7%D0%B5%D0%BD%D1%8C%D0%BA%D0%BE-4449901031,Адміністратор,Близенько,failed|wp_post_failed,2026-08-05T19:22:31.555460,
02cbf00b565a29f8,https://tj.linkedin.com/jobs/view/%D0%BC%D0%B5%D0%BD%D0%B5%D0%B4%D0%B6%D0%B5%D1%80-%D0%B2%D1%96%D0%B4%D0%B4%D1%96%D0%BB%D1%83-%D0%BF%D1%96%D0%B4%D1%82%D1%80%D0%B8%D0%BC%D0%BA%D0%B8-%D0%BC-%D1%83%D0%B6%D0%B3%D0%BE%D1%80%D0%BE%D0%B4-at-keepincrm-4449465673,Менеджер відділу підтримки [м. Ужгород],KeepinCRM,posted,2026-08-05T19:22:52.239757,279
8981ae655438103b,https://tj.linkedin.com/jobs/view/%D0%BA%D0%B5%D1%80%D1%83%D1%8E%D1%87%D0%B8%D0%B9-%D0%BC%D0%B0%D0%B3%D0%B0%D0%B7%D0%B8%D0%BD%D1%83-at-%D0%B1%D0%BB%D0%B8%D0%B7%D0%B5%D0%BD%D1%8C%D0%BA%D0%BE-4449684977,Керуючий магазину,Близенько,failed|wp_post_failed,2026-08-05T19:23:50.535143,
a76e3ee12994a85f,https://tj.linkedin.com/jobs/view/%D0%BF%D1%80%D0%BE%D0%B4%D0%B0%D0%B2%D0%B5%D1%86%D1%8C-%D0%BA%D0%BE%D0%BD%D1%81%D1%83%D0%BB%D1%8C%D1%82%D0%B0%D0%BD%D1%82-at-%D0%B1%D0%BB%D0%B8%D0%B7%D0%B5%D0%BD%D1%8C%D0%BA%D0%BE-4449698068,Продавець-консультант,Близенько,posted,2026-08-05T19:24:02.548683,281
9011d073ad51a5eb,https://tj.linkedin.com/jobs/view/%D0%B5%D0%BB%D0%B5%D0%BA%D1%82%D1%80%D0%BE%D0%BC%D0%BE%D0%BD%D1%82%D0%B5%D1%80-at-bukovel-4449061952,Електромонтер,,scraped,2026-08-05T21:02:39.214852,
ca12ec0e47f6a8c5,https://tj.linkedin.com/jobs/view/%D0%B0%D1%80%D1%85%D1%96%D1%82%D0%B5%D0%BA%D1%82%D0%BE%D1%80-at-bukovel-4449080105,Архітектор,,scraped,2026-08-05T21:02:48.572704,
b2fc626ec5c3dab5,https://tj.linkedin.com/jobs/view/%D1%81%D0%BF%D0%B5%D1%86%D0%B8%D0%B0%D0%BB%D0%B8%D1%81%D1%82-%D0%BF%D0%BE-%D0%B7%D0%B0%D0%BA%D1%83%D0%BF%D0%BA%D0%B0%D0%BC-%D1%81%D1%8B%D1%80%D1%8C%D1%8F-%D0%B8-%D1%83%D0%BF%D0%B0%D0%BA%D0%BE%D0%B2%D0%BA%D0%B8-%D0%BA%D0%BE%D1%81%D0%BC%D0%B5%D1%82%D0%B8%D1%87%D0%B5%D1%81%D0%BA%D0%BE%D0%B5-%D0%BD%D0%B0%D0%BF%D1%80%D0%B0%D0%B2%D0%BB%D0%B5%D0%BD%D0%B8%D0%B5-at-frontpoint-llc-4448035855,Специалист по закупкам сырья и упаковки (косметическое направление),,scraped,2026-08-05T21:03:34.262192,
0135706d06eeb165,https://tj.linkedin.com/jobs/view/%D0%BC%D0%B5%D0%BD%D0%B5%D0%B4%D0%B6%D0%B5%D1%80-%D0%BF%D1%80%D0%BE%D0%B5%D0%BA%D1%82%D0%BE%D0%B2-%D1%81%D0%BE-%D0%B7%D0%BD%D0%B0%D0%BD%D0%B8%D0%B5%D0%BC-%D0%B0%D0%BD%D0%B3%D0%BB%D0%B8%D0%B9%D1%81%D0%BA%D0%BE%D0%B3%D0%BE-%D1%8F%D0%B7%D1%8B%D0%BA%D0%B0-at-%D0%B5%D1%82s-european-trade-systems-4449183903,Менеджер проектов (со знанием английского языка),,scraped,2026-08-05T21:03:44.008368,
ce319522ada8e2a0,https://tj.linkedin.com/jobs/view/%D1%81%D0%BF%D0%B5%D1%86%D0%B8%D0%B0%D0%BB%D0%B8%D1%81%D1%82-%D0%BF%D0%BE-%D1%80%D0%B0%D0%B1%D0%BE%D1%82%D0%B5-%D1%81-%D0%BA%D0%BB%D0%B8%D0%B5%D0%BD%D1%82%D0%B0%D0%BC%D0%B8-at-frontpoint-llc-4448040806,Специалист по работе с клиентами,,scraped,2026-08-05T22:54:27.274920,
9eac5f4cc4f597d7,https://tj.linkedin.com/jobs/view/%D0%BC%D0%B5%D0%BD%D0%B5%D0%B4%D0%B6%D0%B5%D1%80%D1%8B-%D0%BF%D0%BE-%D1%80%D0%B0%D0%B1%D0%BE%D1%82%D0%B5-%D1%81-%D0%BA%D0%BB%D0%B8%D0%B5%D0%BD%D1%82%D0%B0%D0%BC%D0%B8-%D0%B2-%D0%B3%D0%BE%D1%80%D0%BE%D0%B4%D0%B0%D1%85-%D1%80%D0%BE%D1%81%D1%81%D0%B8%D0%B8-%D0%B8-%D1%81%D0%BD%D0%B3-at-%D1%80%D0%B5%D0%BA%D0%BB%D0%B0%D0%BC%D0%BD%D1%8B%D0%B5-%D0%B2%D0%BA%D1%83%D1%81%D0%BD%D0%BE%D1%81%D1%82%D0%B8-%D1%80%D1%84-4447355726,Менеджеры по работе с клиентами в городах России и СНГ,,scraped,2026-08-06T02:03:00.830966,
e32591d2dc1f9448,https://tj.linkedin.com/jobs/view/%D0%B2%D0%BE%D0%B4%D1%96%D0%B9-%D0%BA%D0%B0-%D0%BA%D0%B0%D1%82%D0%B5%D0%B3%D0%BE%D1%80%D1%96%D1%97-ce-at-reskilling-ukraine-4447359438,Водій/ка категорії CE,Reskilling Ukraine,posted,2026-08-06T02:04:12.752113,283
68a183c0a90e5bbc,https://tj.linkedin.com/jobs/view/%D0%BA%D0%B0%D0%BA-%D1%8D%D1%82%D0%BE-%D1%80%D0%B0%D0%B1%D0%BE%D1%82%D0%B0%D0%B5%D1%82%3F-at-cmms-incolo-4449330305,Как это работает?,CMMS inCOLO,posted,2026-08-06T06:25:23.312301,285
7449d457bc6fef56,https://tj.linkedin.com/jobs/view/%D0%BC%D0%B5%D0%B1%D0%B5%D0%BB%D1%8C%D1%89%D0%B8%D0%BA-at-somon-tj-4448066874,Мебельщик,Somon.tj,failed|wp_post_failed,2026-08-06T06:25:37.388783,
988de03508a25821,https://tj.linkedin.com/jobs/view/%D0%B8%D0%BD%D1%81%D1%82%D1%80%D1%83%D0%BA%D1%82%D0%BE%D1%80-pilates-reformer-%D0%B8-%D0%B3%D1%80%D1%83%D0%BF%D0%BF%D0%BE%D0%B2%D1%8B%D1%85-%D0%BF%D1%80%D0%BE%D0%B3%D1%80%D0%B0%D0%BC%D0%BC-at-somon-tj-4448942871,Инструктор Pilates Reformer и групповых программ,Somon.tj,posted,2026-08-06T06:27:02.660743,287
3e14963e997a7fd2,https://tj.linkedin.com/jobs/view/%D0%BC%D0%B0%D1%81%D1%81%D0%B0%D0%B6%D0%B8%D1%81%D1%82-%D0%B2-%D0%B6%D0%B5%D0%BD%D1%81%D0%BA%D0%B8%D0%B9-%D1%84%D0%B8%D1%82%D0%BD%D0%B5%D1%81-%D0%BA%D0%BB%D1%83%D0%B1-at-somon-tj-4448956045,Массажист в женский фитнес-клуб,Somon.tj,posted,2026-08-06T10:35:13.745105,289
ad389bdf48edf94f,https://tj.linkedin.com/jobs/view/%D0%BF%D1%80%D0%BE%D0%B4%D0%B0%D0%B2%D0%B5%D1%86%D1%8C-%D0%BA%D0%BE%D0%BD%D1%81%D1%83%D0%BB%D1%8C%D1%82%D0%B0%D0%BD%D1%82-at-%D0%B1%D0%BB%D0%B8%D0%B7%D0%B5%D0%BD%D1%8C%D0%BA%D0%BE-4449994772,Продавець-консультант,Близенько,posted,2026-08-06T10:35:39.049449,291
f651de801af53bcb,https://tj.linkedin.com/jobs/view/officer-procurement-and-logistics-at-international-federation-of-red-cross-and-red-crescent-societies-ifrc-4450239411,"Officer, Procurement and Logistics",,scraped,2026-08-06T13:52:17.751836,
41f162eadc7dec62,https://tj.linkedin.com/jobs/view/%D1%81%D0%BF%D0%B5%D1%86%D0%B8%D0%B0%D0%BB%D0%B8%D1%81%D1%82-%D0%BF%D0%BE-%D1%80%D0%B0%D0%B1%D0%BE%D1%82%D0%B5-%D1%81-%D0%BA%D0%BB%D0%B8%D0%B5%D0%BD%D1%82%D0%B0%D0%BC%D0%B8-at-skai-4450216871,Специалист по работе с клиентами,,scraped,2026-08-06T13:52:35.039441,
f66fb6144ecce09e,https://tj.linkedin.com/jobs/view/%D0%B7%D0%B0%D1%8F%D0%B2%D1%89%D0%B8%D0%BA-at-somon-tj-4448066873,Заявщик,Somon.tj,failed|wp_post_failed,2026-08-06T23:53:59.179856,
68dd6be7b4012de5,https://tj.linkedin.com/jobs/view/%D0%BB%D0%BE%D0%B3%D0%B8%D1%81%D1%82-%D0%B2-%D0%B5%D0%B2%D1%80%D0%BE%D0%BF%D0%B5%D0%B9%D1%81%D0%BA%D1%83%D1%8E-%D1%82%D1%80%D0%B0%D0%BD%D1%81%D0%BF%D0%BE%D1%80%D1%82%D0%BD%D1%83%D1%8E-%D0%BA%D0%BE%D0%BC%D0%BF%D0%B0%D0%BD%D0%B8%D1%8E-%D1%82%D0%BE%D0%BB%D1%8C%D0%BA%D0%BE-%D1%81-%D0%BE%D0%BF%D1%8B%D1%82%D0%BE%D0%BC-at-frontpoint-llc-4448440969,Логист в европейскую транспортную компанию. Только с опытом.,,scraped,2026-08-06T23:54:03.743150,
490376e859311be3,https://tj.linkedin.com/jobs/view/%D1%80%D0%B0%D0%B1%D0%BE%D1%87%D0%B8%D0%B9-%D0%BF%D0%BE-%D0%BA%D0%BE%D0%BC%D0%BF%D0%BB%D0%B5%D0%BA%D1%81%D0%BD%D0%BE%D0%BC%D1%83-%D0%BE%D0%B1%D1%81%D0%BB%D1%83%D0%B6%D0%B8%D0%B2%D0%B0%D0%BD%D0%B8%D1%8E-%D0%B8-%D1%80%D0%B5%D0%BC%D0%BE%D0%BD%D1%82%D1%83-%D0%B7%D0%B4%D0%B0%D0%BD%D0%B8%D0%B9-%D0%B8-%D1%81%D0%BE%D0%BE%D1%80%D1%83%D0%B6%D0%B5%D0%BD%D0%B8%D0%B9-5-%D1%80%D0%B0%D0%B7%D1%80%D1%8F%D0%B4%D0%B0-%D0%B2%D0%B0%D0%BA%D0%B0%D0%BD%D1%81%D0%B8%D1%8F-at-%D0%BE%D0%B0%D0%BE-%D0%B0%D0%BB%D0%B5%D0%B2%D0%BA%D1%83%D1%80%D0%BF-4449129168,Рабочий по комплексному обслуживанию и ремонту зданий и сооружений 5 разряда (вакансия),,scraped,2026-08-06T23:54:14.742685,
536817d5799c4c28,https://tj.linkedin.com/jobs/view/%D0%BC%D0%B5%D0%BD%D0%B5%D0%B4%D0%B6%D0%B5%D1%80-%D0%BF%D1%80%D0%BE%D0%B5%D0%BA%D1%82%D0%BE%D0%B2-%D1%81%D0%BE-%D0%B7%D0%BD%D0%B0%D0%BD%D0%B8%D0%B5%D0%BC-%D0%B0%D0%BD%D0%B3%D0%BB%D0%B8%D0%B9%D1%81%D0%BA%D0%BE%D0%B3%D0%BE-%D1%8F%D0%B7%D1%8B%D0%BA%D0%B0-at-%D0%B5%D1%82s-european-trade-systems-4449786717,Менеджер проектов (со знанием английского языка),,scraped,2026-08-06T23:54:30.169594,
956ab907ca17d78f,https://tj.linkedin.com/jobs/view/%D0%BC%D0%B5%D0%BD%D0%B5%D0%B4%D0%B6%D0%B5%D1%80-%D0%BF%D0%BE-%D0%BF%D1%80%D0%BE%D0%B4%D0%B0%D0%B6%D0%B0%D0%BC-%D0%BE%D1%81%D0%B2%D0%B5%D1%82%D0%B8%D1%82%D0%B5%D0%BB%D1%8C%D0%BD%D0%BE%D0%B5-%D0%BE%D0%B1%D0%BE%D1%80%D1%83%D0%B4%D0%BE%D0%B2%D0%B0%D0%BD%D0%B8%D0%B5-at-%D0%B5%D1%82s-european-trade-systems-4449786716,Менеджер по продажам (осветительное оборудование),,scraped,2026-08-06T23:54:40.960755,
64fa4dc282ecfd1e,https://tj.linkedin.com/jobs/view/brand-marketing-specialist-at-bukovel-4449075507,Brand Marketing Specialist,,scraped,2026-08-06T23:55:01.240925,
1e6059e6341eb772,https://tj.linkedin.com/jobs/view/%D0%BE%D0%BF%D0%B5%D1%80%D0%B0%D1%82%D0%BE%D1%80-%D0%BF%D1%80%D0%B0%D0%BB%D1%8C%D0%BD%D0%B8%D1%85-%D0%BC%D0%B0%D1%88%D0%B8%D0%BD-at-bukovel-4449078198,Оператор пральних машин,,scraped,2026-08-06T23:55:09.218132,
a651ca1bfd038b0a,https://tj.linkedin.com/jobs/view/%D0%BE%D0%BF%D0%B5%D1%80%D0%B0%D1%82%D0%BE%D1%80-%D0%B5%D0%BA%D1%81%D0%BA%D0%B0%D0%B2%D0%B0%D1%82%D0%BE%D1%80%D0%B0-at-bukovel-4449063942,Оператор екскаватора,,scraped,2026-08-06T23:55:24.612153,
cd68ccf466a578f8,https://tj.linkedin.com/jobs/view/%D1%81%D1%82%D0%B0%D0%B6%D0%B5%D1%80-at-%D0%BE%D0%BE%D0%BE-%D0%BA4-4447661082,Стажер,,scraped,2026-08-06T23:55:42.617073,
dee199d8754c7b94,https://tj.linkedin.com/jobs/view/%D0%B0%D0%B4%D0%BC%D1%96%D0%BD%D1%96%D1%81%D1%82%D1%80%D0%B0%D1%82%D0%BE%D1%80-at-%D0%B1%D0%BB%D0%B8%D0%B7%D0%B5%D0%BD%D1%8C%D0%BA%D0%BE-4449692098,Адміністратор,Близенько,failed|wp_post_failed,2026-08-06T23:55:51.599318,
1cf182015049f105,https://tj.linkedin.com/jobs/view/%D0%B0%D0%B4%D0%BC%D1%96%D0%BD%D1%96%D1%81%D1%82%D1%80%D0%B0%D1%82%D0%BE%D1%80-at-%D0%B1%D0%BB%D0%B8%D0%B7%D0%B5%D0%BD%D1%8C%D0%BA%D0%BE-4450617510,Адміністратор,Близенько,scraped,2026-08-06T23:55:55.749683,
c8c4d72421032dc6,https://tj.linkedin.com/jobs/view/%D0%B3%D0%BB%D0%B0%D0%B2%D0%BD%D1%8B%D0%B9-%D0%B1%D1%83%D1%85%D0%B3%D0%B0%D0%BB%D1%82%D0%B5%D1%80-at-somon-tj-4448075833,Главный бухгалтер,Somon.tj,failed|wp_post_failed,2026-08-07T02:23:58.641619,
d769fa524c9c6587,https://tj.linkedin.com/jobs/view/%D0%BC%D0%B5%D0%BD%D0%B5%D0%B4%D0%B6%D0%B5%D1%80-%D0%BE%D1%82%D0%B4%D0%B5%D0%BB%D0%B0-%D0%BF%D1%80%D0%BE%D0%B4%D0%B0%D0%B6-at-lider-group-4448499490,Менеджер отдела продаж,,scraped,2026-08-07T02:24:13.366368,
9623f3d1adb81d0c,https://tj.linkedin.com/jobs/view/%D0%BF%D1%80%D0%BE%D0%B4%D0%B0%D0%B2%D0%B5%D1%86%D1%8C-%D0%BA%D0%BE%D0%BD%D1%81%D1%83%D0%BB%D1%8C%D1%82%D0%B0%D0%BD%D1%82-at-%D0%B1%D0%BB%D0%B8%D0%B7%D0%B5%D0%BD%D1%8C%D0%BA%D0%BE-4450629309,Продавець-консультант,Близенько,posted,2026-08-07T02:25:19.469872,292
eb1ea88e0606de72,https://tj.linkedin.com/jobs/view/%D0%BF%D1%80%D0%BE%D0%B4%D0%B0%D0%B2%D0%B5%D1%86%D1%8C-%D0%BA%D0%BE%D0%BD%D1%81%D1%83%D0%BB%D1%8C%D1%82%D0%B0%D0%BD%D1%82-at-%D0%B1%D0%BB%D0%B8%D0%B7%D0%B5%D0%BD%D1%8C%D0%BA%D0%BE-4449990816,Продавець-консультант,Близенько,scraped,2026-08-07T02:25:29.453212,
e1a69eb5bb8531ba,https://tj.linkedin.com/jobs/view/nov-25-assistant-professor-of-computer-science-at-university-of-chicago-department-of-computer-science-4448480827,Nov 25: Assistant Professor of Computer Science,University of Chicago Department of Computer Science,posted,2026-08-07T05:37:23.021146,294
2c24c15d74fca99e,https://tj.linkedin.com/jobs/view/%D1%8D%D0%BA%D1%81%D0%BF%D0%B5%D1%80%D1%82-%D0%BF%D0%BE-%D0%B4%D0%BE%D0%B3%D0%BE%D0%B2%D0%BE%D1%80%D0%BD%D0%BE%D0%B9-%D1%80%D0%B0%D0%B1%D0%BE%D1%82%D0%B5-%D0%B8-%D1%8D%D1%84%D1%84%D0%B5%D0%BA%D1%82%D0%B8%D0%B2%D0%BD%D0%BE%D1%81%D1%82%D0%B8-%D0%B7%D0%B0%D1%82%D1%80%D0%B0%D1%82-05-06-2025-at-kaz-project-operating-llp-4448498728,Эксперт по договорной работе и эффективности затрат (05/06/2025),Kaz Project Operating LLP,posted,2026-08-07T05:38:18.766156,296
28aae431517c3b7e,https://tj.linkedin.com/jobs/view/%D1%8D%D0%BA%D1%81%D0%BF%D0%B5%D1%80%D1%82-%D0%BF%D0%BE-%D0%B4%D0%BE%D0%B3%D0%BE%D0%B2%D0%BE%D1%80%D0%BD%D0%BE%D0%B9-%D1%80%D0%B0%D0%B1%D0%BE%D1%82%D0%B5-%D0%B8-%D0%B7%D0%B0%D0%BA%D1%83%D0%BF%D0%BA%D0%B0%D0%BC-30-01-2025-at-kaz-project-operating-llp-4448493726,Эксперт по договорной работе и закупкам (30/01/2025),Kaz Project Operating LLP,posted,2026-08-07T05:38:33.042394,298
8e406b0cf9472de7,https://tj.linkedin.com/jobs/view/%D1%8D%D0%BA%D1%81%D0%BF%D0%B5%D1%80%D1%82-%D0%BF%D0%BE-%D0%B4%D0%BE%D0%B3%D0%BE%D0%B2%D0%BE%D1%80%D0%BD%D0%BE%D0%B9-%D1%80%D0%B0%D0%B1%D0%BE%D1%82%D0%B5-%D0%B8-%D0%B7%D0%B0%D0%BA%D1%83%D0%BF%D0%BA%D0%B0%D0%BC-24-02-2026-at-kaz-project-operating-llp-4448709031,Эксперт по договорной работе и закупкам (24/02/2026),Kaz Project Operating LLP,posted,2026-08-07T05:38:46.809557,300
17491676c7cc21c2,https://tj.linkedin.com/jobs/view/%D0%B8%D0%BD%D0%B6%D0%B5%D0%BD%D0%B5%D1%80-%D0%BF%D0%BE-%D0%BE%D1%86%D0%B5%D0%BD%D0%BA%D0%B5-%D1%80%D0%B8%D1%81%D0%BA%D0%B0-%D0%BF%D1%80%D0%B8-%D0%BF%D1%80%D0%BE%D0%B2%D0%B5%D0%B4%D0%B5%D0%BD%D0%B8%D0%B8-%D0%BF%D1%80%D0%BE%D0%B8%D0%B7%D0%B2%D0%BE%D0%B4%D1%81%D1%82%D0%B2%D0%B5%D0%BD%D0%BD%D1%8B%D1%85-%D1%80%D0%B0%D0%B1%D0%BE%D1%82-11-12-2024-at-kaz-project-operating-llp-4448492776,Инженер по оценке риска при проведении производственных работ (11/12/2024),Kaz Project Operating LLP,posted,2026-08-07T05:39:01.205411,302
f1e4a939abac721c,https://tj.linkedin.com/jobs/view/%D0%B8%D0%BD%D0%B6%D0%B5%D0%BD%D0%B5%D1%80-%D0%BF%D0%BE-%D0%BF%D0%BB%D0%B0%D0%BD%D0%B8%D1%80%D0%BE%D0%B2%D0%B0%D0%BD%D0%B8%D1%8E-10-07-2024-at-kaz-project-operating-llp-4448494723,Инженер по планированию (10/07/2024),Kaz Project Operating LLP,posted,2026-08-07T05:39:18.918746,304
2ee1fff7651c1d34,https://tj.linkedin.com/jobs/view/%D1%81%D0%BF%D0%B5%D1%86%D0%B8%D0%B0%D0%BB%D0%B8%D1%81%D1%82%D0%B0-%D0%BE%D1%82%D0%B4%D0%B5%D0%BB%D0%B0-%D0%BA%D0%B0%D0%B4%D1%80%D0%BE%D0%B2-16-01-2025-at-kaz-project-operating-llp-4448498749,Специалиста отдела кадров (16/01/2025),Kaz Project Operating LLP,posted,2026-08-07T05:39:35.556394,306
290409f68f6de061,https://tj.linkedin.com/jobs/view/%D1%8D%D0%BA%D1%81%D0%BF%D0%B5%D1%80%D1%82-%D0%BF%D0%BE-%D0%B4%D0%BE%D0%B3%D0%BE%D0%B2%D0%BE%D1%80%D0%BD%D0%BE%D0%B9-%D1%80%D0%B0%D0%B1%D0%BE%D1%82%D0%B5-%D0%B8-%D0%B7%D0%B0%D0%BA%D1%83%D0%BF%D0%BA%D0%B0%D0%BC-13-01-2025-at-kaz-project-operating-llp-4448486960,Эксперт по договорной работе и закупкам (13/01/2025),Kaz Project Operating LLP,posted,2026-08-07T05:39:48.556940,308
38d14e6ae0d7f4bf,https://tj.linkedin.com/jobs/view/%D1%80%D1%83%D0%BA%D0%BE%D0%B2%D0%BE%D0%B4%D0%B8%D1%82%D0%B5%D0%BB%D1%8C-%D0%BF%D0%BE-%D0%BE%D0%B1%D0%B5%D1%81%D0%BF%D0%B5%D1%87%D0%B5%D0%BD%D0%B8%D1%8E-%D0%B8-%D0%BA%D0%BE%D0%BD%D1%82%D1%80%D0%BE%D0%BB%D1%8E-%D0%BA%D0%B0%D1%87%D0%B5%D1%81%D1%82%D0%B2%D0%B0-%D0%BD%D0%B0-%D1%81%D1%82%D1%80%D0%BE%D0%B8%D1%82%D0%B5%D0%BB%D1%8C%D0%BD%D0%BE%D0%B9-%D0%BF%D0%BB%D0%BE%D1%89%D0%B0%D0%B4%D0%BA%D0%B5-03-02-2026-at-kaz-project-operating-llp-4448706237,Руководитель по обеспечению и контролю качества на строительной площадке (03/02/2026),Kaz Project Operating LLP,posted,2026-08-07T05:40:02.367198,310
9e92d57491401875,https://tj.linkedin.com/jobs/view/%D1%81%D1%83%D0%BF%D0%B5%D1%80%D0%B2%D0%B0%D0%B9%D0%B7%D0%B5%D1%80-%D0%BF%D0%BE-%D0%B2%D0%BD%D1%83%D1%82%D1%80%D0%B8%D1%81%D0%BA%D0%B2%D0%B0%D0%B6%D0%B8%D0%BD%D0%BD%D1%8B%D0%BC-%D1%80%D0%B0%D0%B1%D0%BE%D1%82%D0%B0%D0%BC-26-03-2026-at-kaz-project-operating-llp-4448700567,Супервайзер по внутрискважинным работам (26/03/2026),Kaz Project Operating LLP,posted,2026-08-07T05:40:15.306473,312
0c2cd23f2359ce5b,https://tj.linkedin.com/jobs/view/%D0%B8%D0%BD%D0%B6%D0%B5%D0%BD%D0%B5%D1%80-%D0%BF%D1%80%D0%BE%D0%B5%D0%BA%D1%82%D0%B0-13-05-2025-at-kaz-project-operating-llp-4448487844,Инженер проекта (13/05/2025),Kaz Project Operating LLP,posted,2026-08-07T05:40:30.445552,314
cf7198fbbcf01670,https://tj.linkedin.com/jobs/view/%D0%B8%D0%BD%D0%B6%D0%B5%D0%BD%D0%B5%D1%80-%D0%BF%D0%BE-%D0%BF%D1%83%D1%81%D0%BA%D0%BE%D0%BD%D0%B0%D0%BB%D0%B0%D0%B4%D0%BA%D0%B5-%D0%BA%D0%B8%D0%BF%D0%B8%D0%B0-20-05-2026-at-kaz-project-operating-llp-4448491664,Инженер по пусконаладке КИПиА (20/05/2026),Kaz Project Operating LLP,posted,2026-08-07T05:40:45.806478,316
a3aeefbf552565be,https://tj.linkedin.com/jobs/view/%D0%B8%D0%BD%D0%B6%D0%B5%D0%BD%D0%B5%D1%80-%D0%BF%D0%BE-%D0%BF%D0%BB%D0%B0%D0%BD%D0%B8%D1%80%D0%BE%D0%B2%D0%B0%D0%BD%D0%B8%D1%8E-%D0%B1%D1%83%D1%80%D0%BE%D0%B2%D1%8B%D1%85-%D1%80%D0%B0%D0%B1%D0%BE%D1%82-21-11-2025-at-kaz-project-operating-llp-4448709050,Инженер по планированию буровых работ (21/11/2025),Kaz Project Operating LLP,posted,2026-08-07T05:40:59.002204,318
a26983e69ba09918,https://tj.linkedin.com/jobs/view/%D0%B2%D0%B5%D0%B4%D1%83%D1%89%D0%B8%D0%B9-%D0%B8%D0%BD%D0%B6%D0%B5%D0%BD%D0%B5%D1%80-%D0%BF%D0%BE-%D1%80%D0%B0%D0%B7%D1%80%D0%B0%D0%B1%D0%BE%D1%82%D0%BA%D0%B5-%D0%BC%D0%B5%D1%81%D1%82%D0%BE%D1%80%D0%BE%D0%B6%D0%B4%D0%B5%D0%BD%D0%B8%D0%B9-15-01-2026-at-kaz-project-operating-llp-4448703489,Ведущий инженер по разработке месторождений (15/01/2026),Kaz Project Operating LLP,posted,2026-08-07T05:41:11.517478,320
a4636789a8aa2fad,https://tj.linkedin.com/jobs/view/%D0%B8%D0%BD%D0%B6%D0%B5%D0%BD%D0%B5%D1%80-%D0%BF%D0%BE-%D0%B3%D1%80%D1%83%D0%B7%D0%BE%D0%BF%D0%BE%D0%B4%D1%8A%D0%B5%D0%BC%D0%BD%D0%BE%D0%BC%D1%83-%D0%BE%D0%B1%D0%BE%D1%80%D1%83%D0%B4%D0%BE%D0%B2%D0%B0%D0%BD%D0%B8%D1%8E-%D0%B8-%D1%82%D0%B5%D1%85%D0%BD%D0%B8%D0%BA%D0%B5-09-07-2026-at-kaz-project-operating-llp-4448494601,Инженер по грузоподъемному оборудованию и технике (09/07/2026),Kaz Project Operating LLP,posted,2026-08-07T05:41:25.034459,322
31bb11f02df15248,https://tj.linkedin.com/jobs/view/%D0%B8%D0%BD%D0%B6%D0%B5%D0%BD%D0%B5%D1%80-%D0%BF%D0%BE-%D0%BB%D0%BE%D0%B3%D0%B8%D1%81%D1%82%D0%B8%D0%BA%D0%B5-%D0%B8-%D0%B3%D1%80%D1%83%D0%B7%D0%BE%D0%BF%D0%BE%D0%B4%D1%8A%D1%91%D0%BC%D0%BD%D1%8B%D0%BC-%D1%80%D0%B0%D0%B1%D0%BE%D1%82%D0%B0%D0%BC-23-01-2026-at-kaz-project-operating-llp-4448708061,Инженер по логистике и грузоподъёмным работам (23/01/2026),Kaz Project Operating LLP,posted,2026-08-07T05:41:38.099647,324
a5a3342df7061bff,https://tj.linkedin.com/jobs/view/%D1%81%D1%82%D0%B0%D1%80%D1%88%D0%B8%D0%B9-%D0%B8%D0%BD%D0%B6%D0%B5%D0%BD%D0%B5%D1%80-%D0%BF%D0%BE-%D0%B7%D0%B0%D0%BA%D0%B0%D0%BD%D1%87%D0%B8%D0%B2%D0%B0%D0%BD%D0%B8%D1%8E-%D1%81%D0%BA%D0%B2%D0%B0%D0%B6%D0%B8%D0%BD-24-04-2025-at-kaz-project-operating-llp-4448491747,Старший инженер по заканчиванию скважин (24/04/2025),Kaz Project Operating LLP,posted,2026-08-07T05:41:57.619817,326
1c28dbd3c5bfcca9,https://tj.linkedin.com/jobs/view/%D0%B8%D0%BD%D0%B6%D0%B5%D0%BD%D0%B5%D1%80-%D1%8D%D0%BB%D0%B5%D0%BA%D1%82%D1%80%D0%B8%D0%BA-22-06-2026-at-kaz-project-operating-llp-4448483974,Инженер-электрик (22/06/2026),Kaz Project Operating LLP,posted,2026-08-07T05:42:10.841340,328
1b05c08c7de9009c,https://tj.linkedin.com/jobs/view/%D1%81%D1%82%D0%B0%D1%80%D1%88%D0%B8%D0%B9-%D0%B8%D0%BD%D0%B6%D0%B5%D0%BD%D0%B5%D1%80-%D1%8D%D0%BB%D0%B5%D0%BA%D1%82%D1%80%D0%B8%D1%87%D0%B5%D1%81%D0%BA%D0%B8%D1%85-%D1%81%D0%B8%D1%81%D1%82%D0%B5%D0%BC-%D0%B8-%D0%BA%D0%BE%D0%BD%D1%82%D1%80%D0%BE%D0%BB%D1%8C%D0%BD%D0%BE-%D0%B8%D0%B7%D0%BC%D0%B5%D1%80%D0%B8%D1%82%D0%B5%D0%BB%D1%8C%D0%BD%D1%8B%D1%85-%D0%BF%D1%80%D0%B8%D0%B1%D0%BE%D1%80%D0%BE%D0%B2-%D0%B8-%D0%B0%D0%B2%D1%82%D0%BE%D0%BC%D0%B0%D1%82%D0%B8%D0%BA%D0%B5-27-04-2026-at-kaz-project-operating-llp-4448700552,Старший инженер электрических систем и контрольно-измерительных приборов и автоматике (27/04/2026),Kaz Project Operating LLP,posted,2026-08-07T05:42:23.861454,330
0f8c2ce6f845883e,https://tj.linkedin.com/jobs/view/%D1%81%D1%82%D0%B0%D1%80%D1%88%D0%B8%D0%B9-%D0%B8%D0%BD%D0%B6%D0%B5%D0%BD%D0%B5%D1%80-%D1%8D%D0%BB%D0%B5%D0%BA%D1%82%D1%80%D0%B8%D1%87%D0%B5%D1%81%D0%BA%D0%B8%D1%85-%D1%81%D0%B8%D1%81%D1%82%D0%B5%D0%BC-06-11-2023-at-kaz-project-operating-llp-4448489781,Старший Инженер Электрических Систем (06/11/2023),Kaz Project Operating LLP,posted,2026-08-07T05:42:36.334181,332
246178193fb85437,https://tj.linkedin.com/jobs/view/%D0%BF%D1%80%D0%B8%D0%B1%D0%B8%D1%80%D0%B0%D0%BB%D1%8C%D0%BD%D0%B8%D0%BA-%D1%81%D0%BB%D1%83%D0%B6%D0%B1%D0%BE%D0%B2%D0%B8%D1%85-%D0%BF%D1%80%D0%B8%D0%BC%D1%96%D1%89%D0%B5%D0%BD%D1%8C-at-%D0%B1%D0%BB%D0%B8%D0%B7%D0%B5%D0%BD%D1%8C%D0%BA%D0%BE-4450211437,Прибиральник службових приміщень,Близенько,failed|wp_post_failed,2026-08-07T05:42:46.378785,
683d264d2f1c35ea,https://tj.linkedin.com/jobs/view/%D0%B2%D0%BD%D1%83%D1%82%D1%80%D0%B5%D0%BD%D0%BD%D0%B8%D0%B9-%D0%B0%D1%83%D0%B4%D0%B8%D1%82%D0%BE%D1%80-at-tcell-4450072996,Внутренний аудитор,,scraped,2026-08-07T08:52:51.661153,
a2df73e353cfb6be,https://tj.linkedin.com/jobs/view/%D0%BC%D0%B5%D0%BD%D0%B5%D0%B4%D0%B6%D0%B5%D1%80-%D0%BF%D0%BE-%D1%80%D0%B0%D0%B7%D0%B2%D0%B8%D1%82%D0%B8%D1%8E-%D0%B1%D0%B8%D0%B7%D0%BD%D0%B5%D1%81%D0%B0-at-trace-studio-4450069785,МЕНЕДЖЕР ПО РАЗВИТИЮ БИЗНЕСА,,scraped,2026-08-07T08:53:08.402542,
2a8c19963cb1ec46,https://tj.linkedin.com/jobs/view/%D1%80%D1%83%D0%BA%D0%BE%D0%B2%D0%BE%D0%B4%D0%B8%D1%82%D0%B5%D0%BB%D1%8C-%D0%BF%D1%80%D0%BE%D0%B5%D0%BA%D1%82%D0%BE%D0%B2-%D0%BF%D0%BE-%D0%B2%D0%BD%D0%B5%D0%B4%D1%80%D0%B5%D0%BD%D0%B8%D1%8E-1%D1%81-at-business-automatization-4448751096,Руководитель проектов по внедрению 1С,,scraped,2026-08-07T08:53:21.549255,
aebd750063e8b5a1,https://tj.linkedin.com/jobs/view/%D1%81%D0%BE%D0%B2%D0%B5%D1%82%D0%BD%D0%B8%D0%BA-%D0%BF%D0%BE-%D0%BE%D0%BF%D1%82%D0%B8%D0%BC%D0%B8%D0%B7%D0%B0%D1%86%D0%B8%D0%B8-%D1%82%D0%B5%D1%85%D0%BD%D0%B8%D1%87%D0%B5%D1%81%D0%BA%D0%BE%D0%B3%D0%BE-%D0%BE%D0%B1%D1%8A%D0%B5%D0%BC%D0%B0-%D1%80%D0%B0%D0%B1%D0%BE%D1%82-05-07-2024-at-kaz-project-operating-llp-4448492787,Советник по оптимизации технического объема работ (05/07/2024),Kaz Project Operating LLP,posted,2026-08-07T08:54:29.532377,334
18fdafadbbc3c957,https://tj.linkedin.com/jobs/view/%D1%81%D1%82%D0%B0%D1%80%D1%88%D0%B8%D0%B9-%D1%81%D0%BF%D0%B5%D1%86%D0%B8%D0%B0%D0%BB%D0%B8%D1%81%D1%82-%D0%BF%D0%BE-%D0%B4%D0%BE%D0%B3%D0%BE%D0%B2%D0%BE%D1%80%D0%BD%D0%BE%D0%B9-%D1%80%D0%B0%D0%B1%D0%BE%D1%82%D0%B5-05-02-2026-at-kaz-project-operating-llp-4448497641,Старший специалист по договорной работе (05/02/2026),Kaz Project Operating LLP,posted,2026-08-07T08:54:56.912524,336
b2a529b5dd276961,https://tj.linkedin.com/jobs/view/%D0%BF%D1%80%D0%BE%D0%B4%D0%B0%D0%B2%D0%B5%D1%86%D1%8C-%D0%BA%D0%BE%D0%BD%D1%81%D1%83%D0%BB%D1%8C%D1%82%D0%B0%D0%BD%D1%82-at-%D0%B1%D0%BB%D0%B8%D0%B7%D0%B5%D0%BD%D1%8C%D0%BA%D0%BE-4448739564,Продавець-консультант,Близенько,posted,2026-08-07T08:55:08.419884,338
abc37418da740312,https://tj.linkedin.com/jobs/view/instrumentation-engineer-03-04-2024-at-kaz-project-operating-llp-4448703553,Instrumentation Engineer (03/04/2024),Kaz Project Operating LLP,posted,2026-08-07T08:55:22.213825,340
c9bf5cb97226e9bc,https://tj.linkedin.com/jobs/view/%D0%B8%D0%BD%D0%B6%D0%B5%D0%BD%D0%B5%D1%80-%D1%81%D1%82%D1%80%D0%BE%D0%B8%D1%82%D0%B5%D0%BB%D1%8C-%D0%BF%D0%BE-%D0%BC%D0%B5%D1%85%D0%B0%D0%BD%D0%B8%D1%87%D0%B5%D1%81%D0%BA%D0%BE%D0%B9-%D1%87%D0%B0%D1%81%D1%82%D0%B8-22-02-2024-at-kaz-project-operating-llp-4448705345,Инженер-строитель по механической части (22/02/2024),Kaz Project Operating LLP,posted,2026-08-07T08:55:55.676714,342
f4cba45859707b72,https://tj.linkedin.com/jobs/view/%D0%B8%D0%BD%D0%B6%D0%B5%D0%BD%D0%B5%D1%80-%D1%81%D1%82%D1%80%D0%BE%D0%B8%D1%82%D0%B5%D0%BB%D1%8C-%D0%BF%D0%BE-%D0%BC%D0%B5%D1%85%D0%B0%D0%BD%D0%B8%D1%87%D0%B5%D1%81%D0%BA%D0%BE%D0%B9-%D1%87%D0%B0%D1%81%D1%82%D0%B8-04-09-2024-at-kaz-project-operating-llp-4448494711,Инженер-строитель по механической части (04/09/2024),Kaz Project Operating LLP,posted,2026-08-07T08:56:08.808567,344
1c448e6c38d2948a,https://tj.linkedin.com/jobs/view/%D0%B8%D0%BD%D0%B6%D0%B5%D0%BD%D0%B5%D1%80-%D0%BF%D0%BE-%D1%81%D1%82%D1%80%D0%BE%D0%B8%D1%82%D0%B5%D0%BB%D1%8C%D1%81%D1%82%D0%B2%D1%83-%D1%8D%D0%BB%D0%B5%D0%BA%D1%82%D1%80%D0%BE%D0%BE%D0%B1%D0%BE%D1%80%D1%83%D0%B4%D0%BE%D0%B2%D0%B0%D0%BD%D0%B8%D0%B5-%D0%B8-%D0%BA%D0%B8%D0%BF%D0%B8%D0%B0-23-01-2026-at-kaz-project-operating-llp-4448486955,Инженер по строительству (Электрооборудование и КИПиА) (23/01/2026),Kaz Project Operating LLP,posted,2026-08-07T08:56:17.915552,324
8b48269b8902ea74,https://tj.linkedin.com/jobs/view/hr-manager-at-attolabs-4450716055,HR MANAGER,,scraped,2026-08-07T14:49:26.327755,
43c57dc872572a51,https://tj.linkedin.com/jobs/view/it-operations-engineer-at-attolabs-4450697951,IT-OPERATIONS ENGINEER,,scraped,2026-08-07T14:49:33.848089,
abbde4fef04d1d13,https://tj.linkedin.com/jobs/view/backend-%D1%80%D0%B0%D0%B7%D1%80%D0%B0%D0%B1%D0%BE%D1%82%D1%87%D0%B8%D0%BA-at-zaza-4449639053,Backend Разработчик,,scraped,2026-08-07T14:49:54.938490,
e4b08ebf48340df6,https://tj.linkedin.com/jobs/view/fullstack-%D1%80%D0%B0%D0%B7%D1%80%D0%B0%D0%B1%D0%BE%D1%82%D1%87%D0%B8%D0%BA-at-zaza-4449639054,Fullstack Разработчик,,scraped,2026-08-07T14:50:03.622657,
0c02e7fb9ecb4718,https://tj.linkedin.com/jobs/view/%D0%BF%D0%B5%D1%80%D0%B5%D0%B2%D0%BE%D0%B4%D1%87%D0%B8%D0%BA%D0%B0%D0%BC-at-ego-translating-company-4448797466,Переводчикам,EGO Translating Company,failed|wp_post_failed,2026-08-07T16:48:26.656904,
d30e93e76ac0c15a,https://tj.linkedin.com/jobs/view/%D0%BA%D0%B5%D1%80%D1%83%D1%8E%D1%87%D0%B8%D0%B9-%D0%BC%D0%B0%D0%B3%D0%B0%D0%B7%D0%B8%D0%BD%D1%83-at-%D0%B1%D0%BB%D0%B8%D0%B7%D0%B5%D0%BD%D1%8C%D0%BA%D0%BE-4450765070,Керуючий магазину,Близенько,failed|wp_post_failed,2026-08-07T20:37:03.873095,
1a97a70a19d559b1,https://tj.linkedin.com/jobs/view/%D0%BC%D0%B5%D0%BD%D0%B5%D0%B4%D0%B6%D0%B5%D1%80-%D0%BF%D0%BE-%D0%BC%D0%BE%D0%BD%D0%B8%D1%82%D0%BE%D1%80%D0%B8%D0%BD%D0%B3%D1%83-%D0%B8-%D1%81%D0%BE%D0%B2%D0%B5%D1%80%D1%88%D0%B5%D0%BD%D1%81%D1%82%D0%B2%D0%BE%D0%B2%D0%B0%D0%BD%D0%B8%D1%8E-%D0%BF%D1%80%D0%BE%D1%86%D0%B5%D1%81%D1%81%D0%BE%D0%B2-at-bank-eskhata-4450771225,Менеджер по мониторингу и совершенствованию процессов,,scraped,2026-08-07T20:37:06.499224,
c816514ae2b41aae,https://tj.linkedin.com/jobs/view/%D1%81%D0%BA%D1%80%D0%B0%D0%BC-%D0%BC%D0%B0%D1%81%D1%82%D0%B5%D1%80-scrum-master-at-bank-eskhata-4450767307,Скрам мастер / Scrum Master,,scraped,2026-08-07T20:37:16.302824,
a3f320204400a6b1,https://tj.linkedin.com/jobs/view/%D0%BF%D1%80%D0%BE%D0%B4%D0%B0%D0%B2%D0%B5%D1%86%D1%8C-%D0%BA%D0%BE%D0%BD%D1%81%D1%83%D0%BB%D1%8C%D1%82%D0%B0%D0%BD%D1%82-at-%D0%B1%D0%BB%D0%B8%D0%B7%D0%B5%D0%BD%D1%8C%D0%BA%D0%BE-4450758352,Продавець-консультант,Близенько,posted,2026-08-07T20:37:43.741854,346
5a039180c592a9d1,https://tj.linkedin.com/jobs/view/ui-ux-designer-middle-at-bank-eskhata-4450758596,UI/UX designer Middle,,scraped,2026-08-07T20:37:46.320526,
126c7da8cab33400,https://tj.linkedin.com/jobs/view/%D0%B2%D0%B5%D0%B4%D1%83%D1%89%D0%B8%D0%B9-%D0%B8%D0%BD%D0%B6%D0%B5%D0%BD%D0%B5%D1%80-%D0%BF%D0%BE-%D1%80%D0%B0%D0%B7%D1%80%D0%B0%D0%B1%D0%BE%D1%82%D0%BA%D0%B5-%D0%BC%D0%B5%D1%81%D1%82%D0%BE%D1%80%D0%BE%D0%B6%D0%B4%D0%B5%D0%BD%D0%B8%D0%B9-17-04-2026-at-kaz-project-operating-llp-4448497616,Ведущий инженер по разработке месторождений (17/04/2026),Kaz Project Operating LLP,posted,2026-08-07T20:38:12.274086,348
759ab25116c4c2d8,https://tj.linkedin.com/jobs/view/%D1%81%D1%82%D0%B0%D1%80%D1%88%D0%B8%D0%B9-%D1%81%D0%BF%D0%B5%D1%86%D0%B8%D0%B0%D0%BB%D0%B8%D1%81%D1%82-%D0%BF%D0%BE-%D0%BF%D1%80%D0%BE%D0%B5%D0%BA%D1%82%D0%B0%D0%BC-%D0%B8%D0%BD%D1%84%D0%BE%D1%80%D0%BC%D0%B0%D1%86%D0%B8%D0%BE%D0%BD%D0%BD%D1%8B%D1%85-%D1%82%D0%B5%D1%85%D0%BD%D0%BE%D0%BB%D0%BE%D0%B3%D0%B8%D0%B9-22-11-2023-at-kaz-project-operating-llp-4448495779,Старший специалист по проектам информационных технологий(22.11.2023),Kaz Project Operating LLP,posted,2026-08-07T20:38:26.149092,350
1736aaa2c343d593,https://tj.linkedin.com/jobs/view/%D1%80%D1%83%D0%BA%D0%BE%D0%B2%D0%BE%D0%B4%D0%B8%D1%82%D0%B5%D0%BB%D1%8C-%D0%B3%D1%80%D1%83%D0%BF%D0%BF%D1%8B-%D0%BF%D0%BE-%D0%BF%D0%BB%D0%B0%D0%BD%D0%B8%D1%80%D0%BE%D0%B2%D0%B0%D0%BD%D0%B8%D1%8E-%D0%BE%D1%81%D0%B2%D0%BE%D0%B5%D0%BD%D0%B8%D1%8F-%D0%BB%D0%BE%D0%B3%D0%B8%D1%81%D1%82%D0%B8%D0%BA%D0%B0-10-02-2026-at-kaz-project-operating-llp-4448494647,Руководитель группы по планированию освоения (Логистика) (10/02/2026),Kaz Project Operating LLP,posted,2026-08-07T20:38:40.051756,352
68a07020f0751868,https://tj.linkedin.com/jobs/view/%D1%80%D1%83%D0%BA%D0%BE%D0%B2%D0%BE%D0%B4%D0%B8%D1%82%D0%B5%D0%BB%D1%8C-%D0%B3%D1%80%D1%83%D0%BF%D0%BF%D1%8B-%D0%BF%D0%BE-%D0%BF%D0%BB%D0%B0%D0%BD%D0%B8%D1%80%D0%BE%D0%B2%D0%B0%D0%BD%D0%B8%D1%8E-%D0%BE%D1%81%D0%B2%D0%BE%D0%B5%D0%BD%D0%B8%D1%8F-%D0%BB%D0%BE%D0%B3%D0%B8%D1%81%D1%82%D0%B8%D0%BA%D0%B0-13-01-2026-at-kaz-project-operating-llp-4448496679,Руководитель группы по планированию освоения (Логистика) (13/01/2026),Kaz Project Operating LLP,posted,2026-08-07T20:38:53.841973,354
33a021c8cf295935,https://tj.linkedin.com/jobs/view/%D0%B8%D0%BD%D0%B6%D0%B5%D0%BD%D0%B5%D1%80-%D0%BF%D0%BE-%D0%BB%D0%BE%D0%B3%D0%B8%D1%81%D1%82%D0%B8%D0%BA%D0%B5-%D0%B8-%D0%B3%D1%80%D1%83%D0%B7%D0%BE%D0%BF%D0%BE%D0%B4%D1%8A%D1%91%D0%BC%D0%BD%D1%8B%D0%BC-%D1%80%D0%B0%D0%B1%D0%BE%D1%82%D0%B0%D0%BC-24-02-2026-at-kaz-project-operating-llp-4448491697,Инженер по логистике и грузоподъёмным работам (24/02/2026),Kaz Project Operating LLP,posted,2026-08-07T20:39:03.305517,300
19f110b14f512387,https://tj.linkedin.com/jobs/view/%D0%B2%D0%B5%D0%B4%D1%83%D1%89%D0%B8%D0%B9-%D0%B8%D0%BD%D0%B6%D0%B5%D0%BD%D0%B5%D1%80-%D0%BF%D1%80%D0%BE%D0%B5%D0%BA%D1%82%D0%B0-10-04-2024-at-kaz-project-operating-llp-4448494741,Ведущий инженер проекта (10/04/2024),Kaz Project Operating LLP,posted,2026-08-07T20:39:17.266352,356
bbc7841907673698,https://tj.linkedin.com/jobs/view/%D0%BF%D0%B5%D1%80%D0%B5%D0%B2%D0%BE%D0%B4%D1%87%D0%B8%D0%BA-%D0%BA%D0%B0%D0%B7%D0%B0%D1%85%D1%81%D0%BA%D0%BE%D0%B3%D0%BE-%D1%8F%D0%B7%D1%8B%D0%BA%D0%B0-18-07-2025-at-kaz-project-operating-llp-4448706268,Переводчик казахского языка (18/07/2025),Kaz Project Operating LLP,posted,2026-08-07T20:39:31.203077,358
3617b958c6576d3f,https://tj.linkedin.com/jobs/view/%D1%81%D1%82%D0%B0%D1%80%D1%88%D0%B8%D0%B9-%D0%B8%D0%BD%D0%B6%D0%B5%D0%BD%D0%B5%D1%80-%D0%BF%D0%BE-%D1%82%D0%B5%D1%85%D0%BD%D0%BE%D0%BB%D0%BE%D0%B3%D0%B8%D1%87%D0%B5%D1%81%D0%BA%D0%BE%D0%B9-%D0%B1%D0%B5%D0%B7%D0%BE%D0%BF%D0%B0%D1%81%D0%BD%D0%BE%D1%81%D1%82%D0%B8-05-05-2025-at-kaz-project-operating-llp-4448493713,Старший инженер по технологической безопасности (05/05/2025),Kaz Project Operating LLP,posted,2026-08-07T20:39:44.788136,360
8bb1de871a517675,https://tj.linkedin.com/jobs/view/%D0%B8%D0%BD%D0%B6%D0%B5%D0%BD%D0%B5%D1%80-%D0%BF%D1%80%D0%BE%D0%B5%D0%BA%D1%82%D0%B0-%D0%BF%D0%BE-%D0%BE%D1%81%D0%B2%D0%BE%D0%B5%D0%BD%D0%B8%D1%8E-29-05-2026-at-kaz-project-operating-llp-4448493616,Инженер проекта по освоению (29/05/2026),Kaz Project Operating LLP,posted,2026-08-07T20:39:59.358980,362
ebbece9ee8b5be66,https://tj.linkedin.com/jobs/view/fullstack-%D1%80%D0%B0%D0%B7%D1%80%D0%B0%D0%B1%D0%BE%D1%82%D1%87%D0%B8%D0%BA-at-zaza-4449634113,Fullstack Разработчик,,scraped,2026-08-07T20:40:03.987396,
aeb66058e0d47e9f,https://tj.linkedin.com/jobs/view/%D0%BF%D1%80%D0%BE%D0%B4%D0%B0%D0%B2%D0%B5%D1%86%D1%8C-%D0%BA%D0%BE%D0%BD%D1%81%D1%83%D0%BB%D1%8C%D1%82%D0%B0%D0%BD%D1%82-at-%D0%B1%D0%BB%D0%B8%D0%B7%D0%B5%D0%BD%D1%8C%D0%BA%D0%BE-4450629246,Продавець-консультант,Близенько,posted,2026-08-07T22:31:36.726993,364
89a0c8e6eb55cb16,https://tj.linkedin.com/jobs/view/%D0%BE%D0%BF%D0%B5%D1%80%D0%B0%D1%82%D0%BE%D1%80%D0%B8-%D0%B2%D0%B8%D0%B4%D0%B5%D0%BE%D0%BD%D0%B0%D0%B1%D0%BB%D1%8E%D0%B4%D0%B5%D0%BD%D0%B8%D0%B5-%D0%B7%D0%B0-%D0%B8%D0%B3%D1%80%D0%B0%D0%BB%D0%BD%D0%BE-%D0%BA%D0%B0%D0%B7%D0%B8%D0%BD%D0%BE-%D1%81-%D0%BE%D0%BF%D0%B8%D1%82-at-palms-royale-sofia-casino-4451014304,"ОПЕРАТОРИ ВИДЕОНАБЛЮДЕНИЕ, за игрално казино С ОПИТ",Palms Royale Sofia Casino,posted,2026-08-08T03:21:20.744017,366
7f393da4fef9461b,https://tj.linkedin.com/jobs/view/%D0%BA%D1%80%D1%83%D0%BF%D0%B8%D0%B5%D1%82%D0%B0-%D0%B7%D0%B0-%D0%B6%D0%B8%D0%B2%D0%B0-%D0%B8%D0%B3%D1%80%D0%B0-%D1%81-%D0%BE%D0%BF%D0%B8%D1%82-%D0%B8-%D0%B1%D0%B5%D0%B7-%D0%BE%D0%BF%D0%B8%D1%82-at-palms-royale-sofia-casino-4451004861,КРУПИЕТА ЗА ЖИВА ИГРА - С ОПИТ и БЕЗ ОПИТ,Palms Royale Sofia Casino,posted,2026-08-08T03:21:35.291899,368
1afc8ab849a5a8f0,https://tj.linkedin.com/jobs/view/%D0%B2%D0%BE%D0%B4%D1%96%D0%B9-%D0%BA%D0%B0-%D0%BD%D0%B0%D0%B2%D0%B0%D0%BD%D1%82%D0%B0%D0%B6%D1%83%D0%B2%D0%B0%D1%87%D0%B0-at-reskilling-ukraine-4447353758,Водій/ка навантажувача,Reskilling Ukraine,posted,2026-08-08T03:22:12.842328,370
af70d2949f012e26,https://tj.linkedin.com/jobs/view/%D0%B2%D0%BE%D0%B4%D1%96%D0%B9-%D0%BA%D0%B0-%D0%B4%D0%BB%D1%8F-%D0%BF%D0%B5%D1%80%D0%B5%D0%B2%D0%B5%D0%B7%D0%B5%D0%BD%D0%BD%D1%8F-%D0%B2%D0%B0%D0%BD%D1%82%D0%B0%D0%B6%D1%96%D0%B2-%D0%B2-%D0%BC%D1%96%D0%B6%D0%BD%D0%B0%D1%80%D0%BE%D0%B4%D0%BD%D0%BE%D0%BC%D1%83-%D1%81%D0%BF%D0%BE%D0%BB%D1%83%D1%87%D0%B5%D0%BD%D0%BD%D1%96-%D0%BA%D0%B0%D1%82%D0%B5%D0%B3%D0%BE%D1%80%D1%96%D1%97-%D0%BA%D0%B0%D1%82-%D1%81-%D1%811-at-reskilling-ukraine-4447367225,"Водій/ка для перевезення вантажів в міжнародному сполученні категорії (кат. С, С1)",Reskilling Ukraine,posted,2026-08-08T03:22:42.268045,372
b7926aa9981b325b,https://tj.linkedin.com/jobs/view/%D0%B2%D0%BE%D0%B4%D1%96%D0%B9-%D0%BA%D0%B0-%D0%BA%D0%B0%D1%82%D0%B5%D0%B3%D0%BE%D1%80%D1%96%D1%97-%D1%81-%D1%811-at-reskilling-ukraine-4447358710,"Водій/ка категорії С, С1",Reskilling Ukraine,posted,2026-08-08T03:22:47.045930,372
835c03b563cfb65b,https://tj.linkedin.com/jobs/view/%D1%8D%D0%BA%D1%81%D0%BF%D0%B5%D1%80%D1%82-%D0%BF%D0%BE-%D0%B0%D0%B4%D0%BC%D0%B8%D0%BD%D0%B8%D1%81%D1%82%D1%80%D0%B8%D1%80%D0%BE%D0%B2%D0%B0%D0%BD%D0%B8%D1%8E-%D0%B4%D0%BE%D0%B3%D0%BE%D0%B2%D0%BE%D1%80%D0%BD%D0%BE%D0%B9-%D1%80%D0%B0%D0%B1%D0%BE%D1%82%D1%8B-27-08-2024-at-kaz-project-operating-llp-4448703537,Эксперт по администрированию договорной работы (27/08/2024),Kaz Project Operating LLP,posted,2026-08-08T03:23:03.505259,374
01c27389d722cd97,https://tj.linkedin.com/jobs/view/%D0%B0%D1%83%D0%B4%D0%B8%D1%82%D0%BE%D1%80-%D0%B2-%D0%BE%D0%B1%D0%BB%D0%B0%D1%81%D1%82%D0%B8-%D0%B1%D1%83%D1%85%D0%B3%D0%B0%D0%BB%D1%82%D0%B5%D1%80%D1%81%D0%BA%D0%BE%D0%B3%D0%BE-%D1%83%D1%87%D0%B5%D1%82%D0%B0-24-01-2023-at-kaz-project-operating-llp-4451016963,Аудитор (в области бухгалтерского учета) (24/01/2023),Kaz Project Operating LLP,posted,2026-08-08T03:23:17.525355,376
f260b813597e5811,https://tj.linkedin.com/jobs/view/%D0%B8%D0%BD%D0%B6%D0%B5%D0%BD%D0%B5%D1%80-%D0%BF%D0%BE-%D0%BF%D0%BB%D0%B0%D0%BD%D0%B8%D1%80%D0%BE%D0%B2%D0%B0%D0%BD%D0%B8%D1%8E-13-09-2022-at-kaz-project-operating-llp-4451021930,Инженер по планированию (13/09/2022),Kaz Project Operating LLP,posted,2026-08-08T03:23:32.707320,378
3dd0e841435dea3f,https://tj.linkedin.com/jobs/view/%D0%BA%D0%BE%D0%BE%D1%80%D0%B4%D0%B8%D0%BD%D0%B0%D1%82%D0%BE%D1%80-%D0%BF%D0%BE-%D0%BE%D0%B1%D0%B5%D1%81%D0%BF%D0%B5%D1%87%D0%B5%D0%BD%D0%B8%D1%8E-%D0%B1%D0%B5%D0%B7%D0%BE%D0%BF%D0%B0%D1%81%D0%BD%D0%BE%D1%81%D1%82%D0%B8-%D0%BF%D1%80%D0%BE%D0%B5%D0%BA%D1%82%D0%B0-05-02-2026-at-kaz-project-operating-llp-4448485970,Координатор по обеспечению безопасности проекта (05/02/2026),Kaz Project Operating LLP,posted,2026-08-08T03:23:41.833123,336
cda34f23aa8c95b2,https://tj.linkedin.com/jobs/view/%D0%B0%D1%80%D1%85%D0%B8%D1%82%D0%B5%D0%BA%D1%82%D0%BE%D1%80-%D1%81%D0%B8%D1%81%D1%82%D0%B5%D0%BC%D1%8B-%D1%83%D0%BF%D1%80%D0%B0%D0%B2%D0%BB%D0%B5%D0%BD%D0%B8%D1%8F-%D0%BF%D1%80%D0%B5%D0%B4%D0%BF%D1%80%D0%B8%D1%8F%D1%82%D0%B8%D1%8F-24-05-2022-at-kaz-project-operating-llp-4451042019,Архитектор системы управления предприятия (24/05/2022),Kaz Project Operating LLP,posted,2026-08-08T03:23:58.670192,380
254d5cce819b4c8e,https://tj.linkedin.com/jobs/view/%D1%80%D1%83%D0%BA%D0%BE%D0%B2%D0%BE%D0%B4%D0%B8%D1%82%D0%B5%D0%BB%D1%8C-%D0%B3%D1%80%D1%83%D0%BF%D0%BF%D1%8B-%D0%BF%D0%BE-%D0%BE%D1%81%D0%B2%D0%BE%D0%B5%D0%BD%D0%B8%D1%8E-%D0%BC%D0%B5%D1%81%D1%82%D0%BE%D1%80%D0%BE%D0%B6%D0%B4%D0%B5%D0%BD%D0%B8%D1%8F-03-12-2020-at-kaz-project-operating-llp-4451043075,Руководитель группы по освоению месторождения (03/12/2020),Kaz Project Operating LLP,posted,2026-08-08T03:24:11.769351,382
d5b484dea7ee15b0,https://tj.linkedin.com/jobs/view/%D1%8D%D0%BA%D1%81%D0%BF%D0%B5%D1%80%D1%82-%D0%BF%D0%BE-%D0%B3%D1%80%D1%83%D0%B7%D0%BE%D0%BF%D0%BE%D0%B4%D1%8A%D0%B5%D0%BC%D0%BD%D1%8B%D0%BC-%D0%B8-%D1%82%D0%B0%D0%BA%D0%B5%D0%BB%D0%B0%D0%B6%D0%BD%D1%8B%D0%BC-%D0%BE%D0%BF%D0%B5%D1%80%D0%B0%D1%86%D0%B8%D1%8F%D0%BC-28-01-2026-at-kaz-project-operating-llp-4448486949,Эксперт по грузоподъемным и такелажным операциям (28/01/2026),Kaz Project Operating LLP,posted,2026-08-08T03:24:25.480719,384
f03a30d63eb53e12,https://tj.linkedin.com/jobs/view/%D1%80%D1%83%D0%BA%D0%BE%D0%B2%D0%BE%D0%B4%D0%B8%D1%82%D0%B5%D0%BB%D1%8C-%D0%B3%D1%80%D1%83%D0%BF%D0%BF%D1%8B-%D0%BF%D0%BE-%D0%BD%D0%B0%D0%B4%D0%B7%D0%BE%D1%80%D1%83-%D0%B7%D0%B0-%D1%81%D1%82%D1%80%D0%BE%D0%B8%D1%82%D0%B5%D0%BB%D1%8C%D1%81%D1%82%D0%B2%D0%BE%D0%BC-%D0%BD%D0%B0-%D1%83%D1%87%D0%B0%D1%81%D1%82%D0%BA%D0%B5-%D0%BD%D0%BE%D0%B2%D0%BE%D0%B3%D0%BE-%D1%81%D1%82%D1%80%D0%BE%D0%B8%D1%82%D0%B5%D0%BB%D1%8C%D1%81%D1%82%D0%B2%D0%B0-%D0%B7%D0%B0%D0%B2%D0%BE%D0%B4%D0%B0-30-01-2023-at-kaz-project-operating-llp-4451016961,Руководитель группы по надзору за строительством на участке нового строительства завода (30/01/2023),Kaz Project Operating LLP,posted,2026-08-08T03:24:38.543810,386
d7a74343419b6dce,https://tj.linkedin.com/jobs/view/%D1%80%D1%83%D0%BA%D0%BE%D0%B2%D0%BE%D0%B4%D0%B8%D1%82%D0%B5%D0%BB%D1%8C-%D0%B3%D1%80%D1%83%D0%BF%D0%BF%D1%8B-%D0%BF%D0%BE-%D0%BE%D0%B1%D0%B5%D1%81%D0%BF%D0%B5%D1%87%D0%B5%D0%BD%D0%B8%D1%8E-%D0%B1%D0%B5%D0%B7%D0%BE%D0%BF%D0%B0%D1%81%D0%BD%D0%BE%D1%81%D1%82%D0%B8-%D1%82%D0%B5%D1%85%D0%BD%D0%BE%D0%BB%D0%BE%D0%B3%D0%B8%D1%87%D0%B5%D1%81%D0%BA%D0%B8%D1%85-%D0%BF%D1%80%D0%BE%D1%86%D0%B5%D1%81%D1%81%D0%BE%D0%B2-08-05-2026-at-kaz-project-operating-llp-4448496626,Руководитель группы по обеспечению безопасности технологических процессов (08/05/2026),Kaz Project Operating LLP,posted,2026-08-08T03:24:50.919017,388
671854793a0cdd86,https://tj.linkedin.com/jobs/view/%D1%80%D1%83%D0%BA%D0%BE%D0%B2%D0%BE%D0%B4%D0%B8%D1%82%D0%B5%D0%BB%D1%8C-%D0%B3%D1%80%D1%83%D0%BF%D0%BF%D1%8B-%D0%BF%D0%BE-%D0%BD%D0%B0%D0%B4%D0%B7%D0%BE%D1%80%D1%83-%D0%B7%D0%B0-%D1%81%D1%82%D1%80%D0%BE%D0%B8%D1%82%D0%B5%D0%BB%D1%8C%D1%81%D1%82%D0%B2%D0%BE%D0%BC-%D0%BD%D0%B0-%D1%83%D1%87%D0%B0%D1%81%D1%82%D0%BA%D0%B5-%D0%B4%D0%B5%D0%B9%D1%81%D1%82%D0%B2%D1%83%D1%8E%D1%89%D0%B5%D0%B3%D0%BE-%D0%BF%D1%80%D0%BE%D0%B8%D0%B7%D0%B2%D0%BE%D0%B4%D1%81%D1%82%D0%B2%D0%B0-%D0%B7%D0%B0%D0%B2%D0%BE%D0%B4%D0%B0-24-04-2023-at-kaz-project-operating-llp-4451024741,Руководитель группы по надзору за строительством на участке действующего производства завода (24/04/2023),Kaz Project Operating LLP,posted,2026-08-08T03:25:03.379767,390
d6557e1edc9e3042,https://tj.linkedin.com/jobs/view/%D0%B0%D0%B2%D1%82%D0%BE%D1%8D%D0%BB%D0%B5%D0%BA%D1%82%D1%80%D0%B8%D0%BA-14-04-2023-at-kaz-project-operating-llp-4451033220,Автоэлектрик (14/04/2023),Kaz Project Operating LLP,posted,2026-08-08T03:25:16.301677,392
075299b473e63cd5,https://tj.linkedin.com/jobs/view/%D1%81%D1%82%D0%B0%D1%80%D1%88%D0%B8%D0%B9-%D1%81%D0%BF%D0%B5%D1%86%D0%B8%D0%B0%D0%BB%D0%B8%D1%81%D1%82-%D0%BF%D0%BE-%D0%B4%D0%BE%D0%B3%D0%BE%D0%B2%D0%BE%D1%80%D0%BD%D0%BE%D0%B9-%D1%80%D0%B0%D0%B1%D0%BE%D1%82%D0%B5-06-12-2024-at-kaz-project-operating-llp-4448493734,Старший специалист по договорной работе (06.12.2024),Kaz Project Operating LLP,posted,2026-08-08T03:25:29.141138,394
b7c319a3540ad958,https://tj.linkedin.com/jobs/view/%D1%80%D1%83%D0%BA%D0%BE%D0%B2%D0%BE%D0%B4%D0%B8%D1%82%D0%B5%D0%BB%D1%8C-%D0%B4%D0%BD%D0%B5%D0%B2%D0%BD%D0%BE%D0%B9-%D1%81%D0%BC%D0%B5%D0%BD%D1%8B-%D0%B3%D1%80%D1%83%D0%BF%D0%BF%D1%8B-%D0%BF%D0%BE-%D0%B1%D1%83%D1%80%D0%B5%D0%BD%D0%B8%D1%8E-28-03-2023-at-kaz-project-operating-llp-4451037131,Руководитель дневной смены группы по бурению (28/03/2023),Kaz Project Operating LLP,posted,2026-08-08T03:25:51.858082,396
5baee77a61a40c15,https://tj.linkedin.com/jobs/view/%D1%81%D1%82%D0%B0%D1%80%D1%88%D0%B8%D0%B9-%D1%82%D0%B5%D1%85%D0%BD%D0%B8%D0%BA-%D0%BA%D0%B8%D0%BF%D0%B8%D0%B0-10-06-2022-at-kaz-project-operating-llp-4451029562,Старший техник (КИПиА) (10/06/2022),Kaz Project Operating LLP,posted,2026-08-08T03:26:04.869070,398
61ac2b384b50d9c3,https://tj.linkedin.com/jobs/view/%D1%80%D1%83%D0%BA%D0%BE%D0%B2%D0%BE%D0%B4%D0%B8%D1%82%D0%B5%D0%BB%D1%8C-%D0%B3%D1%80%D1%83%D0%BF%D0%BF%D1%8B-%D0%BF%D0%BE-%D0%BF%D1%83%D1%81%D0%BA%D0%BE%D0%BD%D0%B0%D0%BB%D0%B0%D0%B4%D0%BA%D0%B5-19-12-2022-at-kaz-project-operating-llp-4451026771,Руководитель группы по пусконаладке (19/12/2022),Kaz Project Operating LLP,posted,2026-08-08T03:26:17.554261,400
7761a90a77e37ac6,https://tj.linkedin.com/jobs/view/%D1%80%D1%83%D0%BA%D0%BE%D0%B2%D0%BE%D0%B4%D0%B8%D1%82%D0%B5%D0%BB%D1%8C-%D0%B3%D1%80%D1%83%D0%BF%D0%BF%D1%8B-%D0%BF%D0%BE-%D0%BF%D1%83%D1%81%D0%BA%D0%BE%D0%BD%D0%B0%D0%BB%D0%B0%D0%B4%D0%BA%D0%B5-09-08-2023-at-kaz-project-operating-llp-4451030322,Руководитель группы по пусконаладке (09/08/2023),Kaz Project Operating LLP,posted,2026-08-08T03:26:31.909325,402
85e293fe657aaf11,https://tj.linkedin.com/jobs/view/campus-network-engineer-lan-wi-fi-nac-access-control-at-bank-eskhata-4450777046,Campus Network Engineer (LAN / Wi-Fi / NAC / Access Control),,scraped,2026-08-08T03:26:36.614067,
7b8397455e438c25,https://tj.linkedin.com/jobs/view/%D0%BD%D0%B0%D1%87%D0%B0%D0%BB%D1%8C%D0%BD%D0%B8%D0%BA-%D0%BE%D1%82%D0%B4%D0%B5%D0%BB%D0%B0-%D1%86%D0%B8%D1%84%D1%80%D0%BE%D0%B2%D0%B8%D0%B7%D0%B0%D1%86%D0%B8%D0%B8-%D0%B8-%D0%BD%D0%B5%D0%BF%D1%80%D0%B5%D1%80%D1%8B%D0%B2%D0%BD%D0%BE%D0%B3%D0%BE-%D1%81%D0%BE%D0%B2%D0%B5%D1%80%D1%88%D0%B5%D0%BD%D1%81%D1%82%D0%B2%D0%BE%D0%B2%D0%B0%D0%BD%D0%B8%D1%8F-%D0%BF%D1%80%D0%BE%D1%86%D0%B5%D1%81%D1%81%D0%BE%D0%B2-%D0%BF%D1%80%D0%BE%D0%B8%D0%B7%D0%B2%D0%BE%D0%B4%D1%81%D1%82%D0%B2%D0%B0-20-02-2023-at-kaz-project-operating-llp-4451028602,Начальник отдела цифровизации и непрерывного совершенствования процессов производства (20/02/2023),Kaz Project Operating LLP,posted,2026-08-08T03:26:57.005870,404
592adb8f463dfb5d,https://tj.linkedin.com/jobs/view/firewall-network-security-engineer-at-bank-eskhata-4450770232,Firewall / Network Security Engineer,,scraped,2026-08-08T03:26:59.550966,
32ad3669e17b915e,https://tj.linkedin.com/jobs/view/%D1%80%D0%B0%D0%B7%D1%80%D0%B0%D0%B1%D0%BE%D1%82%D1%87%D0%B8%D0%BA-php-at-bank-eskhata-4450774087,Разработчик PHP,,scraped,2026-08-08T03:27:10.481075,
1afa877714fa7ae7,https://tj.linkedin.com/jobs/view/%D0%B8%D0%BD%D0%B6%D0%B5%D0%BD%D0%B5%D1%80-%D1%8D%D0%BB%D0%B5%D0%BA%D1%82%D1%80%D0%B8%D0%BA-16-06-2023-at-kaz-project-operating-llp-4451024726,Инженер-электрик (16/06/2023),Kaz Project Operating LLP,posted,2026-08-08T03:27:46.859606,406
ee28908f45a751f2,https://tj.linkedin.com/jobs/view/%D1%82%D0%B5%D1%85%D0%BD%D0%B8%D0%BA-%D0%BF%D0%BE-%D0%BF%D1%83%D1%81%D0%BA%D0%BE-%D0%BD%D0%B0%D0%BB%D0%B0%D0%B4%D0%BA%D0%B5-07-09-2022-at-kaz-project-operating-llp-4451025783,Техник по пуско-наладке (07/09/2022),Kaz Project Operating LLP,posted,2026-08-08T03:28:05.259909,408
00e76746180695b9,https://tj.linkedin.com/jobs/view/%D0%BF%D0%BE%D0%B4%D1%81%D0%BE%D0%B1%D0%BD%D0%B8%D0%BA-at-kufar-4450761798,Подсобник,,scraped,2026-08-08T03:28:07.888378,
5bcc5b0c13736d76,https://tj.linkedin.com/jobs/view/%D1%81%D0%BE%D0%B2%D0%B5%D1%82%D0%BD%D0%B8%D0%BA-%D0%BF%D0%BE-%D0%BD%D0%B5%D0%BF%D1%80%D0%B5%D1%80%D1%8B%D0%B2%D0%BD%D0%BE%D0%BC%D1%83-%D1%81%D0%BE%D0%B2%D0%B5%D1%80%D1%88%D0%B5%D0%BD%D1%81%D1%82%D0%B2%D0%BE%D0%B2%D0%B0%D0%BD%D0%B8%D1%8E-%D0%BF%D1%80%D0%BE%D1%86%D0%B5%D1%81%D1%81%D0%BE%D0%B2-%D0%BF%D1%80%D0%BE%D0%B8%D0%B7%D0%B2%D0%BE%D0%B4%D1%81%D1%82%D0%B2%D0%B0-25-05-2022-at-kaz-project-operating-llp-4451024792,Советник по непрерывному совершенствованию процессов производства (25/05/2022),Kaz Project Operating LLP,posted,2026-08-08T04:53:28.279055,410
b533872755479249,https://tj.linkedin.com/jobs/view/%D0%BC%D0%B5%D0%BD%D0%B5%D0%B4%D0%B6%D0%B5%D1%80-%D0%BF%D0%BE-%D0%BC%D0%BE%D0%BD%D0%B8%D1%82%D0%BE%D1%80%D0%B8%D0%BD%D0%B3%D1%83-%D0%B8-%D1%81%D0%BE%D0%B2%D0%B5%D1%80%D1%88%D0%B5%D0%BD%D1%81%D1%82%D0%B2%D0%BE%D0%B2%D0%B0%D0%BD%D0%B8%D1%8E-%D0%BF%D1%80%D0%BE%D1%86%D0%B5%D1%81%D1%81%D0%BE%D0%B2-at-bank-eskhata-4450769203,Менеджер по мониторингу и совершенствованию процессов,,scraped,2026-08-08T04:53:44.982188,
c1980b2e490b1e1d,https://tj.linkedin.com/jobs/view/%D1%80%D1%83%D0%BA%D0%BE%D0%B2%D0%BE%D0%B4%D0%B8%D1%82%D0%B5%D0%BB%D1%8C-%D0%B4%D0%BD%D0%B5%D0%B2%D0%BD%D0%BE%D0%B9-%D1%81%D0%BC%D0%B5%D0%BD%D1%8B-%D0%B3%D1%80%D1%83%D0%BF%D0%BF%D1%8B-%D0%BF%D0%BE-%D0%B1%D1%83%D1%80%D0%B5%D0%BD%D0%B8%D1%8E-06-02-2023-at-kaz-project-operating-llp-4451040007,Руководитель дневной смены группы по бурению (06/02/2023),Kaz Project Operating LLP,posted,2026-08-08T04:54:06.071673,412
724635f2029c66cf,https://tj.linkedin.com/jobs/view/%D1%80%D1%83%D0%BA%D0%BE%D0%B2%D0%BE%D0%B4%D0%B8%D1%82%D0%B5%D0%BB%D1%8C-%D0%B3%D1%80%D1%83%D0%BF%D0%BF%D1%8B-%D0%BF%D0%BE-%D0%BF%D1%83%D1%81%D0%BA%D0%BE%D0%BD%D0%B0%D0%BB%D0%B0%D0%B4%D0%BA%D0%B5-09-08-2023-at-kaz-project-operating-llp-4451030321,Руководитель группы по пусконаладке (09/08/2023),Kaz Project Operating LLP,posted,2026-08-08T04:54:15.511708,402
21a0f6aabdc083f0,https://tj.linkedin.com/jobs/view/%D1%80%D1%83%D0%BA%D0%BE%D0%B2%D0%BE%D0%B4%D0%B8%D1%82%D0%B5%D0%BB%D1%8C-%D0%B3%D1%80%D1%83%D0%BF%D0%BF%D1%8B-%D0%BF%D0%BE-%D0%BF%D1%83%D1%81%D0%BA%D0%BE%D0%BD%D0%B0%D0%BB%D0%B0%D0%B4%D0%BA%D0%B5-19-12-2022-at-kaz-project-operating-llp-4451031346,Руководитель группы по пусконаладке (19/12/2022),Kaz Project Operating LLP,posted,2026-08-08T04:54:25.070191,400
7da3a829386f352d,https://tj.linkedin.com/jobs/view/%D0%BC%D0%BE%D0%BD%D1%82%D0%B0%D0%B6%D0%BD%D0%B8%D0%BA-%D0%BF%D0%BE-%D0%BC%D0%B5%D1%82%D0%B0%D0%BB%D0%BB%D0%BE%D0%BA%D0%BE%D0%BD%D1%81%D1%82%D1%80%D1%83%D0%BA%D1%86%D0%B8%D0%B9-%D0%BD%D1%83%D1%80-%D1%81%D1%83%D0%BB%D1%82%D0%B0%D0%BD-02-06-2021-at-kaz-project-operating-llp-4451033292,Монтажник по металлоконструкций ( Нур-Султан 02/06/2021),Kaz Project Operating LLP,posted,2026-08-08T04:54:40.712546,414
09788d08e723f82f,https://tj.linkedin.com/jobs/view/%D0%B8%D0%BD%D0%B6%D0%B5%D0%BD%D0%B5%D1%80-%D0%BF%D0%BE-%D0%BE%D1%85%D1%80%D0%B0%D0%BD%D0%B5-%D1%82%D1%80%D1%83%D0%B4%D0%B0-%D1%82%D0%B5%D1%85%D0%BD%D0%B8%D0%BA%D0%B5-%D0%B1%D0%B5%D0%B7%D0%BE%D0%BF%D0%B0%D1%81%D0%BD%D0%BE%D1%81%D1%82%D0%B8-%D0%B8-%D0%BE%D1%85%D1%80%D0%B0%D0%BD%D0%B5-%D0%BE%D0%BA%D1%80%D1%83%D0%B6%D0%B0%D1%8E%D1%89%D0%B5%D0%B9-%D1%81%D1%80%D0%B5%D0%B4%D1%8B-31-01-2023-at-kaz-project-operating-llp-4451038047,"Инженер по охране труда, технике безопасности и охране окружающей среды (31/01/2023)",Kaz Project Operating LLP,posted,2026-08-08T04:55:03.097432,416
6ef3edff331b0c93,https://tj.linkedin.com/jobs/view/data-center-network-engineer-at-bank-eskhata-4450764376,Data Center Network Engineer,,scraped,2026-08-08T04:55:07.905366,
2345669cfb276f91,https://tj.linkedin.com/jobs/view/%D0%B2%D0%B5%D0%B4%D1%83%D1%89%D0%B8%D0%B9-%D1%81%D0%BF%D0%B5%D1%86%D0%B8%D0%B0%D0%BB%D0%B8%D1%81%D1%82-%D0%BF%D0%BE-%D1%83%D0%BF%D1%80%D0%B0%D0%B2%D0%BB%D0%B5%D0%BD%D0%B8%D1%8E-%D0%BF%D1%80%D0%BE%D0%B5%D0%BA%D1%82%D0%B0%D0%BC%D0%B8-%D0%BF%D1%80%D0%BE%D0%BC%D1%8B%D1%81%D0%BB%D0%BE%D0%B2%D1%8B%D1%85-%D0%BE%D0%B1%D1%8A%D0%B5%D0%BA%D1%82%D0%BE%D0%B2-27-04-2023-at-kaz-project-operating-llp-4451025745,Ведущий специалист по управлению проектами промысловых объектов (27/04/2023),Kaz Project Operating LLP,posted,2026-08-08T04:55:30.338208,418
f11edefdf101051c,https://tj.linkedin.com/jobs/view/%D0%B8%D0%BD%D0%B6%D0%B5%D0%BD%D0%B5%D1%80-%D0%BF%D0%BE-%D0%BA%D0%B8%D0%BF%D0%B8%D0%B0-25-05-2022-at-kaz-project-operating-llp-4451034219,Инженер по КИПиА (25/05/2022),Kaz Project Operating LLP,posted,2026-08-08T04:55:39.693486,410
f7f59dc969336e90,https://tj.linkedin.com/jobs/view/%D0%BA%D0%B0%D1%81%D0%B8%D0%B5%D1%80-%D0%BA%D0%B8-%D1%81-%D0%BE%D0%BF%D0%B8%D1%82-%D0%B7%D0%B0-%D0%B8%D0%B3%D1%80%D0%B0%D0%BB%D0%BD%D0%BE-%D0%BA%D0%B0%D0%B7%D0%B8%D0%BD%D0%BE-at-palms-royale-sofia-casino-4451005777,КАСИЕР/ КИ С ОПИТ ЗА ИГРАЛНО КАЗИНО,Palms Royale Sofia Casino,posted,2026-08-08T04:56:05.916857,420
53237145876ffaaf,https://tj.linkedin.com/jobs/view/investor-relations-at-alif-bank-4448731236,Investor Relations,,scraped,2026-08-08T06:41:36.377540,
25627591412c9e36,https://tj.linkedin.com/jobs/view/%D0%BF%D1%80%D0%B5%D0%BF%D0%BE%D0%B4%D0%B0%D0%B2%D0%B0%D1%82%D0%B5%D0%BB%D1%8C-%D1%80%D0%BE%D0%B1%D0%BE%D1%82%D0%BE%D1%82%D0%B5%D1%85%D0%BD%D0%B8%D0%BA%D0%B8-%D0%BE%D0%B4%D0%B8%D0%BD%D1%86%D0%BE%D0%B2%D1%81%D0%BA%D0%B8%D0%B9-%D1%80%D0%B0%D0%B9%D0%BE%D0%BD-at-%D0%B7%D0%B0%D0%BD%D0%B8%D0%BC%D0%B0%D1%82%D0%B5%D0%BB%D1%8C%D0%BD%D0%B0%D1%8F-%D1%80%D0%BE%D0%B1%D0%BE%D1%82%D0%BE%D1%82%D0%B5%D1%85%D0%BD%D0%B8%D0%BA%D0%B0-4451046149,Преподаватель робототехники Одинцовский район,Занимательная робототехника,failed|wp_post_failed,2026-08-08T08:34:52.489021,
41686ccb3727601b,https://tj.linkedin.com/jobs/view/%D0%B8%D0%BD%D0%B6%D0%B5%D0%BD%D0%B5%D1%80-%D0%BF%D0%BE-%D1%81%D0%BC%D0%B5%D1%82%D0%BD%D0%BE%D0%B9-%D1%80%D0%B0%D0%B1%D0%BE%D1%82%D0%B5-24-04-2023-at-kaz-project-operating-llp-4451038031,Инженер по сметной работе (24/04/2023),Kaz Project Operating LLP,posted,2026-08-08T08:35:44.077105,390
3d7b1627447380bb,https://tj.linkedin.com/jobs/view/routing-network-engineer-at-bank-eskhata-4450772200,Routing / Network Engineer,,scraped,2026-08-08T08:36:22.673756,
c75edf1b8ecbd36a,https://tj.linkedin.com/jobs/view/%D0%B8%D0%BD%D0%B6%D0%B5%D0%BD%D0%B5%D1%80-%D0%BF%D0%BE-%D1%81%D0%B8%D1%81%D1%82%D0%B5%D0%BC%D0%B0%D0%BC-%D1%83%D0%BF%D1%80%D0%B0%D0%B2%D0%BB%D0%B5%D0%BD%D0%B8%D1%8F-%D0%B7%D0%B0%D0%B2%D0%B5%D1%80%D1%88%D0%B5%D0%BD%D0%B8%D0%B5%D0%BC-%D1%80%D0%B0%D0%B1%D0%BE%D1%82%D1%8B-27-12-2022-at-kaz-project-operating-llp-4451018988,Инженер по системам управления завершением работы (27/12/2022),Kaz Project Operating LLP,posted,2026-08-08T08:36:45.137502,422
688a910b0aa4b3f7,https://tj.linkedin.com/jobs/view/%D0%B8%D0%BD%D0%B6%D0%B5%D0%BD%D0%B5%D1%80-%D1%81%D1%82%D1%80%D0%BE%D0%B8%D1%82%D0%B5%D0%BB%D1%8C-25-05-2022-at-kaz-project-operating-llp-4451021947,Инженер-строитель (25/05/2022),Kaz Project Operating LLP,posted,2026-08-08T08:37:12.554614,410
aa261108af137d11,https://tj.linkedin.com/jobs/view/%D1%81%D1%82%D0%B0%D1%80%D1%88%D0%B8%D0%B9-%D0%B8%D0%BD%D0%B6%D0%B5%D0%BD%D0%B5%D1%80-%D0%BF%D0%BE-%D0%BC%D0%B5%D1%85%D0%B0%D0%BD%D0%B8%D1%87%D0%B5%D1%81%D0%BA%D0%BE%D0%BC%D1%83-%D0%BE%D0%B1%D0%BE%D1%80%D1%83%D0%B4%D0%BE%D0%B2%D0%B0%D0%BD%D0%B8%D1%8E-24-05-2022-at-kaz-project-operating-llp-4451042018,Старший инженер по механическому оборудованию (24/05/2022),Kaz Project Operating LLP,posted,2026-08-08T08:37:39.935496,380
808ac1e2027abcbb,https://tj.linkedin.com/jobs/view/%D0%BF%D1%80%D0%B8%D0%B1%D0%B8%D1%80%D0%B0%D0%BB%D1%8C%D0%BD%D0%B8%D0%BA-%D1%81%D0%BB%D1%83%D0%B6%D0%B1%D0%BE%D0%B2%D0%B8%D1%85-%D0%BF%D1%80%D0%B8%D0%BC%D1%96%D1%89%D0%B5%D0%BD%D1%8C-at-%D0%B1%D0%BB%D0%B8%D0%B7%D0%B5%D0%BD%D1%8C%D0%BA%D0%BE-4450617542,Прибиральник службових приміщень,Близенько,failed|wp_post_failed,2026-08-08T08:37:50.093566,
755e0db5ea9f6e89,https://tj.linkedin.com/jobs/view/%D0%B0%D0%B4%D0%BC%D0%B8%D0%BD%D0%B8%D1%81%D1%82%D1%80%D0%B0%D1%82%D0%BE%D1%80-%D0%BF%D0%BE-%D0%B4%D0%BE%D0%B3%D0%BE%D0%B2%D0%BE%D1%80%D0%BD%D0%BE%D0%B9-%D1%80%D0%B0%D0%B1%D0%BE%D1%82%D0%B5-29-03-2023-at-kaz-project-operating-llp-4451021913,Администратор по договорной работе (29/03/2023),Kaz Project Operating LLP,posted,2026-08-08T16:28:18.102692,424
acec3c9b014242bc,https://tj.linkedin.com/jobs/view/%D0%B0%D0%B4%D0%BC%D0%B8%D0%BD%D0%B8%D1%81%D1%82%D1%80%D0%B0%D1%82%D0%BE%D1%80-%D0%BF%D0%BE-%D0%B4%D0%BE%D0%B3%D0%BE%D0%B2%D0%BE%D1%80%D0%BD%D0%BE%D0%B9-%D1%80%D0%B0%D0%B1%D0%BE%D1%82%D0%B5-10-08-2022-at-kaz-project-operating-llp-4451023809,Администратор по договорной работе (10/08/2022),Kaz Project Operating LLP,posted,2026-08-08T16:28:32.236025,426
6123a591ffc65b8f,https://tj.linkedin.com/jobs/view/%D1%81%D1%82%D0%B0%D1%80%D1%88%D0%B8%D0%B9-%D1%81%D0%BF%D0%B5%D1%86%D0%B8%D0%B0%D0%BB%D0%B8%D1%81%D1%82-%D0%BF%D0%BE-%D0%B4%D0%BE%D0%B3%D0%BE%D0%B2%D0%BE%D1%80%D0%BD%D0%BE%D0%B9-%D1%80%D0%B0%D0%B1%D0%BE%D1%82%D0%B5-07-02-2025-at-kaz-project-operating-llp-4448497689,Старший специалист по договорной работе (07/02/2025),Kaz Project Operating LLP,posted,2026-08-08T16:29:08.883949,428
eb6bc9630103dcf8,https://tj.linkedin.com/jobs/view/%D0%B8%D0%BD%D0%B6%D0%B5%D0%BD%D0%B5%D1%80-%D0%BF%D0%BE-%D0%BF%D0%BB%D0%B0%D0%BD%D0%B8%D1%80%D0%BE%D0%B2%D0%B0%D0%BD%D0%B8%D1%8E-%D1%80%D0%B0%D0%B1%D0%BE%D1%82-%D0%BE%D0%B2%D0%BA%D0%B2-20-09-2024-at-kaz-project-operating-llp-4448495737,ИНЖЕНЕР ПО ПЛАНИРОВАНИЮ РАБОТ ОВКВ (20/09/2024),Kaz Project Operating LLP,posted,2026-08-08T16:29:23.281363,430
ed85f14a2339e4b5,https://tj.linkedin.com/jobs/view/%D0%BF%D1%80%D0%BE%D0%B4%D0%B0%D0%B2%D0%B5%D1%86%D1%8C-%D0%BA%D0%BE%D0%BD%D1%81%D1%83%D0%BB%D1%8C%D1%82%D0%B0%D0%BD%D1%82-at-%D0%B1%D0%BB%D0%B8%D0%B7%D0%B5%D0%BD%D1%8C%D0%BA%D0%BE-4451053550,Продавець-консультант,Близенько,posted,2026-08-08T16:29:40.533794,432
b0e92aa4758af98d,https://tj.linkedin.com/jobs/view/%D0%B8%D0%BD%D0%B6%D0%B5%D0%BD%D0%B5%D1%80-%D0%BF%D0%BE-%D0%BE%D0%B1%D0%B5%D1%81%D0%BF%D0%B5%D1%87%D0%B5%D0%BD%D0%B8%D1%8E-%D1%86%D0%B5%D0%BB%D0%BE%D1%81%D1%82%D0%BD%D0%BE%D1%81%D1%82%D0%B8-%D1%81%D0%BA%D0%B2%D0%B0%D0%B6%D0%B8%D0%BD-04-07-2022-at-kaz-project-operating-llp-4451032317,Инженер по обеспечению целостности скважин (04/07/2022),Kaz Project Operating LLP,posted,2026-08-08T16:29:59.911451,434
2a89be85a75e58fa,https://tj.linkedin.com/jobs/view/%D0%BC%D0%BE%D0%BD%D1%82%D0%B0%D0%B6%D0%BD%D0%B8%D0%BA%D0%B8-%D0%BD%D0%B0%D1%82%D1%8F%D0%B6%D0%BD%D1%8B%D1%85-%D0%BF%D0%BE%D1%82%D0%BE%D0%BB%D0%BA%D0%BE%D0%B2-%D1%81-%D0%BE%D0%BF%D1%8B%D1%82%D0%BE%D0%BC-%D1%80%D0%B0%D0%B1%D0%BE%D1%82%D1%8B-at-kufar-4451089929,Монтажники натяжных потолков с опытом работы,,scraped,2026-08-08T22:23:35.776135,
28e875ac0a018350,https://tj.linkedin.com/jobs/view/%D0%BD%D1%8F%D0%BD%D1%8F-at-somon-tj-4449296323,Няня,Somon.tj,failed|wp_post_failed,2026-08-09T04:59:22.243383,
4a2bcab018e341c7,https://tj.linkedin.com/jobs/view/%D1%80%D0%BE%D0%BD%D0%B0%D0%BD%D0%B4%D0%B0-%D0%B4%D0%B0%D1%80-%D1%81%D0%B5%D1%85%D0%B8-%D1%88%D1%83%D1%81%D1%82%D1%83%D1%88%D1%83%D0%B8-%D0%BA%D0%BE%D0%BB%D0%B8%D0%BD%D1%85%D0%BE-at-somon-tj-4449285540,Ронанда дар сехи шустушуи колинхо,Somon.tj,failed|wp_post_failed,2026-08-09T04:59:30.292199,
4775eea7c38ead4d,https://tj.linkedin.com/jobs/view/%D0%BF%D0%B5%D0%BA%D0%B0%D1%80-at-%D0%B1%D0%BB%D0%B8%D0%B7%D0%B5%D0%BD%D1%8C%D0%BA%D0%BE-4451301171,Пекар,Близенько,failed|wp_post_failed,2026-08-09T04:59:34.360323,
d98fee3bd7f743a6,https://tj.linkedin.com/jobs/view/%D0%B0%D0%B4%D0%BC%D1%96%D0%BD%D1%96%D1%81%D1%82%D1%80%D0%B0%D1%82%D0%BE%D1%80-at-%D0%B1%D0%BB%D0%B8%D0%B7%D0%B5%D0%BD%D1%8C%D0%BA%D0%BE-4451062095,Адміністратор,Близенько,failed|wp_post_failed,2026-08-09T04:59:38.640752,
4b729653df5a6c3b,https://tj.linkedin.com/jobs/view/%D0%BC%D0%B5%D0%BD%D0%B5%D0%B4%D0%B6%D0%B5%D1%80-%D0%BF%D0%BE-%D0%BF%D1%80%D0%BE%D0%B4%D0%B0%D0%B6%D0%B0%D0%BC-%D0%BE%D1%81%D0%B2%D0%B5%D1%82%D0%B8%D1%82%D0%B5%D0%BB%D1%8C%D0%BD%D0%BE%D0%B5-%D0%BE%D0%B1%D0%BE%D1%80%D1%83%D0%B4%D0%BE%D0%B2%D0%B0%D0%BD%D0%B8%D0%B5-at-%D0%B5%D1%82s-european-trade-systems-4450928302,Менеджер по продажам (осветительное оборудование),,scraped,2026-08-09T04:59:45.750687,
f7c7d850d6aa34b3,https://tj.linkedin.com/jobs/view/%D0%BA%D0%B5%D1%80%D1%83%D1%8E%D1%87%D0%B8%D0%B9-%D0%BC%D0%B0%D0%B3%D0%B0%D0%B7%D0%B8%D0%BD%D1%83-at-%D0%B1%D0%BB%D0%B8%D0%B7%D0%B5%D0%BD%D1%8C%D0%BA%D0%BE-4451082784,Керуючий магазину,Близенько,failed|wp_post_failed,2026-08-09T06:46:50.861367,
fea76943b7ddb3cb,https://tj.linkedin.com/jobs/view/%D1%80%D1%83%D0%BA%D0%BE%D0%B2%D0%BE%D0%B4%D0%B8%D1%82%D0%B5%D0%BB%D1%8C-%D0%B4%D0%BD%D0%B5%D0%B2%D0%BD%D0%BE%D0%B9-%D1%81%D0%BC%D0%B5%D0%BD%D1%8B-%D0%B3%D1%80%D1%83%D0%BF%D0%BF%D1%8B-%D0%BF%D0%BE-%D0%B1%D1%83%D1%80%D0%B5%D0%BD%D0%B8%D1%8E-22-12-2022-at-kaz-project-operating-llp-4451036169,Руководитель дневной смены группы по бурению (22/12/2022),Kaz Project Operating LLP,posted,2026-08-09T06:47:24.620679,436
ded430689425c295,https://tj.linkedin.com/jobs/view/%D0%B8%D0%BD%D0%B6%D0%B5%D0%BD%D0%B5%D1%80-%D0%BF%D0%BE-%D0%BE%D0%BF%D1%82%D0%B8%D0%BC%D0%B8%D0%B7%D0%B0%D1%86%D0%B8%D0%B8-%D0%B8-%D0%BF%D0%BB%D0%B0%D0%BD%D0%B8%D1%80%D0%BE%D0%B2%D0%B0%D0%BD%D0%B8%D1%8E-%D0%BF%D1%80%D0%BE%D0%B8%D0%B7%D0%B2%D0%BE%D0%B4%D1%81%D1%82%D0%B2%D0%B0-23-12-2022-at-kaz-project-operating-llp-4451037148,Инженер по оптимизации и планированию производства (23/12/2022),Kaz Project Operating LLP,posted,2026-08-09T06:47:57.179548,438
55a4fecc08a1e062,https://tj.linkedin.com/jobs/view/%D0%B8%D0%BD%D0%B6%D0%B5%D0%BD%D0%B5%D1%80-%D0%BF%D0%BE-%D0%BE%D0%BF%D1%82%D0%B8%D0%BC%D0%B8%D0%B7%D0%B0%D1%86%D0%B8%D0%B8-%D0%B8-%D0%BF%D0%BB%D0%B0%D0%BD%D0%B8%D1%80%D0%BE%D0%B2%D0%B0%D0%BD%D0%B8%D1%8E-%D0%BF%D1%80%D0%BE%D0%B8%D0%B7%D0%B2%D0%BE%D0%B4%D1%81%D1%82%D0%B2%D0%B0-25-05-2022-at-kaz-project-operating-llp-4451023822,Инженер по оптимизации и планированию производства (25/05/2022),Kaz Project Operating LLP,posted,2026-08-09T06:48:06.767197,410
4ed15fdacf59049a,https://tj.linkedin.com/jobs/view/%D1%81%D1%83%D0%BF%D0%B5%D1%80%D0%B2%D0%B0%D0%B9%D0%B7%D0%B5%D1%80-%D0%BF%D0%BE-%D1%8D%D0%BB%D0%B5%D0%BA%D1%82%D1%80%D0%B8%D0%BA%D0%B5-07-09-2022-at-kaz-project-operating-llp-4451028616,Супервайзер по электрике (07/09/2022),Kaz Project Operating LLP,posted,2026-08-09T06:48:31.783467,408
fddacfc3e718979b,https://tj.linkedin.com/jobs/view/%D0%B8%D1%89%D1%83-%D0%BF%D0%BE%D0%B4%D1%80%D0%B0%D0%B1%D0%BE%D1%82%D0%BA%D1%83-%D0%BF%D0%BE%D0%B4%D1%80%D0%BE%D1%81%D1%82%D0%BE%D0%BA-12-%D0%BB%D0%B5%D1%82-at-kufar-4451307067,Ищу подработку подросток 12 лет,,scraped,2026-08-09T06:48:38.458756,
40f6c3e672330a2b,https://tj.linkedin.com/jobs/view/%D0%BE%D0%BF%D0%B5%D1%80%D0%B0%D1%82%D0%BE%D1%80-%D1%81%D1%82%D0%BE%D0%BB%D1%8F%D1%80-%D1%81%D1%82%D0%B0%D0%BD%D0%BE%D1%87%D0%BD%D0%B8%D0%BA-%D0%BD%D0%B0-%D0%BA%D1%80%D0%BE%D0%BC%D0%BA%D0%BE%D0%BE%D0%B1%D0%BB%D0%B8%D1%86%D0%BE%D0%B2%D0%BE%D1%87%D0%BD%D1%8B%D0%B9-%D1%81%D1%82%D0%B0%D0%BD%D0%BE%D0%BA-at-kufar-4451337543,Оператор/Столяр-станочник на кромкооблицовочный станок,,scraped,2026-08-09T08:36:15.209379,
2d0388ea6fd71662,https://tj.linkedin.com/jobs/view/data-scientist-at-bank-eskhata-4450766309,Data Scientist,,scraped,2026-08-09T08:36:22.932435,
25ebf0f9b2b4f1e6,https://tj.linkedin.com/jobs/view/%D0%BF%D0%BE%D0%BC%D0%BE%D1%89%D0%BD%D0%B8%D1%86%D0%B0-%D1%82%D0%BE%D1%80%D0%B3%D0%BE%D0%B2%D0%BE%D0%B3%D0%BE-%D0%B7%D0%B0%D0%BB%D0%B0-at-somon-tj-4449293381,Помощница торгового зала,Somon.tj,failed|wp_post_failed,2026-08-09T08:37:48.165015,
6b82732090ed2f7c,https://tj.linkedin.com/jobs/view/%D0%BF%D1%80%D0%BE%D0%B4%D0%B0%D0%B2%D0%B5%D1%86%D1%8C-%D0%BA%D0%BE%D0%BD%D1%81%D1%83%D0%BB%D1%8C%D1%82%D0%B0%D0%BD%D1%82-at-%D0%B1%D0%BB%D0%B8%D0%B7%D0%B5%D0%BD%D1%8C%D0%BA%D0%BE-4451327725,Продавець-консультант,Близенько,posted,2026-08-09T08:38:08.828517,440
28da4948107f6030,https://tj.linkedin.com/jobs/view/%D0%BF%D1%80%D0%BE%D0%B4%D0%B0%D0%B2%D0%B5%D1%86%D1%8C-%D0%BA%D0%BE%D0%BD%D1%81%D1%83%D0%BB%D1%8C%D1%82%D0%B0%D0%BD%D1%82-at-%D0%B1%D0%BB%D0%B8%D0%B7%D0%B5%D0%BD%D1%8C%D0%BA%D0%BE-4451337383,Продавець-консультант,Близенько,scraped,2026-08-09T08:38:12.862708,
1f9a58d38464c530,https://tj.linkedin.com/jobs/view/%D0%B8%D0%BD%D0%B6%D0%B5%D0%BD%D0%B5%D1%80-%D1%82%D0%B5%D1%85%D0%BD%D0%BE%D0%BB%D0%BE%D0%B3-20-06-2023-at-kaz-project-operating-llp-4451028570,Инженер-технолог (20/06/2023),Kaz Project Operating LLP,posted,2026-08-09T08:38:54.833273,442
f789923a414ecae3,https://tj.linkedin.com/jobs/view/%D0%BA%D0%B0%D0%BC%D0%B5%D0%BD%D1%89%D0%B8%D0%BA-%D0%BA%D0%BB%D0%B0%D0%B4%D0%BA%D0%B0-%D0%BF%D0%B5%D1%80%D0%B5%D0%B3%D0%BE%D1%80%D0%BE%D0%B4%D0%BE%D0%BA-at-kufar-4451349011,"Каменщик, кладка перегородок",,scraped,2026-08-09T08:39:15.369480,
6dd7a080c6aaac60,https://tj.linkedin.com/jobs/view/%D0%B0%D0%B4%D0%BC%D1%96%D0%BD%D1%96%D1%81%D1%82%D1%80%D0%B0%D1%82%D0%BE%D1%80-at-%D0%B1%D0%BB%D0%B8%D0%B7%D0%B5%D0%BD%D1%8C%D0%BA%D0%BE-4451343126,Адміністратор,Близенько,failed|wp_post_failed,2026-08-09T08:39:27.049917,
729a8036acb0b72b,https://tj.linkedin.com/jobs/view/%D0%B0%D0%B4%D0%BC%D1%96%D0%BD%D1%96%D1%81%D1%82%D1%80%D0%B0%D1%82%D0%BE%D1%80-at-%D0%B1%D0%BB%D0%B8%D0%B7%D0%B5%D0%BD%D1%8C%D0%BA%D0%BE-4451338344,Адміністратор,Близенько,scraped,2026-08-09T08:39:31.065339,
4c082b019ef8eb7c,https://tj.linkedin.com/jobs/view/%D0%B0%D0%B2%D1%82%D0%BE%D0%BC%D0%B5%D1%85%D0%B0%D0%BD%D1%96%D0%BA-%D0%BA%D0%B8%D0%BD%D1%8F-at-reskilling-ukraine-4447347950,Автомеханік/киня,Reskilling Ukraine,posted,2026-08-09T14:31:10.896554,444
d74d44e62df59cba,https://tj.linkedin.com/jobs/view/%D1%80%D1%83%D0%BA%D0%BE%D0%B2%D0%BE%D0%B4%D0%B8%D1%82%D0%B5%D0%BB%D1%8C-%D0%B3%D1%80%D1%83%D0%BF%D0%BF%D1%8B-%D0%BF%D0%BE-%D0%BF%D1%83%D1%81%D0%BA%D0%BE%D0%BD%D0%B0%D0%BB%D0%B0%D0%B4%D0%BA%D0%B5-%D0%BF%D0%BE-%D0%B8%D0%BD%D1%81%D1%82%D1%80%D1%83%D0%BC%D0%B5%D0%BD%D1%82%D0%B0%D0%BC-08-02-2023-at-kaz-project-operating-llp-4451016955,Руководитель группы по пусконаладке (по инструментам) (08/02/2023),Kaz Project Operating LLP,posted,2026-08-09T14:32:05.731525,446
9b40a945d7259bc8,https://tj.linkedin.com/jobs/view/%D1%81%D0%BF%D0%B5%D1%86%D0%B8%D0%B0%D0%BB%D0%B8%D1%81%D1%82-%D0%BF%D0%BE-%D0%B8%D0%BD%D1%84%D0%BE%D1%80%D0%BC%D0%B0%D1%86%D0%B8%D0%BE%D0%BD%D0%BD%D0%BE%D0%B9-%D0%B1%D0%B5%D0%B7%D0%BE%D0%BF%D0%B0%D1%81%D0%BD%D0%BE%D1%81%D1%82%D0%B8-24-05-2022-at-kaz-project-operating-llp-4451029567,Специалист по информационной безопасности (24/05/2022),Kaz Project Operating LLP,posted,2026-08-09T18:33:51.633919,380
165e3a72ec08f819,https://tj.linkedin.com/jobs/view/%D0%B8%D0%BD%D0%B6%D0%B5%D0%BD%D0%B5%D1%80-%D0%BF%D0%BE-%D1%81%D0%BC%D0%B5%D1%82%D0%BD%D0%BE%D0%B9-%D1%80%D0%B0%D0%B1%D0%BE%D1%82%D0%B5-06-04-2022-at-kaz-project-operating-llp-4451021956,Инженер по сметной работе (06/04/2022),Kaz Project Operating LLP,posted,2026-08-09T18:34:11.688237,448
27a4f9a7f752ab86,https://tj.linkedin.com/jobs/view/%D0%B2%D0%BE%D0%B4%D0%B8%D1%82%D0%B5%D0%BB%D1%8C-%D1%81-%D0%BF%D0%BE-%D1%80%D0%B1-at-kufar-4451335532,Водитель С (по РБ),,scraped,2026-08-09T18:34:18.314355,
97f38cb18c5147e0,https://tj.linkedin.com/jobs/view/%D0%BF%D0%BE%D0%B4%D1%80%D0%B0%D0%B1%D0%BE%D1%82%D0%BA%D0%B0-at-kufar-4451366449,ПОДРАБОТКА,,scraped,2026-08-09T20:26:27.694244,
fe054f231e9feee9,https://tj.linkedin.com/jobs/view/%D0%BD%D0%B0%D1%87%D0%B0%D0%BB%D1%8C%D0%BD%D0%B8%D0%BA-%D1%86%D0%B5%D0%BD%D1%82%D1%80%D0%B0-%D0%B1%D0%B0%D0%BD%D0%BA%D0%BE%D0%B2%D1%81%D0%BA%D0%BE%D0%B3%D0%BE-%D0%BE%D0%B1%D1%81%D0%BB%D1%83%D0%B6%D0%B8%D0%B2%D0%B0%D0%BD%D0%B8%D1%8F-%D0%B4%D0%B6-%D0%BE%D1%80%D0%B8%D1%91%D0%BD-at-bank-eskhata-4450768262,Начальник центра банковского обслуживания - дж.Ориён,,scraped,2026-08-09T20:28:15.891997,
40f1bcdaf6ed0d68,https://tj.linkedin.com/jobs/view/%D0%BC%D0%BE%D0%BD%D1%82%D0%B0%D0%B6%D0%BD%D0%B8%D0%BA%D0%B8-%D0%BD%D0%B0%D1%82%D1%8F%D0%B6%D0%BD%D1%8B%D1%85-%D0%BF%D0%BE%D1%82%D0%BE%D0%BB%D0%BA%D0%BE%D0%B2-%D1%81-%D0%BE%D0%BF%D1%8B%D1%82%D0%BE%D0%BC-%D1%80%D0%B0%D0%B1%D0%BE%D1%82%D1%8B-at-kufar-4451357714,Монтажники натяжных потолков с опытом работы,,scraped,2026-08-09T22:25:05.460160,
cb73c65134d261f4,https://tj.linkedin.com/jobs/view/%D0%BA%D1%80%D0%BE%D0%B2%D0%B5%D0%BB%D1%8C%D1%89%D0%B8%D0%BA-%D0%BF%D0%BE-%D1%80%D1%83%D0%BB%D0%BE%D0%BD%D0%BD%D1%8B%D0%BC-%D0%BA%D1%80%D0%BE%D0%B2%D0%BB%D1%8F%D0%BC-at-kufar-4451373152,Кровельщик по рулонным кровлям,,scraped,2026-08-09T22:27:40.005536,
6087310f393a350b,https://tj.linkedin.com/jobs/view/%D0%B4%D0%BE%D1%81%D1%82%D0%B0%D0%B2%D1%89%D0%B8%D0%BA-at-somon-tj-4449544025,Доставщик,Somon.tj,failed|wp_post_failed,2026-08-10T05:21:40.127751,
b72921e0b68fa9e3,https://tj.linkedin.com/jobs/view/%D0%BE%D1%85%D1%80%D0%B0%D0%BD%D0%BD%D0%B8%D0%BA-at-somon-tj-4449538200,Охранник,Somon.tj,failed|wp_post_failed,2026-08-10T05:21:48.235553,
fa2ded1f45e70354,https://tj.linkedin.com/jobs/view/%D1%82%D0%BE%D1%80%D0%B3%D0%BE%D0%B2%D1%8B%D0%B9-%D0%BF%D1%80%D0%B5%D0%B4%D1%81%D1%82%D0%B0%D0%B2%D0%B8%D1%82%D0%B5%D0%BB%D1%8C-at-somon-tj-4449523734,Торговый представитель,Somon.tj,failed|wp_post_failed,2026-08-10T05:23:12.364454,
1ef45fe7e1d3c118,https://tj.linkedin.com/jobs/view/%D0%BF%D1%80%D0%BE%D0%B4%D0%B0%D0%B2%D0%B5%D1%86%D1%8C-%D0%BA%D0%BE%D0%BD%D1%81%D1%83%D0%BB%D1%8C%D1%82%D0%B0%D0%BD%D1%82-at-%D0%B1%D0%BB%D0%B8%D0%B7%D0%B5%D0%BD%D1%8C%D0%BA%D0%BE-4451354716,Продавець-консультант,Близенько,posted,2026-08-10T05:23:45.477222,450
0f1e0498320fc61a,https://tj.linkedin.com/jobs/view/%D0%BF%D1%80%D0%BE%D0%B4%D0%B0%D0%B2%D0%B5%D1%86%D1%8C-%D0%BA%D0%BE%D0%BD%D1%81%D1%83%D0%BB%D1%8C%D1%82%D0%B0%D0%BD%D1%82-at-%D0%B1%D0%BB%D0%B8%D0%B7%D0%B5%D0%BD%D1%8C%D0%BA%D0%BE-4451369282,Продавець-консультант,Близенько,scraped,2026-08-10T05:23:49.558065,
94f5d4289e00dd78,https://tj.linkedin.com/jobs/view/migration-health-physician-at-iom-un-migration-4451396911,Migration Health Physician,IOM - UN Migration,posted,2026-08-10T14:54:18.764588,23
eb5caffea1716fcc,https://tj.linkedin.com/jobs/view/%D1%81%D0%BF%D0%B5%D1%86%D0%B8%D0%B0%D0%BB%D0%B8%D1%81%D1%82-%D0%BF%D0%BE-%D1%80%D0%B0%D0%B1%D0%BE%D1%82%D0%B5-%D1%81-%D0%BA%D0%BB%D0%B8%D0%B5%D0%BD%D1%82%D0%B0%D0%BC%D0%B8-at-somon-tj-4449529496,Специалист по работе с клиентами,Somon.tj,failed|wp_post_failed,2026-08-10T14:55:40.880158,
cd6d73a1581b1935,https://tj.linkedin.com/jobs/view/%D0%B0%D0%B4%D0%BC%D1%96%D0%BD%D1%96%D1%81%D1%82%D1%80%D0%B0%D1%82%D0%BE%D1%80-at-%D0%B1%D0%BB%D0%B8%D0%B7%D0%B5%D0%BD%D1%8C%D0%BA%D0%BE-4451369248,Адміністратор,Близенько,failed|wp_post_failed,2026-08-10T14:57:01.073875,
df4d738902bf5ca9,https://tj.linkedin.com/jobs/view/%D0%BA%D0%B5%D1%80%D1%83%D1%8E%D1%87%D0%B8%D0%B9-%D0%BC%D0%B0%D0%B3%D0%B0%D0%B7%D0%B8%D0%BD%D1%83-at-%D0%B1%D0%BB%D0%B8%D0%B7%D0%B5%D0%BD%D1%8C%D0%BA%D0%BE-4451852795,Керуючий магазину,Близенько,failed|wp_post_failed,2026-08-10T20:38:21.185462,
19256f98ed19e98c,https://tj.linkedin.com/jobs/view/%D0%BF%D1%80%D0%BE%D0%B4%D0%B0%D0%B2%D0%B5%D1%86%D1%8C-%D0%BA%D0%BE%D0%BD%D1%81%D1%83%D0%BB%D1%8C%D1%82%D0%B0%D0%BD%D1%82-at-%D0%B1%D0%BB%D0%B8%D0%B7%D0%B5%D0%BD%D1%8C%D0%BA%D0%BE-4451858673,Продавець-консультант,Близенько,posted,2026-08-10T20:38:41.438548,452
b52b24a8d18d0db5,https://tj.linkedin.com/jobs/view/%D0%BF%D1%80%D0%BE%D0%B4%D0%B0%D0%B2%D0%B5%D1%86%D1%8C-%D0%BA%D0%BE%D0%BD%D1%81%D1%83%D0%BB%D1%8C%D1%82%D0%B0%D0%BD%D1%82-at-%D0%B1%D0%BB%D0%B8%D0%B7%D0%B5%D0%BD%D1%8C%D0%BA%D0%BE-4451845800,Продавець-консультант,Близенько,scraped,2026-08-10T20:38:53.775168,
a488a58d6e0f95ef,https://tj.linkedin.com/jobs/view/%D0%B0%D0%BD%D0%B0%D0%BB%D1%96%D1%82%D0%B8%D0%BA-at-%D1%81%D0%B5%D1%80%D0%B2%D0%B8%D1%81-%D0%BE%D0%B1%D0%BC%D0%B5%D0%BD%D0%B0-%D0%B2%D0%B0%D0%BB%D1%8E%D1%82-garant-4451390817,Аналітик,,scraped,2026-08-10T22:32:39.674788,
7695b2a475a41612,https://tj.linkedin.com/jobs/view/%D0%B0%D0%B4%D0%BC%D1%96%D0%BD%D1%96%D1%81%D1%82%D1%80%D0%B0%D1%82%D0%BE%D1%80-at-%D0%B1%D0%BB%D0%B8%D0%B7%D0%B5%D0%BD%D1%8C%D0%BA%D0%BE-4451854736,Адміністратор,Близенько,failed|wp_post_failed,2026-08-10T22:35:02.754811,
76f2747e8aea03d5,https://tj.linkedin.com/jobs/view/%D0%BC%D0%B0%D1%80%D0%BA%D0%B5%D1%82%D0%BE%D0%BB%D0%BE%D0%B3-at-somon-tj-4451622381,Маркетолог,Somon.tj,failed|wp_post_failed,2026-08-11T05:04:57.847534,
066ae9ac4737c733,https://tj.linkedin.com/jobs/view/%D0%B0%D0%B4%D0%BC%D1%96%D0%BD%D1%96%D1%81%D1%82%D1%80%D0%B0%D1%82%D0%BE%D1%80-at-%D0%B1%D0%BB%D0%B8%D0%B7%D0%B5%D0%BD%D1%8C%D0%BA%D0%BE-4451844749,Адміністратор,Близенько,failed|wp_post_failed,2026-08-11T05:06:22.501455,
c3712db34405472a,https://tj.linkedin.com/jobs/view/%D0%BF%D1%80%D0%BE%D0%B4%D0%B0%D0%B2%D0%B5%D1%86%D1%8C-%D0%BA%D0%BE%D0%BD%D1%81%D1%83%D0%BB%D1%8C%D1%82%D0%B0%D0%BD%D1%82-at-%D0%B1%D0%BB%D0%B8%D0%B7%D0%B5%D0%BD%D1%8C%D0%BA%D0%BE-4451854727,Продавець-консультант,Близенько,posted,2026-08-11T06:59:57.085461,454
9dbc8f084b886090,https://tj.linkedin.com/jobs/view/%D0%B8%D0%BD%D0%B6%D0%B5%D0%BD%D0%B5%D1%80-%D0%BF%D0%BE-%D0%BA%D0%BE%D0%BD%D1%82%D1%80%D0%BE%D0%BB%D1%8C%D0%BD%D0%BE-%D0%B8%D0%B7%D0%BC%D0%B5%D1%80%D0%B8%D1%82%D0%B5%D0%BB%D1%8C%D0%BD%D1%8B%D0%BC-%D0%BF%D1%80%D0%B8%D0%B1%D0%BE%D1%80%D0%B0%D0%BC-%D0%B8-%D0%B0%D0%B2%D1%82%D0%BE%D0%BC%D0%B0%D1%82%D0%B8%D0%BA%D0%B5-05-07-2023-at-kaz-project-operating-llp-4451036126,Инженер По Контрольно-Измерительным Приборам И Автоматике (05/07/2023),Kaz Project Operating LLP,posted,2026-08-11T07:00:53.659496,456
6a05e906279ce11a,https://tj.linkedin.com/jobs/view/migration-health-physician-at-vacancies-at-iom-indonesia-4451501817,Migration Health Physician,Vacancies at IOM Indonesia,posted,2026-08-11T08:50:36.699910,23
9ad0299f77687053,https://tj.linkedin.com/jobs/view/%D0%BF%D1%80%D0%B8%D0%B1%D0%B8%D1%80%D0%B0%D0%BB%D1%8C%D0%BD%D0%B8%D0%BA-%D1%81%D0%BB%D1%83%D0%B6%D0%B1%D0%BE%D0%B2%D0%B8%D1%85-%D0%BF%D1%80%D0%B8%D0%BC%D1%96%D1%89%D0%B5%D0%BD%D1%8C-at-%D0%B1%D0%BB%D0%B8%D0%B7%D0%B5%D0%BD%D1%8C%D0%BA%D0%BE-4452413210,Прибиральник службових приміщень,Близенько,failed|wp_post_failed,2026-08-11T08:53:13.308873,
4a8c1a5a1c55a540,https://tj.linkedin.com/jobs/view/%D0%BF%D1%80%D0%BE%D1%80%D0%B0%D0%B1-at-somon-tj-4451605483,Прораб,Somon.tj,failed|wp_post_failed,2026-08-11T18:56:41.222331,
2f9e064ed3cec933,https://tj.linkedin.com/jobs/view/%D0%B0%D1%83%D0%B4%D0%B8%D1%82%D0%BE%D1%80-27-12-2022-at-kaz-project-operating-llp-4451016966,Аудитор (27/12/2022),Kaz Project Operating LLP,posted,2026-08-11T20:39:06.541900,422
7914e4f18f241e0d,https://tj.linkedin.com/jobs/view/%D1%81%D0%BA%D0%BB%D0%B0%D0%B4%D0%BE%D0%B2%D0%B8-%D1%81%D0%BB%D1%83%D0%B6%D0%B8%D1%82%D0%B5%D0%BB%D0%B8-at-%D0%B8%D0%BD%D0%B6%D0%B5%D0%BD%D0%B5%D1%80-%D0%B1%D0%B3-%D0%BE%D0%BE%D0%B4-engineer-bg-ltd-4449877231,Складови служители,,scraped,2026-08-11T20:40:07.104738,
7374fde2bd240e28,https://tj.linkedin.com/jobs/view/%D1%81%D1%83%D0%BF%D0%B5%D1%80%D0%B2%D0%B0%D0%B9%D0%B7%D0%B5%D1%80-%D0%BE%D1%82%D0%B4%D0%B5%D0%BB%D0%B0-%D0%BF%D1%80%D0%BE%D0%B4%D0%B0%D0%B6-at-somon-tj-4451624408,Супервайзер отдела продаж,Somon.tj,failed|wp_post_failed,2026-08-11T20:40:38.314258,
f4d3d4b15a3c2a72,https://tj.linkedin.com/jobs/view/%D0%BF%D1%80%D0%BE%D0%B4%D0%B0%D0%B2%D0%B5%D1%86%D1%8C-%D0%BA%D0%BE%D0%BD%D1%81%D1%83%D0%BB%D1%8C%D1%82%D0%B0%D0%BD%D1%82-at-%D0%B1%D0%BB%D0%B8%D0%B7%D0%B5%D0%BD%D1%8C%D0%BA%D0%BE-4452622586,Продавець-консультант,Близенько,posted,2026-08-11T20:40:52.141504,458
8d7414e19f105c06,https://tj.linkedin.com/jobs/view/quality-engineer-supplier-customer-at-%D0%B8%D0%BD%D0%B6%D0%B5%D0%BD%D0%B5%D1%80-%D0%B1%D0%B3-%D0%BE%D0%BE%D0%B4-engineer-bg-ltd-4449882135,Quality Engineer (Supplier/Customer),,scraped,2026-08-11T20:41:06.727118,
9652c1d53661cb4c,https://tj.linkedin.com/jobs/view/%D0%BC%D0%BE%D0%BD%D1%82%D0%B0%D0%B6%D0%BD%D0%B8%D0%BA-%D0%BC%D0%B0%D1%88%D0%B8%D0%BD%D0%B5%D0%BD-%D0%BE%D0%BF%D0%B5%D1%80%D0%B0%D1%82%D0%BE%D1%80-at-%D0%B8%D0%BD%D0%B6%D0%B5%D0%BD%D0%B5%D1%80-%D0%B1%D0%B3-%D0%BE%D0%BE%D0%B4-engineer-bg-ltd-4449882126,Монтажник-машинен оператор,,scraped,2026-08-11T20:41:16.420812,
5375bb3f01404b69,https://tj.linkedin.com/jobs/view/asset-reliability-engineer-at-%D0%B8%D0%BD%D0%B6%D0%B5%D0%BD%D0%B5%D1%80-%D0%B1%D0%B3-%D0%BE%D0%BE%D0%B4-engineer-bg-ltd-4449881124,Asset Reliability Engineer,,scraped,2026-08-11T20:41:25.972519,
77178c0fad1d368b,https://tj.linkedin.com/jobs/view/%D0%BC%D0%B0%D1%88%D0%B8%D0%BD%D0%B5%D0%BD-%D0%BE%D0%BF%D0%B5%D1%80%D0%B0%D1%82%D0%BE%D1%80-%D0%BD%D0%B0-%D0%B7%D0%B0%D0%B2%D0%B0%D1%80%D1%8A%D1%87%D0%BD%D0%B8-%D0%BC%D0%B0%D1%88%D0%B8%D0%BD%D0%B8-at-%D0%B8%D0%BD%D0%B6%D0%B5%D0%BD%D0%B5%D1%80-%D0%B1%D0%B3-%D0%BE%D0%BE%D0%B4-engineer-bg-ltd-4449881135,Машинен оператор на заваръчни машини,,scraped,2026-08-11T20:41:34.662309,
472b48d65f212dc7,https://tj.linkedin.com/jobs/view/%D0%BF%D0%BE%D0%B4%D0%B7%D0%B5%D0%BC%D0%B5%D0%BD-%D1%82%D0%B5%D1%85%D0%BD%D0%B8%D0%BA-%D0%BA%D0%B8%D0%BF-%D0%B8-%D0%B0-at-%D0%B8%D0%BD%D0%B6%D0%B5%D0%BD%D0%B5%D1%80-%D0%B1%D0%B3-%D0%BE%D0%BE%D0%B4-engineer-bg-ltd-4449876617,Подземен техник КИП и А,,scraped,2026-08-11T20:41:46.117511,
a88ef86475f459de,https://tj.linkedin.com/jobs/view/%D1%82%D0%B5%D1%85%D0%BD%D0%B8%D0%BA-%D0%BF%D0%BE%D0%B4%D0%B4%D1%80%D1%8A%D0%B6%D0%BA%D0%B0-%D0%BD%D0%B0-%D0%BC%D0%B0%D1%88%D0%B8%D0%BD%D0%B8-%D0%B2-%D1%85%D0%B2%D0%BF-%D1%81%D0%B5%D0%BA%D1%82%D0%BE%D1%80%D0%B0-at-%D0%B8%D0%BD%D0%B6%D0%B5%D0%BD%D0%B5%D1%80-%D0%B1%D0%B3-%D0%BE%D0%BE%D0%B4-engineer-bg-ltd-4449895033,Техник поддръжка на машини в ХВП сектора,,scraped,2026-08-11T20:41:55.376728,
9bc914e0f5b4e16e,https://tj.linkedin.com/jobs/view/%D1%82%D0%B5%D1%85%D0%BD%D0%B8%D0%BA-%D0%BF%D0%BE%D0%B4%D0%B4%D1%80%D1%8A%D0%B6%D0%BA%D0%B0-%E2%80%93-%D0%BF%D1%80%D0%BE%D0%B8%D0%B7%D0%B2%D0%BE%D0%B4%D1%81%D1%82%D0%B2%D0%BE-%D0%BD%D0%B0-%D0%B5%D0%BB%D0%B5%D0%BA%D1%82%D1%80%D0%BE%D0%BE%D0%B1%D0%BE%D1%80%D1%83%D0%B4%D0%B2%D0%B0%D0%BD%D0%B5-at-%D0%B8%D0%BD%D0%B6%D0%B5%D0%BD%D0%B5%D1%80-%D0%B1%D0%B3-%D0%BE%D0%BE%D0%B4-engineer-bg-ltd-4449891073,Техник поддръжка – производство на електрооборудване,,scraped,2026-08-11T20:42:08.508316,
690f1856d93f72df,https://tj.linkedin.com/jobs/view/%D0%BC%D0%B0%D1%88%D0%B8%D0%BD%D0%B5%D0%BD-%D0%BE%D0%BF%D0%B5%D1%80%D0%B0%D1%82%D0%BE%D1%80-%D0%BD%D0%B0-%D0%B0%D0%B2%D1%82%D0%BE%D0%BC%D0%B0%D1%82%D0%B8%D1%87%D0%BD%D0%B8-%D0%BB%D0%B8%D0%BD%D0%B8%D0%B8-%D0%B8-%D1%80%D0%BE%D0%B1%D0%BE%D1%82%D0%B8%D0%B7%D0%B8%D1%80%D0%B0%D0%BD%D0%BE-%D0%BE%D0%B1%D0%BE%D1%80%D1%83%D0%B4%D0%B2%D0%B0%D0%BD%D0%B5-at-%D0%B8%D0%BD%D0%B6%D0%B5%D0%BD%D0%B5%D1%80-%D0%B1%D0%B3-%D0%BE%D0%BE%D0%B4-engineer-bg-ltd-4449894038,Машинен оператор на Автоматични линии и роботизирано оборудване,,scraped,2026-08-11T20:42:17.905729,
d25f27c777be891d,https://tj.linkedin.com/jobs/view/%D1%81%D0%BA%D0%BB%D0%B0%D0%B4%D0%BE%D0%B2-%D1%80%D0%B0%D0%B1%D0%BE%D1%82%D0%BD%D0%B8%D0%BA-at-%D0%B8%D0%BD%D0%B6%D0%B5%D0%BD%D0%B5%D1%80-%D0%B1%D0%B3-%D0%BE%D0%BE%D0%B4-engineer-bg-ltd-4449892075,Складов работник,,scraped,2026-08-11T20:42:43.035221,
a3a5bc2a8b055b60,https://tj.linkedin.com/jobs/view/%D0%BC%D0%BE%D0%BD%D1%82%D0%B0%D0%B6%D0%BD%D0%B8%D0%BA-at-%D0%B8%D0%BD%D0%B6%D0%B5%D0%BD%D0%B5%D1%80-%D0%B1%D0%B3-%D0%BE%D0%BE%D0%B4-engineer-bg-ltd-4449888080,Монтажник,,scraped,2026-08-11T22:36:07.485038,
b6a53f48b1bb75ab,https://tj.linkedin.com/jobs/view/operational-buyer-material-planner-at-%D0%B8%D0%BD%D0%B6%D0%B5%D0%BD%D0%B5%D1%80-%D0%B1%D0%B3-%D0%BE%D0%BE%D0%B4-engineer-bg-ltd-4449894031,Operational buyer/Material planner,,scraped,2026-08-11T22:36:15.207569,
2972d61a347d277c,https://tj.linkedin.com/jobs/view/steel-traders-tajikistan-at-c-d-steel-international-trading-co-limited-4451397613,Steel Traders - Tajikistan,,scraped,2026-08-11T22:36:24.721754,
12e32b5772886e44,https://tj.linkedin.com/jobs/view/senior-geological-engineer-at-yooshin-engineering-corporation-4452412480,Senior Geological Engineer,,scraped,2026-08-11T22:36:35.553023,
fa5c8545d5548431,https://tj.linkedin.com/jobs/view/senior-landscape-architect-building-construction-project-at-ucc-holding-4451515270,Senior landscape Architect - Building Construction Project,,scraped,2026-08-11T22:36:43.649233,
566da5f330267cc5,https://tj.linkedin.com/jobs/view/%D0%BC%D0%B5%D0%BD%D0%B5%D0%B4%D0%B6%D0%B5%D1%80-%D0%BF%D0%BE-%D0%BF%D1%80%D0%BE%D0%B4%D0%B0%D0%B6%D0%B0%D0%BC-%D0%BE%D1%81%D0%B2%D0%B5%D1%82%D0%B8%D1%82%D0%B5%D0%BB%D1%8C%D0%BD%D0%BE%D0%B5-%D0%BE%D0%B1%D0%BE%D1%80%D1%83%D0%B4%D0%BE%D0%B2%D0%B0%D0%BD%D0%B8%D0%B5-at-%D0%B5%D1%82s-european-trade-systems-4451931698,Менеджер по продажам (осветительное оборудование),,scraped,2026-08-11T22:36:50.468014,
c158c4f80b281b95,https://tj.linkedin.com/jobs/view/blender-3d-artists-%E2%80%94-ai-computer-use-trainer-at-sme-careers-4452652182,Blender 3D Artists — AI Computer-Use Trainer,SME Careers,posted,2026-08-11T22:37:09.265452,460
6c1a1b98c3f9aeab,https://tj.linkedin.com/jobs/view/%D0%BA%D0%BE%D0%BD%D1%82%D1%80%D0%BE%D0%BB%D1%8C%D0%BE%D1%80-%D0%BA%D0%B0%D1%87%D0%B5%D1%81%D1%82%D0%B2%D0%BE-at-%D0%B8%D0%BD%D0%B6%D0%B5%D0%BD%D0%B5%D1%80-%D0%B1%D0%B3-%D0%BE%D0%BE%D0%B4-engineer-bg-ltd-4449889098,Контрольор качество,,scraped,2026-08-11T22:37:16.130803,
58ce65cff9164717,https://tj.linkedin.com/jobs/view/%D0%BA%D0%BE%D0%BE%D1%80%D0%B4%D0%B8%D0%BD%D0%B0%D1%82%D0%BE%D1%80-%D0%B4%D0%B5%D0%B9%D0%BD%D0%BE%D1%81%D1%82%D0%B8-at-%D0%B8%D0%BD%D0%B6%D0%B5%D0%BD%D0%B5%D1%80-%D0%B1%D0%B3-%D0%BE%D0%BE%D0%B4-engineer-bg-ltd-4449888084,Координатор дейности,,scraped,2026-08-11T22:37:23.769457,
a83ad68783ae2d67,https://tj.linkedin.com/jobs/view/%D0%BC%D0%BE%D0%BD%D1%82%D0%B0%D0%B6%D0%BD%D0%B8%D0%BA-%D0%BD%D0%B0-%D0%BA%D0%BE%D0%BC%D0%BF%D0%BE%D0%BD%D0%B5%D0%BD%D1%82%D0%B8-at-%D0%B8%D0%BD%D0%B6%D0%B5%D0%BD%D0%B5%D1%80-%D0%B1%D0%B3-%D0%BE%D0%BE%D0%B4-engineer-bg-ltd-4449895021,Монтажник на компоненти,,scraped,2026-08-11T22:37:33.583579,
538330c49c2b629c,https://tj.linkedin.com/jobs/view/%D0%BC%D0%B0%D1%82%D1%80%D0%B8%D1%87%D0%B0%D1%80-%D1%80%D0%B5%D0%BC%D0%BE%D0%BD%D1%82-%D0%B8-%D0%BF%D0%BE%D0%B4%D0%B4%D1%80%D1%8A%D0%B6%D0%BA%D0%B0-%D0%BD%D0%B0-%D0%B8%D0%BD%D1%81%D1%82%D1%80%D1%83%D0%BC%D0%B5%D0%BD%D1%82%D0%B0%D0%BB%D0%BD%D0%B0-%D0%B5%D0%BA%D0%B8%D0%BF%D0%B8%D1%80%D0%BE%D0%B2%D0%BA%D0%B0-at-%D0%B8%D0%BD%D0%B6%D0%B5%D0%BD%D0%B5%D1%80-%D0%B1%D0%B3-%D0%BE%D0%BE%D0%B4-engineer-bg-ltd-4449890076,Матричар - ремонт и поддръжка на инструментална екипировка,,scraped,2026-08-11T22:37:45.562950,
8ba6a15abb8e05d2,https://tj.linkedin.com/jobs/view/%D0%B7%D0%B0%D0%BC%D0%B5%D1%81%D1%82%D0%BD%D0%B8%D0%BA-%D0%B3%D0%BB%D0%B0%D0%B2%D0%B5%D0%BD-%D1%81%D1%87%D0%B5%D1%82%D0%BE%D0%B2%D0%BE%D0%B4%D0%B8%D1%82%D0%B5%D0%BB-at-%D0%B8%D0%BD%D0%B6%D0%B5%D0%BD%D0%B5%D1%80-%D0%B1%D0%B3-%D0%BE%D0%BE%D0%B4-engineer-bg-ltd-4449886110,Заместник-главен счетоводител,,scraped,2026-08-11T22:38:07.734888,
8164f4dcdbc95a09,https://tj.linkedin.com/jobs/view/%D1%81%D0%BF%D0%B5%D1%86%D0%B8%D0%B0%D0%BB%D0%B8%D1%81%D1%82-%D0%BF%D0%BE-%D0%BD%D0%BE%D1%80%D0%BC%D0%B8%D1%80%D0%BE%D0%B2%D0%B0%D0%BD%D0%B8%D1%8E-%D0%B7%D0%B0%D1%82%D1%80%D0%B0%D1%82-29-06-2026-at-kaz-project-operating-llp-4451030145,Специалист по нормированию затрат (29/06/2026),Kaz Project Operating LLP,posted,2026-08-12T01:24:13.966614,462
d6074b9467bfbf2f,https://tj.linkedin.com/jobs/view/ux-%D0%B8%D1%81%D1%81%D0%BB%D0%B5%D0%B4%D0%BE%D0%B2%D0%B0%D1%82%D0%B5%D0%BB%D1%8C-at-bank-eskhata-4450776050,UX-исследователь,,scraped,2026-08-12T01:24:16.634144,
d14266c1caba6998,https://tj.linkedin.com/jobs/view/%D1%82%D0%B5%D1%85%D0%BD%D0%B8%D1%87%D0%B5%D1%81%D0%BA%D0%B8-%D0%BE%D1%80%D0%B3%D0%B0%D0%BD%D0%B8%D0%B7%D0%B0%D1%82%D0%BE%D1%80-%D0%B2-%D0%BF%D1%80%D0%BE%D0%B8%D0%B7%D0%B2%D0%BE%D0%B4%D1%81%D1%82%D0%B2%D0%BE%D1%82%D0%BE-at-%D0%B8%D0%BD%D0%B6%D0%B5%D0%BD%D0%B5%D1%80-%D0%B1%D0%B3-%D0%BE%D0%BE%D0%B4-engineer-bg-ltd-4449884115,Технически организатор в производството,,scraped,2026-08-12T01:24:59.128705,
d5f3d08a87eae3e0,https://tj.linkedin.com/jobs/view/maintenance-engineer-at-%D0%B8%D0%BD%D0%B6%D0%B5%D0%BD%D0%B5%D1%80-%D0%B1%D0%B3-%D0%BE%D0%BE%D0%B4-engineer-bg-ltd-4449888086,Maintenance Engineer,,scraped,2026-08-12T01:25:14.948675,
5a8c1f7c99b08383,https://tj.linkedin.com/jobs/view/%D1%82%D0%B5%D1%85%D0%BD%D0%B8%D0%BA-%D0%BF%D0%BE%D0%B4%D0%B4%D1%80%D1%8A%D0%B6%D0%BA%D0%B0-%E2%80%93-%D0%B1%D0%B5%D1%82%D0%BE%D0%BD%D0%BE%D0%B2%D0%B8-%D0%B2%D1%8A%D0%B7%D0%BB%D0%B8-at-%D0%B8%D0%BD%D0%B6%D0%B5%D0%BD%D0%B5%D1%80-%D0%B1%D0%B3-%D0%BE%D0%BE%D0%B4-engineer-bg-ltd-4449885123,Техник поддръжка – бетонови възли,,scraped,2026-08-12T01:26:00.607623,
6e3bcfd8b46dc3fe,https://tj.linkedin.com/jobs/view/%D0%BC%D0%BE%D0%BD%D1%82%D0%B0%D0%B6%D0%BD%D0%B8%D0%BA-%D0%B5%D0%BB%D0%B5%D0%BA%D1%82%D1%80%D0%BE%D0%BE%D0%B1%D0%BE%D1%80%D1%83%D0%B4%D0%B2%D0%B0%D0%BD%D0%B5-at-%D0%B8%D0%BD%D0%B6%D0%B5%D0%BD%D0%B5%D1%80-%D0%B1%D0%B3-%D0%BE%D0%BE%D0%B4-engineer-bg-ltd-4449883147,"Монтажник, електрооборудване",,scraped,2026-08-12T01:26:18.119631,
90a17acd3c6e2e66,https://tj.linkedin.com/jobs/view/production-development-engineer-at-%D0%B8%D0%BD%D0%B6%D0%B5%D0%BD%D0%B5%D1%80-%D0%B1%D0%B3-%D0%BE%D0%BE%D0%B4-engineer-bg-ltd-4449875714,Production Development Engineer,,scraped,2026-08-12T01:26:35.937546,
0f231a67e15b98eb,https://tj.linkedin.com/jobs/view/%D0%B8%D0%BD%D0%B6%D0%B5%D0%BD%D0%B5%D1%80-%D0%BA%D0%B0%D1%87%D0%B5%D1%81%D1%82%D0%B2%D0%BE-at-%D0%B8%D0%BD%D0%B6%D0%B5%D0%BD%D0%B5%D1%80-%D0%B1%D0%B3-%D0%BE%D0%BE%D0%B4-engineer-bg-ltd-4449885126,Инженер Качество,,scraped,2026-08-12T01:26:48.769828,
7244f1bbd6e0524c,https://tj.linkedin.com/jobs/view/%D0%B2%D0%B5%D0%B4%D1%83%D1%89%D0%B8%D0%B9-%D0%B8%D0%BD%D0%B6%D0%B5%D0%BD%D0%B5%D1%80-%D0%BF%D0%BE-%D1%81%D0%B2%D0%B0%D1%80%D0%BE%D1%87%D0%BD%D1%8B%D0%BC-%D1%80%D0%B0%D0%B1%D0%BE%D1%82%D0%B0%D0%BC-11-08-2026-at-kaz-project-operating-llp-4451694693,Ведущий инженер по сварочным работам (11/08/2026),Kaz Project Operating LLP,posted,2026-08-12T01:27:25.705011,464
d7cd56d7a186928e,https://tj.linkedin.com/jobs/view/%D1%80%D1%83%D0%BA%D0%BE%D0%B2%D0%BE%D0%B4%D0%B8%D1%82%D0%B5%D0%BB%D1%8C-%D1%83%D1%87%D0%B0%D1%81%D1%82%D0%BA%D0%B0-30-07-2026-at-kaz-project-operating-llp-4451033009,Руководитель участка (30/07/2026),Kaz Project Operating LLP,posted,2026-08-12T01:27:40.565180,466
c62ba34294dc6c8f,https://tj.linkedin.com/jobs/view/%D0%BC%D0%B5%D0%BD%D0%B5%D0%B4%D0%B6%D0%B5%D1%80-%D0%BF%D1%80%D0%BE%D0%B5%D0%BA%D1%82%D0%BE%D0%B2-%D1%81%D0%BE-%D0%B7%D0%BD%D0%B0%D0%BD%D0%B8%D0%B5%D0%BC-%D0%B0%D0%BD%D0%B3%D0%BB%D0%B8%D0%B9%D1%81%D0%BA%D0%BE%D0%B3%D0%BE-%D1%8F%D0%B7%D1%8B%D0%BA%D0%B0-at-%D0%B5%D1%82s-european-trade-systems-4451940242,Менеджер проектов (со знанием английского языка),,scraped,2026-08-12T04:02:23.779443,
23673b4eca7f6371,https://tj.linkedin.com/jobs/view/%D1%82%D0%B5%D1%85%D0%BD%D0%B8%D0%BA-%D0%BC%D0%B5%D1%85%D0%B0%D0%BD%D0%B8%D0%BA-%D0%BD%D0%B0-%D0%BF%D1%8A%D1%82%D0%BD%D0%BE-%D1%81%D1%82%D1%80%D0%BE%D0%B8%D1%82%D0%B5%D0%BB%D0%BD%D0%B0-%D1%82%D0%B5%D1%85%D0%BD%D0%B8%D0%BA%D0%B0-at-%D0%B8%D0%BD%D0%B6%D0%B5%D0%BD%D0%B5%D1%80-%D0%B1%D0%B3-%D0%BE%D0%BE%D0%B4-engineer-bg-ltd-4449871977,Техник / Механик на пътно-строителна техника,,scraped,2026-08-12T04:03:46.037229,
030381f633b02f1d,https://tj.linkedin.com/jobs/view/%D1%81%D1%82%D0%B0%D1%80%D1%88%D0%B8%D0%B9-%D0%B8%D0%BD%D0%B6%D0%B5%D0%BD%D0%B5%D1%80-%D1%8D%D0%BB%D0%B5%D0%BA%D1%82%D1%80%D0%B8%D0%BA-26-04-2023-at-kaz-project-operating-llp-4451031313,Старший инженер-электрик (26/04/2023),Kaz Project Operating LLP,posted,2026-08-12T04:04:48.709300,468
8f1de901c3df34d3,https://tj.linkedin.com/jobs/view/sales-specialist-at-taj-motors-llc-4453066613,Sales Specialist,Taj-Motors LLC,posted,2026-08-12T07:17:00.696011,470
579daf85261295e8,https://tj.linkedin.com/jobs/view/senior-architect-building-construction-project-at-ucc-holding-4441467067,Senior Architect - Building Construction Project,,scraped,2026-08-12T07:17:05.242893,
67e2b810ff7bc686,https://tj.linkedin.com/jobs/view/%D1%82%D1%80%D0%B5%D0%BD%D0%B5%D1%80-%D0%BF%D0%BE-%D1%80%D0%BE%D0%B1%D0%BE%D1%82%D0%BE%D1%82%D0%B5%D1%85%D0%BD%D0%B8%D0%BA%D0%B5-%D0%B2-%D1%81%D0%B0%D0%BD%D0%BA%D1%82-%D0%BF%D0%B5%D1%82%D0%B5%D1%80%D0%B1%D1%83%D1%80%D0%B3%D0%B5-%D0%BC-%D0%B3%D1%80%D0%B0%D0%B6%D0%B4%D0%B0%D0%BD%D1%81%D0%BA%D0%B8%D0%B9-%D0%BF%D1%80%D0%BE%D1%81%D0%BF%D0%B5%D0%BA%D1%82-%D0%BF%D1%80%D0%BE%D1%81%D0%B2%D0%B5%D1%89%D0%B5%D0%BD%D0%B8%D1%8F-at-%D0%B7%D0%B0%D0%BD%D0%B8%D0%BC%D0%B0%D1%82%D0%B5%D0%BB%D1%8C%D0%BD%D0%B0%D1%8F-%D1%80%D0%BE%D0%B1%D0%BE%D1%82%D0%BE%D1%82%D0%B5%D1%85%D0%BD%D0%B8%D0%BA%D0%B0-4451345916,"Тренер по робототехнике в Санкт-Петербурге (м. Гражданский проспект, Просвещения)",Занимательная робототехника,posted,2026-08-12T07:17:38.603589,472
4336d377374717fd,https://tj.linkedin.com/jobs/view/%D0%B4%D0%BE%D1%81%D1%82%D0%B0%D0%B2%D1%89%D0%B8%D0%BA-at-somon-tj-4452331613,Доставщик,Somon.tj,failed|wp_post_failed,2026-08-12T09:07:42.997470,
068e6d9363469378,https://tj.linkedin.com/jobs/view/%D0%BA%D1%83%D1%80%D1%8C%D0%B5%D1%80-at-somon-tj-4452344648,Курьер,Somon.tj,failed|wp_post_failed,2026-08-12T09:07:47.064403,
c61dc2b462385d22,https://tj.linkedin.com/jobs/view/%D0%B0%D0%B4%D0%BC%D1%96%D0%BD%D1%96%D1%81%D1%82%D1%80%D0%B0%D1%82%D0%BE%D1%80-at-%D0%B1%D0%BB%D0%B8%D0%B7%D0%B5%D0%BD%D1%8C%D0%BA%D0%BE-4453076092,Адміністратор,Близенько,failed|wp_post_failed,2026-08-12T09:08:01.218517,
7b2852acc80ce601,https://tj.linkedin.com/jobs/view/%D0%BC%D0%B5%D0%BD%D0%B5%D0%B4%D0%B6%D0%B5%D1%80-%D0%BF%D1%80%D0%BE%D0%B5%D0%BA%D1%82%D0%BE%D0%B2-%D1%81%D0%BE-%D0%B7%D0%BD%D0%B0%D0%BD%D0%B8%D0%B5%D0%BC-%D0%B0%D0%BD%D0%B3%D0%BB%D0%B8%D0%B9%D1%81%D0%BA%D0%BE%D0%B3%D0%BE-%D1%8F%D0%B7%D1%8B%D0%BA%D0%B0-at-%D0%B5%D1%82s-european-trade-systems-4452356632,Менеджер проектов (со знанием английского языка),ЕТS - European Trade Systems,posted,2026-08-12T09:08:33.458172,474
6f3ed0f33bd79b1a,https://tj.linkedin.com/jobs/view/%D0%B3%D0%BE%D1%80%D0%BD%D0%B8%D1%87%D0%BD%D0%B0%D1%8F-%D1%83%D0%B1%D0%BE%D1%80%D1%89%D0%B8%D1%86%D0%B0-housekeeping-attendant-at-somon-tj-4452328982,Горничная / Уборщица - Housekeeping Attendant,Somon.tj,posted,2026-08-12T09:08:44.587962,476
d165897a4262e1b7,https://tj.linkedin.com/jobs/view/%D0%BF%D0%BE%D0%B2%D0%B0%D1%80-at-somon-tj-4452336631,Повар,Somon.tj,failed|wp_post_failed,2026-08-12T09:08:50.752850,
9ab1882484effaf6,https://tj.linkedin.com/jobs/view/%D1%81%D0%BF%D0%B5%D0%B4%D0%B8%D1%82%D0%BE%D1%80-%D0%BC%D0%B5%D0%B6%D0%B4%D1%83%D0%BD%D0%B0%D1%80%D0%BE%D0%B4%D0%B5%D0%BD-%D1%81%D1%83%D1%85%D0%BE%D0%BF%D1%8A%D1%82%D0%B5%D0%BD-%D1%82%D1%80%D0%B0%D0%BD%D1%81%D0%BF%D0%BE%D1%80%D1%82-at-%D0%B8%D0%BD%D0%B6%D0%B5%D0%BD%D0%B5%D1%80-%D0%B1%D0%B3-%D0%BE%D0%BE%D0%B4-engineer-bg-ltd-4450123320,СПЕДИТОР МЕЖДУНАРОДЕН СУХОПЪТЕН ТРАНСПОРТ,,scraped,2026-08-12T09:08:57.287786,
685590bc0e346ab9,https://tj.linkedin.com/jobs/view/%D0%BF%D0%BE%D0%BC%D0%BE%D1%89%D0%BD%D0%B8%D0%BA-%D0%BA%D0%BE%D0%BD%D0%B4%D0%B8%D1%82%D0%B5%D1%80%D0%B0-%D0%B2%D0%B5%D1%87%D0%B5%D1%80%D0%BD%D1%8F%D1%8F-%D1%81%D0%BC%D0%B5%D0%BD%D0%B0-at-somon-tj-4452339598,Помощник кондитера - вечерняя смена,Somon.tj,posted,2026-08-12T09:09:15.367982,478
421847485ae957b3,https://tj.linkedin.com/jobs/view/%D0%BB%D0%B0%D0%B1%D0%BE%D1%80%D0%B0%D0%BD%D1%82-%D1%85%D0%B8%D0%BC%D0%B8%D0%BA-at-somon-tj-4451622380,Лаборант-химик,Somon.tj,posted,2026-08-12T09:09:29.151895,480
aa9466bdfecf840e,https://tj.linkedin.com/jobs/view/%D1%84%D0%B0%D0%B4%D1%80%D0%BE%D0%BC%D0%B8%D1%81%D1%82-at-%D0%B8%D0%BD%D0%B6%D0%B5%D0%BD%D0%B5%D1%80-%D0%B1%D0%B3-%D0%BE%D0%BE%D0%B4-engineer-bg-ltd-4450118345,ФАДРОМИСТ,,scraped,2026-08-12T09:09:31.803138,
b85c3c2f18013c12,https://tj.linkedin.com/jobs/view/%D1%82%D0%BE%D1%80%D0%B3%D0%BE%D0%B2%D1%8B%D0%B9-%D0%BF%D1%80%D0%B5%D0%B4%D1%81%D1%82%D0%B0%D0%B2%D0%B8%D1%82%D0%B5%D0%BB%D1%8C-at-somon-tj-4452349603,Торговый представитель,Somon.tj,failed|wp_post_failed,2026-08-12T09:09:46.624366,
106c428162b13235,https://tj.linkedin.com/jobs/view/%D1%82%D0%BE%D1%80%D0%B3%D0%BE%D0%B2%D1%8B%D0%B9-%D0%BF%D1%80%D0%B5%D0%B4%D1%81%D1%82%D0%B0%D0%B2%D0%B8%D1%82%D0%B5%D0%BB%D1%8C-at-somon-tj-4452339549,Торговый представитель,Somon.tj,scraped,2026-08-12T09:09:50.681561,
388f7b855f9b034e,https://tj.linkedin.com/jobs/view/%D1%82%D0%B5%D1%85%D0%BD%D0%B8%D1%87%D0%B5%D1%81%D0%BA%D0%B8%D0%B9-%D1%81%D0%BF%D0%B5%D1%86%D0%B8%D0%B0%D0%BB%D0%B8%D1%81%D1%82-%D0%BF%D0%BE-%D0%B0%D0%B2%D1%82%D0%BE%D0%BC%D0%B0%D1%82%D0%B8%D0%B7%D0%B0%D1%86%D0%B8%D0%B8-at-somon-tj-4452332627,Технический специалист по автоматизации,Somon.tj,failed|wp_post_failed,2026-08-12T09:09:54.828284,
ded780dd08ab713b,https://tj.linkedin.com/jobs/view/%D0%BC%D0%B5%D0%BD%D0%B5%D0%B4%D0%B6%D0%B5%D1%80-%D0%BF%D0%BE-%D1%80%D0%B0%D0%B1%D0%BE%D1%82%D0%B5-%D1%81-%D0%BA%D0%BB%D0%B8%D0%B5%D0%BD%D1%82%D0%B0%D0%BC%D0%B8-at-somon-tj-4452328977,Менеджер по работе с клиентами,Somon.tj,failed|wp_post_failed,2026-08-12T09:09:59.018150,
2a2da1cee807d30e,https://tj.linkedin.com/jobs/view/%D0%BB%D0%B0%D0%B1%D0%BE%D1%80%D0%B0%D0%BD%D1%82-%D1%84%D0%B8%D0%B7%D0%B8%D0%BA%D0%BE-%D1%85%D0%B8%D0%BC%D0%B8%D1%87%D0%B5%D1%81%D0%BA%D0%BE%D0%B3%D0%BE-%D0%B0%D0%BD%D0%B0%D0%BB%D0%B8%D0%B7%D0%B0-at-somon-tj-4452351542,Лаборант физико-химического анализа,Somon.tj,posted,2026-08-12T09:10:09.932742,482
00e310377c579580,https://tj.linkedin.com/jobs/view/%D1%80%D1%83%D0%BA%D0%BE%D0%B2%D0%BE%D0%B4%D0%B8%D1%82%D0%B5%D0%BB%D1%8C-%D0%BE%D1%82%D0%B4%D0%B5%D0%BB%D0%B0-%D0%BF%D1%80%D0%BE%D0%B4%D0%B0%D0%B6-at-somon-tj-4452346557,Руководитель отдела продаж,Somon.tj,failed|wp_post_failed,2026-08-12T09:10:22.015980,
e94b5253709728b9,https://tj.linkedin.com/jobs/view/%D0%BC%D0%B5%D0%B4%D0%B8%D1%86%D0%B8%D0%BD%D1%81%D0%BA%D0%B8%D0%B9-%D0%BF%D1%80%D0%B5%D0%B4%D1%81%D1%82%D0%B0%D0%B2%D0%B8%D1%82%D0%B5%D0%BB%D1%8C-at-somon-tj-4452352542,Медицинский представитель,Somon.tj,failed|wp_post_failed,2026-08-12T09:10:36.172971,
bbdc5ecae36ec746,https://tj.linkedin.com/jobs/view/%D0%B0%D0%B4%D0%BC%D0%B8%D0%BD%D0%B8%D1%81%D1%82%D1%80%D0%B0%D1%82%D0%BE%D1%80-at-somon-tj-4452332603,Администратор,Somon.tj,failed|wp_post_failed,2026-08-12T09:10:40.361460,
d11b7dcf3665d8a3,https://tj.linkedin.com/jobs/view/%D0%BF%D1%80%D0%BE%D0%B4%D0%B0%D0%B2%D0%B5%D1%86-%D0%BA%D0%BE%D0%BD%D1%81%D1%83%D0%BB%D1%8C%D1%82%D0%B0%D0%BD%D1%82-at-somon-tj-4452332594,Продавец-консультант,Somon.tj,posted,2026-08-12T09:10:59.904991,484
e76e5d384389a28b,https://tj.linkedin.com/jobs/view/%D1%83%D1%87%D0%B8%D1%82%D0%B5%D0%BB%D1%8C-%D0%B8%D0%B7%D0%BE%D0%B1%D1%80%D0%B0%D0%B7%D0%B8%D1%82%D0%B5%D0%BB%D1%8C%D0%BD%D0%BE%D0%B3%D0%BE-%D0%B8%D1%81%D0%BA%D1%83%D1%81%D1%81%D1%82%D0%B2%D0%B0-at-somon-tj-4452342638,Учитель изобразительного искусства,Somon.tj,failed|wp_post_failed,2026-08-12T09:11:08.074887,
613b1e435898b251,https://tj.linkedin.com/jobs/view/%D0%BF%D1%80%D0%BE%D0%B4%D0%B0%D0%B2%D0%B5%D1%86-%D0%BA%D0%BE%D0%BD%D1%81%D1%83%D0%BB%D1%8C%D1%82%D0%B0%D0%BD%D1%82-at-somon-tj-4452342646,Продавец-консультант,Somon.tj,scraped,2026-08-12T09:11:14.153401,
d8ae60fa18928254,https://tj.linkedin.com/jobs/view/%D1%81%D0%BC%D0%BC-%D1%81%D0%BF%D0%B5%D1%86%D0%B8%D0%B0%D0%BB%D0%B8%D1%81%D1%82-at-somon-tj-4452337629,СММ - Специалист,Somon.tj,posted,2026-08-12T09:11:39.012334,486
b103b799199c5412,https://tj.linkedin.com/jobs/view/%D0%BF%D1%80%D0%B5%D0%BF%D0%BE%D0%B4%D0%B0%D0%B2%D0%B0%D1%82%D0%B5%D0%BB%D1%8C-%D1%80%D1%83%D1%81%D1%81%D0%BA%D0%BE%D0%B3%D0%BE-%D1%8F%D0%B7%D1%8B%D0%BA%D0%B0-%D0%B8-%D0%BB%D0%B8%D1%82%D0%B5%D1%80%D0%B0%D1%82%D1%83%D1%80%D1%8B-%D0%B2-%D1%81%D1%82%D0%B0%D1%80%D1%88%D0%B8%D1%85-%D0%BA%D0%BB%D0%B0%D1%81%D1%81%D0%B0%D1%85-at-somon-tj-4452348608,Преподаватель русского языка и литературы в старших классах,Somon.tj,failed|wp_post_failed,2026-08-12T09:12:07.052594,
3f9125a2e0d3bcd2,https://tj.linkedin.com/jobs/view/%D1%81%D1%82%D0%B0%D0%B6%D0%B5%D1%80-%D0%B2-hr-%D0%BE%D1%82%D0%B4%D0%B5%D0%BB-at-somon-tj-4452341630,Стажер в HR отдел,Somon.tj,posted,2026-08-12T09:12:19.511031,488
dfd1e058cefe1a40,https://tj.linkedin.com/jobs/view/%D0%B0%D0%B4%D0%BC%D1%96%D0%BD%D1%96%D1%81%D1%82%D1%80%D0%B0%D1%82%D0%BE%D1%80-at-%D0%B1%D0%BB%D0%B8%D0%B7%D0%B5%D0%BD%D1%8C%D0%BA%D0%BE-4453074101,Адміністратор,Близенько,scraped,2026-08-12T09:12:35.701487,
3e1b0e46bb721653,https://tj.linkedin.com/jobs/view/%D0%BF%D1%80%D0%BE%D0%B4%D0%B0%D0%B2%D0%B5%D1%86-at-somon-tj-4452351572,Продавец,Somon.tj,failed|wp_post_failed,2026-08-12T10:58:33.134605,
02adcb78c8662f1b,https://tj.linkedin.com/jobs/view/%D0%BF%D1%80%D0%BE%D0%B4%D0%B0%D0%B2%D0%B5%D1%86%D1%8C-%D0%BA%D0%BE%D0%BD%D1%81%D1%83%D0%BB%D1%8C%D1%82%D0%B0%D0%BD%D1%82-at-%D0%B1%D0%BB%D0%B8%D0%B7%D0%B5%D0%BD%D1%8C%D0%BA%D0%BE-4453070968,Продавець-консультант,Близенько,posted,2026-08-12T10:58:48.788223,490
8d348d847cd8ac3e,https://tj.linkedin.com/jobs/view/%D1%80%D0%B0%D0%B1%D0%BE%D1%82%D0%BD%D0%B8%D0%BA-%D1%81%D0%BA%D0%BB%D0%B0%D0%B4-%D0%B8-%D0%BC%D0%B0%D1%88%D0%B8%D0%BD%D0%B8%D1%81%D1%82-%D1%82%D0%BE%D0%B2%D0%B0%D1%80%D0%BE%D0%BF%D0%BE%D0%B4%D0%B5%D0%BC%D0%BD%D0%B8-%D1%81%D1%8A%D0%BE%D1%80%D1%8A%D0%B6%D0%B5%D0%BD%D0%B8%D1%8F-at-%D0%B8%D0%BD%D0%B6%D0%B5%D0%BD%D0%B5%D1%80-%D0%B1%D0%B3-%D0%BE%D0%BE%D0%B4-engineer-bg-ltd-4450117257,"Работник склад и машинист ""Товароподемни съоръжения""",,scraped,2026-08-12T10:59:23.439782,
52d868ee73f6ef93,https://tj.linkedin.com/jobs/view/%D0%BC%D0%B5%D0%BD%D0%B5%D0%B4%D0%B6%D0%B5%D1%80-at-somon-tj-4452335636,Менеджер,Somon.tj,failed|wp_post_failed,2026-08-12T12:57:35.321226,
6ee5a3616fe2a488,https://tj.linkedin.com/jobs/view/%D0%BA%D0%B5%D1%80%D1%83%D1%8E%D1%87%D0%B8%D0%B9-%D0%BC%D0%B0%D0%B3%D0%B0%D0%B7%D0%B8%D0%BD%D1%83-at-%D0%B1%D0%BB%D0%B8%D0%B7%D0%B5%D0%BD%D1%8C%D0%BA%D0%BE-4453082029,Керуючий магазину,Близенько,failed|wp_post_failed,2026-08-12T12:57:55.401622,
1283e7a12836dd12,https://tj.linkedin.com/jobs/view/%D0%BF%D1%80%D0%B5%D0%BF%D0%BE%D0%B4%D0%B0%D0%B2%D0%B0%D1%82%D0%B5%D0%BB%D1%8C-%D1%80%D1%83%D1%81%D1%81%D0%BA%D0%BE%D0%B3%D0%BE-%D1%8F%D0%B7%D1%8B%D0%BA%D0%B0-at-somon-tj-4452350538,Преподаватель русского языка,Somon.tj,failed|wp_post_failed,2026-08-12T12:58:09.776158,
897b5c07a15182d0,https://tj.linkedin.com/jobs/view/%D1%83%D1%81%D1%82%D0%BE%D0%B8-%D0%BC%D0%B5%D0%B1%D0%B5%D0%BB%D1%8C-at-somon-tj-4452344627,Устои мебель,Somon.tj,failed|wp_post_failed,2026-08-12T12:58:14.306620,
aaef0b3aa44b7a8d,https://tj.linkedin.com/jobs/view/%D1%83%D1%87%D0%B8%D1%82%D0%B5%D0%BB%D1%8C-%D0%B0%D0%BD%D0%B3%D0%BB%D0%B8%D0%B9%D1%81%D0%BA%D0%BE%D0%B3%D0%BE-%D1%8F%D0%B7%D1%8B%D0%BA%D0%B0-at-somon-tj-4452341616,Учитель английского языка,Somon.tj,failed|wp_post_failed,2026-08-12T12:58:59.528658,
e49fbdd5d19c3727,https://tj.linkedin.com/jobs/view/%D0%BF%D1%80%D0%BE%D0%B3%D1%80%D0%B0%D0%BC%D1%96%D1%81%D1%82-1%D1%81-at-skloresurs-4451466214,Програміст 1С,,scraped,2026-08-12T14:53:35.225080,
70be830008963018,https://tj.linkedin.com/jobs/view/%D1%81%D0%BF%D0%B5%D1%86%D0%B8%D0%B0%D0%BB%D0%B8%D1%81%D1%82-%D0%BF%D0%BE-%D1%83%D0%BF%D1%80%D0%B0%D0%B2%D0%BB%D0%B5%D0%BD%D0%B8%D1%8E-%D0%BF%D0%B5%D1%80%D1%81%D0%BE%D0%BD%D0%B0%D0%BB%D0%BE%D0%BC-at-somon-tj-4452338622,Специалист по управлению персоналом,Somon.tj,failed|wp_post_failed,2026-08-12T14:54:04.250131,
d57682f22240dc20,https://tj.linkedin.com/jobs/view/%D0%BF%D0%BE%D0%B4%D0%B7%D0%B5%D0%BC%D0%B5%D0%BD-%D1%88%D0%BB%D0%BE%D1%81%D0%B5%D1%80-%D0%BC%D0%BE%D0%B1%D0%B8%D0%BB%D0%BD%D0%BE-%D0%BE%D0%B1%D0%BE%D1%80%D1%83%D0%B4%D0%B2%D0%B0%D0%BD%D0%B5-at-%D0%B8%D0%BD%D0%B6%D0%B5%D0%BD%D0%B5%D1%80-%D0%B1%D0%B3-%D0%BE%D0%BE%D0%B4-engineer-bg-ltd-4450116288,Подземен шлосер мобилно оборудване,,scraped,2026-08-12T14:54:44.828318,
9c251d6f6e50f552,https://tj.linkedin.com/jobs/view/senior-java-developer-at-somon-tj-4452331630,Senior Java Developer,Somon.tj,posted,2026-08-12T14:56:16.588260,492
1396db3c1a29fab9,https://tj.linkedin.com/jobs/view/%D0%B4%D0%BE%D0%BC%D1%80%D0%B0%D0%B1%D0%BE%D1%82%D0%BD%D0%B8%D1%86%D0%B0-at-somon-tj-4450159350,Домработница,Somon.tj,failed|wp_post_failed,2026-08-12T16:53:16.615570,
64ec8f6c3f820140,https://tj.linkedin.com/jobs/view/%D1%83%D1%87%D0%B8%D1%82%D0%B5%D0%BB%D1%8C-ielts-at-somon-tj-4450161353,Учитель IELTS,Somon.tj,posted,2026-08-12T16:54:07.219154,494
736bda9863d59787,https://tj.linkedin.com/jobs/view/%D1%80%D0%B0%D0%B1%D0%BE%D1%82%D0%BD%D0%B8%D0%BA-%D0%B2-%D0%BF%D0%B8%D1%86%D1%86%D0%B5%D1%80%D0%B8%D1%8E-at-somon-tj-4450159348,Работник в пиццерию,Somon.tj,failed|wp_post_failed,2026-08-12T16:54:11.356983,
99f0947dabf570b4,https://tj.linkedin.com/jobs/view/%D0%BE%D0%BF%D0%B5%D1%80%D0%B0%D1%82%D0%BE%D1%80-at-somon-tj-4450166282,Оператор,Somon.tj,failed|wp_post_failed,2026-08-12T16:54:23.643873,
c414f96984cd07ec,https://tj.linkedin.com/jobs/view/%D0%BC%D0%B0%D1%80%D0%BA%D0%B5%D1%82%D0%BE%D0%BB%D0%BE%D0%B3-at-somon-tj-4452341611,Маркетолог,Somon.tj,failed|wp_post_failed,2026-08-12T16:54:57.858564,
e6cabf6f3f609587,https://tj.linkedin.com/jobs/view/%D1%81%D1%82%D1%80%D0%BE%D0%B8%D1%82%D0%B5%D0%BB%D1%8C-%D1%83%D0%BF%D1%80%D0%B0%D0%B2%D0%BB%D1%8F%D1%8E%D1%89%D0%B8%D0%B9-at-somon-tj-4450174111,Строитель-Управляющий,Somon.tj,posted,2026-08-12T16:55:12.633541,496
141092093c49b2bf,https://tj.linkedin.com/jobs/view/%D0%BC%D0%B5%D0%BD%D0%B5%D0%B4%D0%B6%D0%B5%D1%80-%D0%BF%D0%BE-%D0%BF%D1%80%D0%BE%D0%B4%D0%B0%D0%B6%D0%B0%D0%BC-at-somon-tj-4452334657,Менеджер по продажам,Somon.tj,failed|wp_post_failed,2026-08-12T16:56:04.790482,
3595948170694a57,https://tj.linkedin.com/jobs/view/%D1%83%D1%87%D0%B8%D1%82%D0%B5%D0%BB%D1%8C-%D0%B0%D0%BB%D0%B3%D0%B5%D0%B1%D1%80%D1%8B-%D0%B8-%D0%B3%D0%B5%D0%BE%D0%BC%D0%B5%D1%82%D1%80%D0%B8%D0%B8-at-somon-tj-4452349578,Учитель алгебры и геометрии,Somon.tj,failed|wp_post_failed,2026-08-12T16:56:21.043469,
0b4092abd7390dc6,https://tj.linkedin.com/jobs/view/%D0%BC%D0%B5%D0%BD%D0%B5%D0%B4%D0%B6%D0%B5%D1%80-%D0%BF%D1%80%D0%BE%D0%B5%D0%BA%D1%82%D0%BE%D0%B2-%D1%81%D0%BE-%D0%B7%D0%BD%D0%B0%D0%BD%D0%B8%D0%B5%D0%BC-%D0%B0%D0%BD%D0%B3%D0%BB%D0%B8%D0%B9%D1%81%D0%BA%D0%BE%D0%B3%D0%BE-%D1%8F%D0%B7%D1%8B%D0%BA%D0%B0-at-%D0%B5%D1%82s-european-trade-systems-4452732929,Менеджер проектов (со знанием английского языка),,scraped,2026-08-12T20:38:36.634743,
322f57099dbb1343,https://tj.linkedin.com/jobs/view/%D0%BC%D0%B5%D0%BD%D0%B5%D0%B4%D0%B6%D0%B5%D1%80-%D0%BF%D0%BE-%D0%BF%D1%80%D0%BE%D0%B4%D0%B0%D0%B6%D0%B0%D0%BC-%D0%BE%D1%81%D0%B2%D0%B5%D1%82%D0%B8%D1%82%D0%B5%D0%BB%D1%8C%D0%BD%D0%BE%D0%B5-%D0%BE%D0%B1%D0%BE%D1%80%D1%83%D0%B4%D0%BE%D0%B2%D0%B0%D0%BD%D0%B8%D0%B5-at-%D0%B5%D1%82s-european-trade-systems-4452742589,Менеджер по продажам (осветительное оборудование),,scraped,2026-08-12T20:38:55.188946,
381fbc2e1a17c3a8,https://tj.linkedin.com/jobs/view/%D1%83%D1%87%D0%B8%D1%82%D0%B5%D0%BB%D1%8C-%D0%BD%D0%B0%D1%87%D0%B0%D0%BB%D1%8C%D0%BD%D1%8B%D1%85-%D0%BA%D0%BB%D0%B0%D1%81%D1%81%D0%BE%D0%B2-at-somon-tj-4452351566,Учитель начальных классов,Somon.tj,failed|wp_post_failed,2026-08-12T20:39:10.714293,
90ae2cb9d898347d,https://tj.linkedin.com/jobs/view/%D0%B0%D0%B4%D0%BC%D0%B8%D0%BD%D0%B8%D1%81%D1%82%D1%80%D0%B0%D1%82%D0%BE%D1%80-%D0%B2-%D1%83%D1%87%D0%B5%D0%B1%D0%BD%D0%BE%D0%BC-%D1%86%D0%B5%D0%BD%D1%82%D1%80%D0%B5-at-somon-tj-4450173201,Администратор в учебном центре,Somon.tj,failed|wp_post_failed,2026-08-12T20:39:22.842218,
78bde72f48ab404c,https://tj.linkedin.com/jobs/view/%D0%B2%D0%BE%D0%B4%D0%B8%D1%82%D0%B5%D0%BB%D1%8C-%D1%8D%D0%BA%D1%81%D0%BF%D0%B5%D0%B4%D0%B8%D1%82%D0%BE%D1%80-at-somon-tj-4450166273,Водитель экспедитор,Somon.tj,failed|wp_post_failed,2026-08-12T20:39:28.797803,
197a5d7689165c61,https://tj.linkedin.com/jobs/view/%D0%B5%D0%BB%D0%B5%D0%BA%D1%82%D1%80%D0%BE%D0%BC%D0%BE%D0%BD%D1%82%D1%8C%D0%BE%D1%80-at-%D0%B8%D0%BD%D0%B6%D0%B5%D0%BD%D0%B5%D1%80-%D0%B1%D0%B3-%D0%BE%D0%BE%D0%B4-engineer-bg-ltd-4449890078,Електромонтьор,,scraped,2026-08-12T20:40:37.391929,
0ab84f5c1773264d,https://tj.linkedin.com/jobs/view/%D0%B8%D0%BD%D0%B6%D0%B5%D0%BD%D0%B5%D1%80-%D1%82%D0%B5%D1%85%D0%BD%D0%BE%D0%BB%D0%BE%D0%B3-at-%D0%B8%D0%BD%D0%B6%D0%B5%D0%BD%D0%B5%D1%80-%D0%B1%D0%B3-%D0%BE%D0%BE%D0%B4-engineer-bg-ltd-4449890079,Инженер-технолог,,scraped,2026-08-12T20:40:45.000896,
c12ae2fc563e3c18,https://tj.linkedin.com/jobs/view/%D0%BF%D0%BE%D0%B4%D0%B7%D0%B5%D0%BC%D0%B5%D0%BD-%D0%BF%D0%BE%D0%BC%D0%BE%D1%89%D0%BD%D0%B8%D0%BA-%D0%BE%D0%BF%D0%B5%D1%80%D0%B0%D1%82%D0%BE%D1%80-%E2%80%9E%D0%BF%D1%80%D0%BE%D0%B1%D0%B8%D0%B2%D0%BD%D0%B0-%D0%BA%D0%B0%D1%80%D0%B5%D1%82%D0%B0%E2%80%9C-at-%D0%B8%D0%BD%D0%B6%D0%B5%D0%BD%D0%B5%D1%80-%D0%B1%D0%B3-%D0%BE%D0%BE%D0%B4-engineer-bg-ltd-4449888096,Подземен помощник оператор „Пробивна карета“,,scraped,2026-08-12T20:40:52.742704,
df95ab327d561aa9,https://tj.linkedin.com/jobs/view/%D0%BC%D0%B0%D1%88%D0%B8%D0%BD%D0%B5%D0%BD-%D0%BE%D0%BF%D0%B5%D1%80%D0%B0%D1%82%D0%BE%D1%80-%D0%BF%D1%80%D0%BE%D0%B8%D0%B7%D0%B2%D0%BE%D0%B4%D1%81%D1%82%D0%B2%D0%BE-%D0%BD%D0%B0-%D0%BF%D0%BB%D0%B0%D1%81%D1%82%D0%BC%D0%B0%D1%81%D0%BE%D0%B2%D0%B8-%D0%B8%D0%B7%D0%B4%D0%B5%D0%BB%D0%B8%D1%8F-at-%D0%B8%D0%BD%D0%B6%D0%B5%D0%BD%D0%B5%D1%80-%D0%B1%D0%B3-%D0%BE%D0%BE%D0%B4-engineer-bg-ltd-4449892090,"Машинен оператор, производство на пластмасови изделия",,scraped,2026-08-12T20:41:02.538461,
00b57dfb4e0a8c14,https://tj.linkedin.com/jobs/view/%D0%B4%D0%BE%D0%BC%D1%80%D0%B0%D0%B1%D0%BE%D1%82%D0%BD%D0%B8%D1%86%D0%B0-at-somon-tj-4450167269,Домработница,Somon.tj,failed|wp_post_failed,2026-08-12T20:41:38.098072,
82a20e3a4a694345,https://tj.linkedin.com/jobs/view/%D1%82%D0%B5%D1%85%D0%BD%D0%B8%D1%87%D0%B5%D1%81%D0%BA%D0%B8%D0%B9-%D0%B4%D0%B8%D1%80%D0%B5%D0%BA%D1%82%D0%BE%D1%80-at-somon-tj-4452339566,Технический директор,Somon.tj,failed|wp_post_failed,2026-08-12T22:35:03.042245,
4e66eb4a23ed9e50,https://tj.linkedin.com/jobs/view/%D0%BC%D0%B5%D0%BD%D0%B5%D0%B4%D0%B6%D0%B5%D1%80-%D0%B7-%D0%BC%D1%96%D0%B6%D0%BD%D0%B0%D1%80%D0%BE%D0%B4%D0%BD%D0%B8%D1%85-%D0%B7%D0%B2-%D1%8F%D0%B7%D0%BA%D1%96%D0%B2-at-skloresurs-4452375970,Менеджер з міжнародних зв'язків,,scraped,2026-08-12T22:35:11.621249,
945f027673acbfab,https://tj.linkedin.com/jobs/view/%D0%B8%D0%BD%D0%B6%D0%B5%D0%BD%D0%B5%D1%80-%D1%87%D0%B5%D1%80%D1%82%D0%B5%D0%B6%D0%BD%D0%B8%D0%BA-27-04-2023-at-kaz-project-operating-llp-4451033211,Инженер-чертежник (27/04/2023),Kaz Project Operating LLP,posted,2026-08-12T22:37:36.588676,418
695c42a56206ee03,https://tj.linkedin.com/jobs/view/%D0%B3%D1%80%D1%83%D0%B7%D1%87%D0%B8%D0%BA-at-somon-tj-4452335689,Грузчик,Somon.tj,failed|wp_post_failed,2026-08-13T01:25:34.229088,
baf916ded42b7337,https://tj.linkedin.com/jobs/view/%D0%BE%D1%84%D0%B8%D1%86%D0%B8%D0%B0%D0%BD%D1%82-at-somon-tj-4452331624,Официант,Somon.tj,failed|wp_post_failed,2026-08-13T01:25:42.267939,
c5fa70c32fc73979,https://tj.linkedin.com/jobs/view/hr-%D0%BC%D0%B5%D0%BD%D0%B5%D0%B4%D0%B6%D0%B5%D1%80-at-somon-tj-4452345575,HR-менеджер,Somon.tj,posted,2026-08-13T01:25:48.052311,488
a2274246c65c65e0,https://tj.linkedin.com/jobs/view/%D0%BE%D1%84%D0%B8%D1%86%D0%B8%D0%B0%D0%BD%D1%82-at-somon-tj-4452347610,Официант,Somon.tj,scraped,2026-08-13T01:25:52.102940,
50703a393e4d4740,https://tj.linkedin.com/jobs/view/%D1%82%D0%BE%D0%BF-%D0%B1%D0%B0%D1%80%D0%B1%D0%B5%D1%80-at-somon-tj-4450162331,Топ-Барбер,Somon.tj,posted,2026-08-13T01:26:01.678641,498
4e2e4b764f12c928,https://tj.linkedin.com/jobs/view/%D0%BD%D0%BE%D1%87%D0%BD%D0%BE%D0%B9-%D1%80%D0%B5%D1%81%D0%B5%D0%BF%D1%88%D0%B8%D0%BE%D0%BD%D0%B8%D1%81%D1%82-%D0%B2-%D0%BE%D1%82%D0%B5%D0%BB%D1%8C-at-somon-tj-4450162330,Ночной ресепшионист в отель,Somon.tj,failed|wp_post_failed,2026-08-13T01:26:05.729717,
23236b31d94562c7,https://tj.linkedin.com/jobs/view/%D1%80%D0%BE%D0%BD%D0%B0%D0%BD%D0%B4%D0%B0-at-somon-tj-4450452106,Ронанда,Somon.tj,failed|wp_post_failed,2026-08-13T04:06:20.508965,
f6642ed39d296ce7,https://tj.linkedin.com/jobs/view/registered-nurse-women-s-services-prn-night-shift-at-peterson-health-4450189711,"Registered Nurse, Women's Services | PRN | Night Shift",Peterson Health,posted,2026-08-13T04:07:06.334958,500
00a45942c75fd43f,https://tj.linkedin.com/jobs/view/%D0%BA%D0%B0%D1%81%D1%81%D0%B8%D1%80-at-somon-tj-4450454114,Кассир,Somon.tj,failed|wp_post_failed,2026-08-13T04:07:22.331857,
78085df5a19bb37d,https://tj.linkedin.com/jobs/view/%D0%BC%D0%B5%D0%BD%D0%B5%D0%B4%D0%B6%D0%B5%D1%80-%D0%BF%D0%BE-%D0%BF%D1%80%D0%BE%D0%B4%D0%B0%D0%B6%D0%B0%D0%BC-at-somon-tj-4450155391,Менеджер по продажам,Somon.tj,failed|wp_post_failed,2026-08-13T04:07:56.535003,
6028bac73706bf3b,https://tj.linkedin.com/jobs/view/%D0%BC%D0%B0%D1%81%D1%82%D0%B5%D1%80%D0%B0-%D0%BF%D0%BE-%D0%BD%D0%B0%D1%80%D0%B0%D1%89%D0%B8%D0%B2%D0%B0%D0%BD%D0%B8%D1%8E-%D1%80%D0%B5%D1%81%D0%BD%D0%B8%D1%86-at-somon-tj-4452346547,Мастера по наращиванию ресниц,Somon.tj,failed|wp_post_failed,2026-08-13T07:20:11.553153,
db260f3313056656,https://tj.linkedin.com/jobs/view/%D0%B4%D0%BE%D0%BC%D1%80%D0%B0%D0%B1%D0%BE%D1%82%D0%BD%D0%B8%D1%86%D0%B0-at-somon-tj-4450467065,Домработница,Somon.tj,failed|wp_post_failed,2026-08-13T07:21:03.670691,
ad67afd4e68942c3,https://tj.linkedin.com/jobs/view/%D0%BF%D0%B5%D0%BA%D0%B0%D1%80-at-%D0%B1%D0%BB%D0%B8%D0%B7%D0%B5%D0%BD%D1%8C%D0%BA%D0%BE-4453673488,Пекар,Близенько,failed|wp_post_failed,2026-08-13T09:07:12.085602,
42e95969beb9a9d6,https://tj.linkedin.com/jobs/view/%D0%BC%D0%B5%D0%BD%D0%B5%D0%B4%D0%B6%D0%B5%D1%80-%D0%BF%D1%80%D0%BE%D0%B5%D0%BA%D1%82%D0%BE%D0%B2-%D1%81%D0%BE-%D0%B7%D0%BD%D0%B0%D0%BD%D0%B8%D0%B5%D0%BC-%D0%B0%D0%BD%D0%B3%D0%BB%D0%B8%D0%B9%D1%81%D0%BA%D0%BE%D0%B3%D0%BE-%D1%8F%D0%B7%D1%8B%D0%BA%D0%B0-at-%D0%B5%D1%82s-european-trade-systems-4452923348,Менеджер проектов (со знанием английского языка),,scraped,2026-08-13T09:07:28.586450,
420c4a5c35e2b743,https://tj.linkedin.com/jobs/view/%D0%BC%D0%B5%D0%BD%D0%B5%D0%B4%D0%B6%D0%B5%D1%80-%D0%BF%D0%BE-%D0%BF%D1%80%D0%BE%D0%B4%D0%B0%D0%B6%D0%B0%D0%BC-%D0%BE%D1%81%D0%B2%D0%B5%D1%82%D0%B8%D1%82%D0%B5%D0%BB%D1%8C%D0%BD%D0%BE%D0%B5-%D0%BE%D0%B1%D0%BE%D1%80%D1%83%D0%B4%D0%BE%D0%B2%D0%B0%D0%BD%D0%B8%D0%B5-at-%D0%B5%D1%82s-european-trade-systems-4452919332,Менеджер по продажам (осветительное оборудование),,scraped,2026-08-13T09:07:48.772921,
378a7dfd85d7dff6,https://tj.linkedin.com/jobs/view/%D0%BC%D0%B5%D0%B4%D1%81%D0%B5%D1%81%D1%82%D1%80%D0%B0-%D0%B2-%D0%BA%D0%B0%D1%80%D0%B4%D0%B8%D0%BE%D0%BB%D0%BE%D0%B3%D0%B8%D1%87%D0%B5%D1%81%D0%BA%D1%83%D1%8E-%D0%BA%D0%BB%D0%B8%D0%BD%D0%B8%D0%BA%D1%83-at-somon-tj-4450172232,Медсестра в кардиологическую клинику,Somon.tj,failed|wp_post_failed,2026-08-13T09:08:19.928613,
25de9c45a6ee1e93,https://tj.linkedin.com/jobs/view/%D0%BF%D1%80%D0%B8%D0%B1%D0%B8%D1%80%D0%B0%D0%BB%D1%8C%D0%BD%D0%B8%D0%BA-%D1%81%D0%BB%D1%83%D0%B6%D0%B1%D0%BE%D0%B2%D0%B8%D1%85-%D0%BF%D1%80%D0%B8%D0%BC%D1%96%D1%89%D0%B5%D0%BD%D1%8C-at-%D0%B1%D0%BB%D0%B8%D0%B7%D0%B5%D0%BD%D1%8C%D0%BA%D0%BE-4453353138,Прибиральник службових приміщень,Близенько,failed|wp_post_failed,2026-08-13T09:08:33.910297,
a6f6f7f1e2b089e2,https://tj.linkedin.com/jobs/view/%D1%81%D0%BF%D0%B5%D1%86%D0%B8%D0%B0%D0%BB%D0%B8%D1%81%D1%82-%D0%BE%D1%82%D0%B4%D0%B5%D0%BB%D0%B0-it-at-dushanbe-city-4453666897,Специалист отдела IT,,scraped,2026-08-13T09:08:52.519930,
682836bcd2b72cb6,https://tj.linkedin.com/jobs/view/%D0%BF%D1%80%D0%BE%D0%B4%D0%B0%D0%B2%D0%B5%D1%86%D1%8C-%D0%BA%D0%BE%D0%BD%D1%81%D1%83%D0%BB%D1%8C%D1%82%D0%B0%D0%BD%D1%82-at-%D0%B1%D0%BB%D0%B8%D0%B7%D0%B5%D0%BD%D1%8C%D0%BA%D0%BE-4453676432,Продавець-консультант,Близенько,posted,2026-08-13T09:09:17.738969,502
50a3fb325074ab4d,https://tj.linkedin.com/jobs/view/%D0%B0%D0%BD%D0%B0%D0%BB%D0%B8%D1%82%D0%B8%D0%BA-%D0%BC%D0%B5%D1%82%D0%BE%D0%B4%D0%BE%D0%BB%D0%BE%D0%B3-kyc-aml-at-bank-eskhata-4453681560,Аналитик - Методолог KYC/AML,,scraped,2026-08-13T09:10:00.252371,
3612754a709b51ab,https://tj.linkedin.com/jobs/view/physical-education-teacher-at-qalam-international-school-4450127953,Physical Education teacher,,scraped,2026-08-13T10:58:06.660600,
14868696882b6341,https://tj.linkedin.com/jobs/view/%D0%BF%D1%80%D0%B8%D0%B1%D0%B8%D1%80%D0%B0%D0%BB%D1%8C%D0%BD%D0%B8%D0%BA-%D1%81%D0%BB%D1%83%D0%B6%D0%B1%D0%BE%D0%B2%D0%B8%D1%85-%D0%BF%D1%80%D0%B8%D0%BC%D1%96%D1%89%D0%B5%D0%BD%D1%8C-at-%D0%B1%D0%BB%D0%B8%D0%B7%D0%B5%D0%BD%D1%8C%D0%BA%D0%BE-4453669478,Прибиральник службових приміщень,Близенько,failed|wp_post_failed,2026-08-13T10:58:19.222551,
ea4e8d546bb3282f,https://tj.linkedin.com/jobs/view/%D1%80%D1%83%D0%BA%D0%BE%D0%B2%D0%BE%D0%B4%D0%B8%D1%82%D0%B5%D0%BB%D1%8C-%D0%BE%D1%82%D0%B4%D0%B5%D0%BB%D0%B0-%D0%BF%D1%80%D0%BE%D0%B4%D0%B0%D0%B6-%D0%BC%D0%B0%D0%BA%D0%B0%D1%80%D0%BE%D0%BD%D0%BD%D1%8B%D1%85-%D0%B8%D0%B7%D0%B4%D0%B5%D0%BB%D0%B8%D0%B9-at-llc-green-foods-4453698550,Руководитель отдела продаж макаронных изделий,LLC Green Foods,failed|wp_post_failed,2026-08-13T12:57:08.961187,
c1e14697f8bfb482,https://tj.linkedin.com/jobs/view/%D1%80%D1%9F%D1%80%D1%95%D1%81%E2%80%A1%D1%80%C2%B5%D1%80%D1%98%D1%81%D1%93-%D1%80%D1%94%D1%81%D1%93%D1%80%C2%BB%D1%80%D1%91%D1%80%D1%95%D1%80%C2%B0%D1%81%D1%92%D1%80%D1%91%D1%81%D1%9F-%D1%80%D1%98%D1%80%D1%95%D1%80%C2%B6%D1%80%C2%B5%D1%81%E2%80%9A-%D1%80%D1%97%D1%81%D1%92%D1%80%C2%B5%D1%80%D1%96%D1%81%D1%92%D1%80%C2%B0%D1%81%E2%80%9A%D1%80%D1%91%D1%81%E2%80%9A%D1%81%D1%9A%D1%81%D1%93%D1%81%D1%9F-%D1%80%C2%BB%D1%81%D1%9B%D1%80%C2%B1%D1%80%D1%91%D1%80%D1%98%D1%80%C2%B5%D1%80%E2%84%96%D1%81%E2%82%AC%D1%80%D1%91%D1%80%D1%98-%D1%80%D2%91%D1%80%C2%B5%D1%80%C2%BB%D1%80%D1%95%D1%80%D1%98-at-seedworks-limited-4452929784,РџРѕС‡РµРјСѓ РєСѓР»РёРЅР°СЂРёСЏ РјРѕР¶РµС‚ РїСЂРµРІСЂР°С‚РёС‚СЊСЃСЏ Р»СЋР±РёРјРµР№С€РёРј РґРµР»РѕРј,Seedworks Limited,posted,2026-08-13T14:52:58.682681,504
2aa109f7761163f6,https://tj.linkedin.com/jobs/view/blender-specialist-at-sme-careers-4452652182,Blender Specialist,SME Careers,posted,2026-08-13T14:53:43.458072,506
da42cc700ae9405b,https://tj.linkedin.com/jobs/view/%D0%B2%D0%BE%D0%B4%D1%96%D0%B9-%D0%BA%D0%B0-%D0%B0%D0%B2%D1%82%D0%BE%D0%B1%D1%83%D1%81%D0%B0-%D0%BA%D0%B0%D1%82-d-at-reskilling-ukraine-4450806494,Водій/ка автобуса кат. D,Reskilling Ukraine,posted,2026-08-13T16:52:13.091547,508
f633c86a14af0968,https://tj.linkedin.com/jobs/view/%D0%BE%D0%BF%D0%B5%D1%80%D0%B0%D1%82%D0%BE%D1%80-%D0%BA%D0%B0-%D1%87%D0%BF%D0%BA-at-reskilling-ukraine-4450821320,Оператор/ка ЧПК,Reskilling Ukraine,posted,2026-08-13T16:52:24.298430,510
baaf50032e14bec3,https://tj.linkedin.com/jobs/view/%D0%BD%D0%B0%D0%BC%D0%BE%D1%8F%D0%BD%D0%B4%D0%B0%D0%B8-%D1%81%D0%B0%D0%B2%D0%B4%D0%BE-at-somon-tj-4450806480,Намояндаи савдо,Somon.tj,failed|wp_post_failed,2026-08-13T16:52:56.587793,
7f1476fb9b443e9d,https://tj.linkedin.com/jobs/view/%D0%BE%D1%84%D0%B8%D1%86%D0%B8%D0%B0%D0%BD%D1%82%D0%BA%D0%B0-at-somon-tj-4450804464,Официантка,Somon.tj,failed|wp_post_failed,2026-08-13T16:53:06.730109,
6e90eadbb48e85bf,https://tj.linkedin.com/jobs/view/%D1%83%D1%87%D0%B8%D1%82%D0%B5%D0%BB%D1%8C-%D0%B0%D0%BD%D0%B3%D0%BB%D0%B8%D0%B9%D1%81%D0%BA%D0%BE%D0%B3%D0%BE-%D1%8F%D0%B7%D1%8B%D0%BA%D0%B0-%D0%BB%D0%B8%D1%86%D0%B5%D0%B9-%D0%B0%D0%B4%D0%BE%D0%BB%D0%B0%D1%82-at-somon-tj-4450811402,Учитель английского языка лицей Адолат,Somon.tj,failed|wp_post_failed,2026-08-13T16:53:22.945875,
8465ec91ba191c7b,https://tj.linkedin.com/jobs/view/%D0%B1%D0%B0%D0%BD%D0%BA%D0%B8%D1%80-%D0%BA%D1%80%D0%B5%D0%B4%D0%B8%D1%82%D0%BD%D1%8B%D0%B9-%D1%8D%D0%BA%D1%81%D0%BF%D0%B5%D1%80%D1%82-%D0%B2-%D0%B3-%D0%B4%D1%83%D1%88%D0%B0%D0%BD%D0%B1%D0%B5-at-somon-tj-4450820276,Банкир - Кредитный эксперт в г.Душанбе,Somon.tj,posted,2026-08-13T16:53:34.926632,512
7ee32602cde709ae,https://tj.linkedin.com/jobs/view/%D0%B0%D0%B4%D0%BC%D0%B8%D0%BD%D0%B8%D1%81%D1%82%D1%80%D0%B0%D1%82%D0%BE%D1%80-%D1%80%D0%B5%D1%81%D0%B5%D0%BF%D1%88%D0%B5%D0%BD%D0%B0-at-somon-tj-4450499677,Администратор ресепшена,Somon.tj,failed|wp_post_failed,2026-08-13T16:53:45.102023,
dd8e2d38da69d15a,https://tj.linkedin.com/jobs/view/%D1%83%D1%87%D0%B8%D1%82%D0%B5%D0%BB%D1%8C-%D1%84%D0%B8%D0%B7%D0%B8%D1%87%D0%B5%D1%81%D0%BA%D0%BE%D0%B9-%D0%BA%D1%83%D0%BB%D1%8C%D1%82%D1%83%D1%80%D1%8B-at-somon-tj-4450811398,Учитель физической культуры,Somon.tj,failed|wp_post_failed,2026-08-13T16:53:51.226765,
0fd20e25a64e9364,https://tj.linkedin.com/jobs/view/%D0%BC%D0%B0%D1%80%D0%BA%D0%B5%D1%82%D0%BE%D0%BB%D0%BE%D0%B3-at-somon-tj-4450807484,Маркетолог,Somon.tj,failed|wp_post_failed,2026-08-13T16:54:13.689943,
0d11f72c7b6bc613,https://tj.linkedin.com/jobs/view/%D0%BC%D0%B5%D0%BD%D0%B5%D0%B4%D0%B6%D0%B5%D1%80-%D0%BF%D0%BE-%D0%BF%D1%80%D0%BE%D0%B4%D0%B0%D0%B6%D0%B0%D0%BC-%D1%82%D1%83%D1%80%D0%B8%D1%81%D1%82%D0%B8%D1%87%D0%B5%D1%81%D0%BA%D0%B8%D1%85-%D1%83%D1%81%D0%BB%D1%83%D0%B3-at-somon-tj-4450451125,Менеджер по продажам туристических услуг,Somon.tj,failed|wp_post_failed,2026-08-13T16:54:17.800497,
27d4bd6dca531a17,https://tj.linkedin.com/jobs/view/%D1%80%D1%83%D0%BA%D0%BE%D0%B2%D0%BE%D0%B4%D0%B8%D1%82%D0%B5%D0%BB%D1%8C-%D0%BE%D1%82%D0%B4%D0%B5%D0%BB%D0%B0-%D0%BF%D1%80%D0%BE%D0%B4%D0%B0%D0%B6-at-somon-tj-4450801536,Руководитель отдела продаж,Somon.tj,failed|wp_post_failed,2026-08-13T16:54:27.972865,
c89747a7c1922c15,https://tj.linkedin.com/jobs/view/%D0%B3%D1%80%D0%B0%D1%84%D0%B8%D1%87%D0%B5%D1%81%D0%BA%D0%B8%D0%B9-%D0%B4%D0%B8%D0%B7%D0%B0%D0%B9%D0%BD%D0%B5%D1%80-at-somon-tj-4450818350,Графический дизайнер,Somon.tj,failed|wp_post_failed,2026-08-13T18:58:53.671926,
5262ce6d8beebd6e,https://tj.linkedin.com/jobs/view/%D0%BC%D0%B5%D0%BD%D0%B5%D0%B4%D0%B6%D0%B5%D1%80-%D0%BF%D1%80%D0%BE%D0%B5%D0%BA%D1%82%D0%BE%D0%B2-%D1%81%D0%BE-%D0%B7%D0%BD%D0%B0%D0%BD%D0%B8%D0%B5%D0%BC-%D0%B0%D0%BD%D0%B3%D0%BB%D0%B8%D0%B9%D1%81%D0%BA%D0%BE%D0%B3%D0%BE-%D1%8F%D0%B7%D1%8B%D0%BA%D0%B0-at-%D0%B5%D1%82s-european-trade-systems-4453247512,Менеджер проектов (со знанием английского языка),,scraped,2026-08-13T20:37:24.420916,
d5da065b2c13ad56,https://tj.linkedin.com/jobs/view/%D0%BC%D0%B5%D0%BD%D0%B5%D0%B4%D0%B6%D0%B5%D1%80-%D0%BF%D0%BE-%D0%BF%D1%80%D0%BE%D0%B4%D0%B0%D0%B6%D0%B0%D0%BC-%D0%BE%D1%81%D0%B2%D0%B5%D1%82%D0%B8%D1%82%D0%B5%D0%BB%D1%8C%D0%BD%D0%BE%D0%B5-%D0%BE%D0%B1%D0%BE%D1%80%D1%83%D0%B4%D0%BE%D0%B2%D0%B0%D0%BD%D0%B8%D0%B5-at-%D0%B5%D1%82s-european-trade-systems-4453251448,Менеджер по продажам (осветительное оборудование),,scraped,2026-08-13T20:37:44.972862,
f1d62481e9734810,https://tj.linkedin.com/jobs/view/front-end-%D1%80%D0%B0%D0%B7%D1%80%D0%B0%D0%B1%D0%BE%D1%82%D1%87%D0%B8%D0%BA-at-dushanbe-city-4453680795,Front end Разработчик,,scraped,2026-08-13T20:38:08.953302,
3d4e8b2e5b2a3c1a,https://tj.linkedin.com/jobs/view/%D0%BF%D1%80%D0%BE%D0%B4%D0%B0%D0%B2%D0%B5%D1%86%D1%8C-%D0%BA%D0%BE%D0%BD%D1%81%D1%83%D0%BB%D1%8C%D1%82%D0%B0%D0%BD%D1%82-at-%D0%B1%D0%BB%D0%B8%D0%B7%D0%B5%D0%BD%D1%8C%D0%BA%D0%BE-4454086808,Продавець-консультант,Близенько,posted,2026-08-13T20:39:22.767035,514
73a3f28d82744ce9,https://tj.linkedin.com/jobs/view/%D0%B0%D0%B4%D0%BC%D0%B8%D0%BD%D0%B8%D1%81%D1%82%D1%80%D0%B0%D1%82%D0%BE%D1%80-%D0%B1%D0%B0%D0%B7-%D0%B4%D0%B0%D0%BD%D0%BD%D1%8B%D1%85-dba-at-dushanbe-city-4454345565,Администратор баз данных (DBA),,scraped,2026-08-14T01:24:44.653126,
0c065ec4b1d27f45,https://tj.linkedin.com/jobs/view/%D0%B0%D0%B4%D0%BC%D0%B8%D0%BD%D0%B8%D1%81%D1%82%D1%80%D0%B0%D1%82%D0%BE%D1%80-%D0%B1%D0%B0%D0%B7-%D0%B4%D0%B0%D0%BD%D0%BD%D1%8B%D1%85-at-dushanbe-city-4454337616,Администратор баз данных,,scraped,2026-08-14T01:24:51.214444,
0083e893dfee224f,https://tj.linkedin.com/jobs/view/project-manager-at-dushanbe-city-4453686738,Project Manager,,scraped,2026-08-14T01:25:37.892318,
9207a03a34eccfac,https://tj.linkedin.com/jobs/view/%D1%81%D0%BF%D0%B5%D1%86%D0%B8%D0%B0%D0%BB%D0%B8%D1%81%D1%82-%D0%B2-%D1%83%D0%BF%D1%80%D0%B0%D0%B2%D0%BB%D0%B5%D0%BD%D0%B8%D0%B8-%D0%BF%D0%BE-%D1%80%D0%B0%D0%B1%D0%BE%D1%82%D0%B5-%D1%81-%D1%80%D0%B8%D1%81%D0%BA%D0%B0%D0%BC%D0%B8-at-dushanbe-city-4454342518,Специалист в управлении по работе с рисками,,scraped,2026-08-14T01:25:44.459993,
a0c6831440551f72,https://tj.linkedin.com/jobs/view/%D0%BA%D0%B5%D1%80%D1%83%D1%8E%D1%87%D0%B8%D0%B9-%D0%BC%D0%B0%D0%B3%D0%B0%D0%B7%D0%B8%D0%BD%D1%83-at-%D0%B1%D0%BB%D0%B8%D0%B7%D0%B5%D0%BD%D1%8C%D0%BA%D0%BE-4454098076,Керуючий магазину,Близенько,failed|wp_post_failed,2026-08-14T01:26:10.798283,
6cb9d2becd34bc7a,https://tj.linkedin.com/jobs/view/%D0%B0%D0%B2%D1%82%D0%BE%D0%BC%D0%B5%D1%85%D0%B0%D0%BD%D1%96%D0%BA-%D0%B8%D0%BD%D1%8F-at-reskilling-ukraine-4450499702,Автомеханік/иня,Reskilling Ukraine,posted,2026-08-14T01:26:25.942635,516
101a5f3a8658368c,https://tj.linkedin.com/jobs/view/%D0%B2%D0%BE%D0%B4%D1%96%D0%B9-%D0%BA%D0%B0-%D0%B2%D0%B0%D0%BD%D1%82%D0%B0%D0%B6%D1%96%D0%B2%D0%BA%D0%B8-%D0%B7-%D0%BF%D1%80%D0%B8%D1%87%D0%B5%D0%BF%D0%BE%D0%BC-%D0%BF%D0%B5%D1%80%D0%B5%D0%B2%D0%B5%D0%B7%D0%B5%D0%BD%D0%BD%D1%8F-%D0%BD%D0%B5%D0%B1%D0%B5%D0%B7%D0%BF%D0%B5%D1%87%D0%BD%D0%B8%D1%85-%D0%B2%D0%B0%D0%BD%D1%82%D0%B0%D0%B6%D1%96%D0%B2-%D0%BA%D0%B0%D1%82-%D1%81%D0%B5%2Badr-at-reskilling-ukraine-4450805530,Водій/ка вантажівки з причепом (перевезення небезпечних вантажів) кат. СЕ+ADR,Reskilling Ukraine,posted,2026-08-14T01:26:30.795700,245
d2db9b25b41a8be4,https://tj.linkedin.com/jobs/view/%D1%80%D0%B0%D0%B7%D1%80%D0%B0%D0%B1%D0%BE%D1%82%D1%87%D0%B8%D0%BA-python-c%2B%2B-flutter-java-swift-html-sql-at-dushanbe-city-4454359120,Разработчик Python/C++/Flutter/Java/Swift/HTML/SQL,,scraped,2026-08-14T01:27:57.358585,
19f9f21619c4e2f5,https://tj.linkedin.com/jobs/view/senior-instructional-designer-contract-remote-at-infuse-4454361162,"Senior Instructional Designer (Contract, Remote)",INFUSE,posted,2026-08-14T04:03:10.532148,518
595e2bebc341f89e,https://tj.linkedin.com/jobs/view/%D0%BE%D1%84%D0%B8%D1%81-%D0%BC%D0%B5%D0%BD%D0%B5%D0%B4%D0%B6%D0%B5%D1%80-at-somon-tj-4450821272,Офис- менеджер,Somon.tj,posted,2026-08-14T04:03:35.217522,520
f41923331be1eedc,https://tj.linkedin.com/jobs/view/%D0%B3%D0%B8%D1%81-%D1%81%D0%BF%D0%B5%D1%86%D0%B8%D0%B0%D0%BB%D0%B8%D1%81%D1%82-at-somon-tj-4449542052,ГИС - специалист,Somon.tj,posted,2026-08-14T04:03:46.230727,522
f666e9c1c21248ef,https://tj.linkedin.com/jobs/view/%D0%BC%D0%B5%D0%BD%D0%B5%D0%B4%D0%B6%D0%B5%D1%80-%D0%BF%D0%BE-%D1%80%D0%B0%D0%B1%D0%BE%D1%82%D0%B5-%D1%81-%D0%BA%D0%BB%D0%B8%D0%B5%D0%BD%D1%82%D0%B0%D0%BC%D0%B8-at-somon-tj-4450813410,Менеджер по работе с клиентами,Somon.tj,failed|wp_post_failed,2026-08-14T04:04:22.268398,
0582823d27229447,https://tj.linkedin.com/jobs/view/%D0%B4%D0%B5%D0%B6%D1%83%D1%80%D0%B5%D0%BD-%D1%88%D0%BB%D0%BE%D1%81%D0%B5%D1%80-at-%D0%B8%D0%BD%D0%B6%D0%B5%D0%BD%D0%B5%D1%80-%D0%B1%D0%B3-%D0%BE%D0%BE%D0%B4-engineer-bg-ltd-4450896097,Дежурен шлосер,,scraped,2026-08-14T07:16:54.500229,
7a5ddfd31804eaff,https://tj.linkedin.com/jobs/view/%D0%BD%D1%8F%D0%BD%D1%8F-%D1%81-%D0%BF%D1%80%D0%BE%D0%B6%D0%B8%D0%B2%D0%B0%D0%BD%D0%B8%D0%B5%D0%BC-at-somon-tj-4450818357,Няня с проживанием,Somon.tj,failed|wp_post_failed,2026-08-14T07:17:09.931285,
8026aa37cf84a82c,https://tj.linkedin.com/jobs/view/%D0%BD%D1%8F%D0%BD%D1%8F-at-somon-tj-4453298902,Няня,Somon.tj,failed|wp_post_failed,2026-08-14T07:17:14.121510,
23f9ee5cfa09aca9,https://tj.linkedin.com/jobs/view/%D0%BC%D1%83%D1%85%D0%BE%D1%84%D0%B8%D0%B7-%D0%B4%D0%B0%D1%80-%D0%B7%D0%B0%D0%B2%D0%BE%D0%B4%D0%B8-%D0%BE%D0%B1%D1%85%D0%BE%D0%B8-%D1%82%D0%B0%D1%88%D0%BD%D0%B0%D1%88%D0%B8%D0%BA%D0%B0%D0%BD-at-somon-tj-4450820262,Мухофиз дар заводи обхои ташнашикан,Somon.tj,failed|wp_post_failed,2026-08-14T07:17:18.140972,
d093e78ca1d16cd9,https://tj.linkedin.com/jobs/view/%D1%88%D0%BE%D1%84%D0%B5%D1%80-shacman-at-somon-tj-4450467064,Шофер Shacman,Somon.tj,posted,2026-08-14T07:17:31.019329,524
405ddbf35751fa45,https://tj.linkedin.com/jobs/view/%D0%B2%D0%BE%D0%B4%D0%B8%D1%82%D0%B5%D0%BB%D1%8C-%D1%8D%D0%BA%D1%81%D0%BF%D0%B5%D0%B4%D0%B8%D1%82%D0%BE%D1%80-at-somon-tj-4450812417,Водитель-экспедитор,Somon.tj,posted,2026-08-14T07:17:41.860223,526
14caa87a5dbdcabf,https://tj.linkedin.com/jobs/view/%D0%BC%D1%83%D0%B4%D0%B8%D1%80-%D1%84%D0%B0%D1%80%D0%BC%D0%B0%D1%86%D0%B5%D0%B2%D1%82-at-somon-tj-4453505849,Мудир-фармацевт,Somon.tj,posted,2026-08-14T07:17:52.958055,528
192391583e2deeae,https://tj.linkedin.com/jobs/view/%D0%B7%D0%B2%D0%B0%D1%80%D1%8E%D0%B2%D0%B0%D0%BB%D1%8C%D0%BD%D0%B8%D0%BA-%D1%86%D1%8F-at-reskilling-ukraine-4450885040,Зварювальник/ця,Reskilling Ukraine,posted,2026-08-14T07:18:12.296033,530
e4d4851cadc06016,https://tj.linkedin.com/jobs/view/%D1%81%D1%83%D0%BF%D0%B5%D1%80%D0%B2%D0%B0%D0%B9%D0%B7%D0%B5%D1%80-%D0%B3-%D0%B4%D1%83%D1%88%D0%B0%D0%BD%D0%B1%D0%B5-at-somon-tj-4450815370,Супервайзер г. Душанбе,Somon.tj,posted,2026-08-14T07:18:30.233392,532
d2263ae0a95da177,https://tj.linkedin.com/jobs/view/%D0%B8%D0%BD%D0%B6%D0%B5%D0%BD%D0%B5%D1%80-%E2%80%93-%D0%B0%D0%B2%D1%82%D0%BE%D0%BC%D0%B0%D1%82%D0%B8%D0%B7%D0%B0%D1%86%D0%B8%D1%8F-at-%D0%B8%D0%BD%D0%B6%D0%B5%D0%BD%D0%B5%D1%80-%D0%B1%D0%B3-%D0%BE%D0%BE%D0%B4-engineer-bg-ltd-4450808974,Инженер – автоматизация,,scraped,2026-08-14T07:19:00.821080,
898bb3159f4e7218,https://tj.linkedin.com/jobs/view/%D1%81%D1%82%D0%B0%D0%B6%D0%B0%D0%BD%D1%82-%D0%B2-%D0%BE%D1%82%D0%B4%D0%B5%D0%BB-%D0%B5%D0%BB%D0%B5%D0%BA%D1%82%D1%80%D0%BE%D0%BF%D0%BE%D0%B4%D0%B4%D1%80%D1%8A%D0%B6%D0%BA%D0%B0-at-%D0%B8%D0%BD%D0%B6%D0%B5%D0%BD%D0%B5%D1%80-%D0%B1%D0%B3-%D0%BE%D0%BE%D0%B4-engineer-bg-ltd-4450817866,Стажант в отдел Електроподдръжка,,scraped,2026-08-14T07:19:12.378080,
ce4532f9f581e2eb,https://tj.linkedin.com/jobs/view/%D0%B0%D0%B4%D0%BC%D1%96%D0%BD%D1%96%D1%81%D1%82%D1%80%D0%B0%D1%82%D0%BE%D1%80-at-%D0%B1%D0%BB%D0%B8%D0%B7%D0%B5%D0%BD%D1%8C%D0%BA%D0%BE-4454304012,Адміністратор,Близенько,failed|wp_post_failed,2026-08-14T07:19:23.830859,
24c20c64f6440df5,https://tj.linkedin.com/jobs/view/%D0%BC%D0%B5%D0%BD%D0%B5%D0%B4%D0%B6%D0%B5%D1%80-%D0%BF%D1%80%D0%BE%D0%B5%D0%BA%D1%82%D0%BE%D0%B2-%D1%81%D0%BE-%D0%B7%D0%BD%D0%B0%D0%BD%D0%B8%D0%B5%D0%BC-%D0%B0%D0%BD%D0%B3%D0%BB%D0%B8%D0%B9%D1%81%D0%BA%D0%BE%D0%B3%D0%BE-%D1%8F%D0%B7%D1%8B%D0%BA%D0%B0-at-%D0%B5%D1%82s-european-trade-systems-4453517784,Менеджер проектов (со знанием английского языка),,scraped,2026-08-14T09:03:47.774164,
0386ea392bc432cb,https://tj.linkedin.com/jobs/view/%D0%BC%D0%B5%D0%BD%D0%B5%D0%B4%D0%B6%D0%B5%D1%80-%D0%BF%D0%BE-%D0%BF%D1%80%D0%BE%D0%B4%D0%B0%D0%B6%D0%B0%D0%BC-%D0%BE%D1%81%D0%B2%D0%B5%D1%82%D0%B8%D1%82%D0%B5%D0%BB%D1%8C%D0%BD%D0%BE%D0%B5-%D0%BE%D0%B1%D0%BE%D1%80%D1%83%D0%B4%D0%BE%D0%B2%D0%B0%D0%BD%D0%B8%D0%B5-at-%D0%B5%D1%82s-european-trade-systems-4453531684,Менеджер по продажам (осветительное оборудование),,scraped,2026-08-14T09:04:01.758822,
7a45f8474f313289,https://tj.linkedin.com/jobs/view/%D0%B2%D0%BE%D0%B4%D1%96%D0%B9-%D0%BA%D0%B0-%D0%B2%D0%B0%D0%BD%D1%82%D0%B0%D0%B6%D1%96%D0%B2%D0%BA%D0%B8-%D0%B7-%D0%BF%D1%80%D0%B8%D1%87%D0%B5%D0%BF%D0%BE%D0%BC-%D0%BA%D0%B0%D1%82-%D1%81%D0%B5-at-reskilling-ukraine-4450865981,Водій/ка вантажівки з причепом кат. СЕ,Reskilling Ukraine,posted,2026-08-14T09:04:41.362061,534
909c5ba612cc4edb,https://tj.linkedin.com/jobs/view/%D0%B2%D0%BE%D0%B4%D1%96%D0%B9-%D0%BA%D0%B0-%D0%B2%D0%B0%D0%BD%D1%82%D0%B0%D0%B6%D1%96%D0%B2%D0%BA%D0%B8-%D0%B7-%D0%BF%D1%80%D0%B8%D1%87%D0%B5%D0%BF%D0%BE%D0%BC-%D0%BA%D0%B0%D1%82-%D1%81%D0%B5-at-reskilling-ukraine-4450865982,Водій/ка вантажівки з причепом кат. СЕ,Reskilling Ukraine,scraped,2026-08-14T09:04:45.296206,
da23374d8a90a363,https://tj.linkedin.com/jobs/view/%D0%B2%D0%BE%D0%B4%D1%96%D0%B9-%D0%BA%D0%B0-%D0%B2%D0%B0%D0%BD%D1%82%D0%B0%D0%B6%D1%96%D0%B2%D0%BA%D0%B8-%D0%B7-%D0%BF%D1%80%D0%B8%D1%87%D0%B5%D0%BF%D0%BE%D0%BC-%D0%BA%D0%B0%D1%82-%D1%81%D0%B5-at-reskilling-ukraine-4450864987,Водій/ка вантажівки з причепом кат. СЕ,Reskilling Ukraine,scraped,2026-08-14T09:04:49.418634,
ea1437598e38d173,https://tj.linkedin.com/jobs/view/%D0%B8%D0%BD%D1%82%D0%B5%D1%80%D0%BD%D0%B5%D1%82-%D0%BC%D0%B0%D1%80%D0%BA%D0%B5%D1%82%D0%BE%D0%BB%D0%BE%D0%B3-at-dushanbe-city-4454358143,Интернет-маркетолог,,scraped,2026-08-14T09:04:59.957840,
a7d23c7d5d466508,https://tj.linkedin.com/jobs/view/%D0%BC%D0%B5%D0%BD%D0%B5%D0%B4%D0%B6%D0%B5%D1%80-%D0%BF%D0%BE-%D0%BF%D1%80%D0%BE%D0%B4%D0%B0%D0%B6%D0%B0%D0%BC-%D0%B22%D0%B2-at-somon-tj-4453507697,Менеджер по продажам В2В,Somon.tj,posted,2026-08-14T09:05:57.461168,536
98b55fc20670c659,https://tj.linkedin.com/jobs/view/%D0%BA%D1%83%D1%80%D1%8C%D0%B5%D1%80-%D1%81-%D0%BB%D0%B8%D1%87%D0%BD%D1%8B%D0%BC-%D1%81%D0%BA%D1%83%D1%82%D0%B5%D1%80%D0%BE%D0%BC-at-somon-tj-4450801539,Курьер с личным скутером,Somon.tj,failed|wp_post_failed,2026-08-14T09:06:01.778682,
00a91c2bfd478920,https://tj.linkedin.com/jobs/view/%D0%BF%D1%80%D0%B8%D0%B1%D0%B8%D1%80%D0%B0%D0%BB%D1%8C%D0%BD%D0%B8%D0%BA-%D1%81%D0%BB%D1%83%D0%B6%D0%B1%D0%BE%D0%B2%D0%B8%D1%85-%D0%BF%D1%80%D0%B8%D0%BC%D1%96%D1%89%D0%B5%D0%BD%D1%8C-at-%D0%B1%D0%BB%D0%B8%D0%B7%D0%B5%D0%BD%D1%8C%D0%BA%D0%BE-4454361749,Прибиральник службових приміщень,Близенько,failed|wp_post_failed,2026-08-14T09:06:21.857982,
08f72b6d7cceaf99,https://tj.linkedin.com/jobs/view/junior-swift-developer-at-dushanbe-city-4453685718,Junior Swift Developer,,scraped,2026-08-14T10:54:33.065602,
c5fba4f4e61fdbd2,https://tj.linkedin.com/jobs/view/junior-kotlin-developer-at-dushanbe-city-4453673815,Junior Kotlin Developer,,scraped,2026-08-14T10:54:39.616642,
142192424a69e889,https://tj.linkedin.com/jobs/view/%D0%B2%D0%BD%D1%83%D1%82%D1%80%D0%B5%D0%BD%D0%BD%D0%B8%D0%B9-%D0%B0%D1%83%D0%B4%D0%B8%D1%82%D0%BE%D1%80-at-somon-tj-4453506830,Внутренний аудитор,Somon.tj,failed|wp_post_failed,2026-08-14T12:54:35.659761,
012e0e30ec702939,https://tj.linkedin.com/jobs/view/%D0%BD%D0%B0%D1%81%D1%82%D1%80%D0%BE%D0%B9%D1%87%D0%B8%D0%BA-%D0%BD%D0%B0-%D1%84%D0%BE%D1%80%D0%BC%D0%BE%D0%B2%D0%B0%D1%89%D0%B8-%D0%BC%D0%B0%D1%88%D0%B8%D0%BD%D0%B8-at-%D0%B8%D0%BD%D0%B6%D0%B5%D0%BD%D0%B5%D1%80-%D0%B1%D0%B3-%D0%BE%D0%BE%D0%B4-engineer-bg-ltd-4451215095,Настройчик на формоващи машини,,scraped,2026-08-14T12:54:44.176603,
d72f6f8a03686e6e,https://tj.linkedin.com/jobs/view/%D0%BC%D1%83%D1%82%D0%B0%D1%85%D0%B0%D1%81%D1%81%D0%B8%D1%81%D0%B8-%D1%85%D1%83%D1%80%D0%B4%D0%B8-%D0%BA%D0%B0%D1%80%D0%B7%D0%B8-%D0%BD-%D1%88%D0%BE%D1%85%D0%BC%D0%B0%D0%BD%D1%81%D1%83%D1%80-at-somon-tj-4453292854,Мутахассиси хурди карзи н. Шохмансур,Somon.tj,posted,2026-08-14T12:55:01.491238,538
49043101968c65b3,https://tj.linkedin.com/jobs/view/%D0%BD%D0%BE%D0%BD%D0%BF%D0%B0%D0%B7-at-somon-tj-4451258062,Нонпаз,Somon.tj,failed|wp_post_failed,2026-08-14T16:49:40.986879,
8067ac2ad4046872,https://tj.linkedin.com/jobs/view/%D0%B1%D1%83%D1%85%D0%B3%D0%B0%D0%BB%D1%82%D0%B5%D1%80-at-somon-tj-4451260048,Бухгалтер,Somon.tj,failed|wp_post_failed,2026-08-14T16:50:39.205115,
034a12fe92ae7b35,https://tj.linkedin.com/jobs/view/smm-%D1%81%D0%BF%D0%B5%D1%86%D0%B8%D0%B0%D0%BB%D0%B8%D1%81%D1%82-at-somon-tj-4451256068,SMM - специалист,Somon.tj,posted,2026-08-14T16:51:04.093981,540
518d34286cec0412,https://tj.linkedin.com/jobs/view/%D1%80%D1%83%D0%BA%D0%BE%D0%B2%D0%BE%D0%B4%D0%B8%D1%82%D0%B5%D0%BB%D1%8C-%D0%BA%D0%BE%D0%BC%D0%BC%D0%B5%D1%80%D1%87%D0%B5%D1%81%D0%BA%D0%BE%D0%B3%D0%BE-%D0%B4%D0%B5%D0%BF%D0%B0%D1%80%D1%82%D0%B0%D0%BC%D0%B5%D0%BD%D1%82%D0%B0-at-somon-tj-4451249102,Руководитель коммерческого департамента,Somon.tj,failed|wp_post_failed,2026-08-14T16:51:24.225088,
2a319304ffbf4184,https://tj.linkedin.com/jobs/view/%D1%82%D0%BE%D1%80%D0%B3%D0%BE%D0%B2%D1%8B%D0%B9-%D0%BF%D1%80%D0%B5%D0%B4%D1%81%D1%82%D0%B0%D0%B2%D0%B8%D1%82%D0%B5%D0%BB%D1%8C-at-somon-tj-4452332584,Торговый представитель,Somon.tj,failed|wp_post_failed,2026-08-14T16:51:32.271619,
ce45fc193044bbfe,https://tj.linkedin.com/jobs/view/%D1%88%D0%BB%D0%BE%D1%81%D0%B5%D1%80-%D0%B7%D0%B0%D0%B2%D0%B0%D1%80%D1%87%D0%B8%D0%BA-at-%D0%B8%D0%BD%D0%B6%D0%B5%D0%BD%D0%B5%D1%80-%D0%B1%D0%B3-%D0%BE%D0%BE%D0%B4-engineer-bg-ltd-4449875719,Шлосер-заварчик,,scraped,2026-08-14T16:51:34.884013,
996154c863ceaa89,https://tj.linkedin.com/jobs/view/%D0%BF%D0%BE%D0%BC%D0%BE%D1%89%D0%BD%D0%B8%D0%BA-%D0%B2-%D1%86%D0%B5%D1%85-%D0%BF%D0%BE-%D0%BF%D1%80%D0%BE%D0%B8%D0%B7%D0%B2%D0%BE%D0%B4%D1%81%D1%82%D0%B2%D1%83-%D0%BF%D0%BB%D0%B0%D1%81%D1%82%D0%B8%D0%BA%D0%BE%D0%B2%D1%8B%D1%85-%D0%BE%D0%BA%D0%BE%D0%BD-%D0%B8-%D0%B4%D0%B2%D0%B5%D1%80%D0%B5%D0%B9-at-somon-tj-4451227991,Помощник в цех по производству пластиковых окон и дверей,Somon.tj,failed|wp_post_failed,2026-08-14T16:51:58.134831,
fc7382d873a666dd,https://tj.linkedin.com/jobs/view/%D0%B2%D0%BE%D0%B4%D1%96%D0%B9-%D0%BA%D0%B0-%D0%B0%D0%B2%D1%82%D0%BE%D0%B2%D0%BE%D0%B7%D0%B0-%D0%BA%D0%B0%D1%82-%D1%81%D0%B5-at-reskilling-ukraine-4450872242,Водій/ка автовоза кат. СЕ,Reskilling Ukraine,posted,2026-08-14T16:52:23.707102,542
7d80f2b70aded890,https://tj.linkedin.com/jobs/view/%D0%BF%D0%B5%D0%BA%D0%B0%D1%80-at-%D0%B1%D0%BB%D0%B8%D0%B7%D0%B5%D0%BD%D1%8C%D0%BA%D0%BE-4454590008,Пекар,Близенько,failed|wp_post_failed,2026-08-14T20:26:05.283408,
8aac8665e866b876,https://tj.linkedin.com/jobs/view/%D0%BC%D0%B5%D0%BD%D0%B5%D0%B4%D0%B6%D0%B5%D1%80-%D0%BF%D1%80%D0%BE%D0%B5%D0%BA%D1%82%D0%BE%D0%B2-%D1%81%D0%BE-%D0%B7%D0%BD%D0%B0%D0%BD%D0%B8%D0%B5%D0%BC-%D0%B0%D0%BD%D0%B3%D0%BB%D0%B8%D0%B9%D1%81%D0%BA%D0%BE%D0%B3%D0%BE-%D1%8F%D0%B7%D1%8B%D0%BA%D0%B0-at-%D0%B5%D1%82s-european-trade-systems-4453713609,Менеджер проектов (со знанием английского языка),,scraped,2026-08-14T20:26:15.853664,
1814d059389acbb8,https://tj.linkedin.com/jobs/view/%D0%B2%D0%B8%D0%B4%D0%B5%D0%BE%D0%B3%D1%80%D0%B0%D1%84-at-somon-tj-4451250081,Видеограф,Somon.tj,failed|wp_post_failed,2026-08-14T20:27:04.434584,
76900035d4da8424,https://tj.linkedin.com/jobs/view/%D0%BF%D1%80%D0%BE%D0%B4%D0%B0%D0%B2%D0%B5%D1%86%D1%8C-%D0%BA%D0%BE%D0%BD%D1%81%D1%83%D0%BB%D1%8C%D1%82%D0%B0%D0%BD%D1%82-at-%D0%B1%D0%BB%D0%B8%D0%B7%D0%B5%D0%BD%D1%8C%D0%BA%D0%BE-4454574932,Продавець-консультант,Близенько,posted,2026-08-14T20:27:57.352558,544
32e369aee4bc85db,https://tj.linkedin.com/jobs/view/instructional-designer-contract-remote-at-infuse-4454807619,"Instructional Designer (Contract, Remote)",INFUSE,posted,2026-08-15T00:55:30.589328,546
35c3cf2fb7c59d43,https://tj.linkedin.com/jobs/view/%D0%BC%D0%B5%D0%BD%D0%B5%D0%B4%D0%B6%D0%B5%D1%80-%D0%BF%D0%BE-%D0%BF%D1%80%D0%BE%D0%B4%D0%B0%D0%B6%D0%B0%D0%BC-%D0%BE%D1%81%D0%B2%D0%B5%D1%82%D0%B8%D1%82%D0%B5%D0%BB%D1%8C%D0%BD%D0%BE%D0%B5-%D0%BE%D0%B1%D0%BE%D1%80%D1%83%D0%B4%D0%BE%D0%B2%D0%B0%D0%BD%D0%B8%D0%B5-at-%D0%B5%D1%82s-european-trade-systems-4453732449,Менеджер по продажам (осветительное оборудование),,scraped,2026-08-15T00:55:47.273597,
8268978ed029fe6d,https://tj.linkedin.com/jobs/view/%D0%BA%D1%80%D0%B5%D0%B4%D0%B8%D1%82%D0%BD%D1%8B%D0%B9-%D1%8D%D0%BA%D1%81%D0%BF%D0%B5%D1%80%D1%82-at-dushanbe-city-4454851255,Кредитный эксперт,,scraped,2026-08-15T02:48:39.878274,
6ecd8a24d28bdcae,https://tj.linkedin.com/jobs/view/%D0%B3%D1%80%D0%B0%D1%84%D0%B8%D1%87%D0%B5%D1%81%D0%BA%D0%B8%D0%B9-%D0%B4%D0%B8%D0%B7%D0%B0%D0%B9%D0%BD%D0%B5%D1%80-at-dushanbe-city-4454829724,Графический дизайнер,,scraped,2026-08-15T02:49:58.917429,
0e3f92ed82d42729,https://tj.linkedin.com/jobs/view/%D0%BE%D0%BF%D0%B5%D1%80%D0%B0%D1%82%D0%BE%D1%80-%D0%BA%D0%B0-%D1%87%D0%BF%D0%BA-at-reskilling-ukraine-4451705359,Оператор/ка ЧПК,Reskilling Ukraine,posted,2026-08-15T04:24:53.122916,548
c2dbbc7e2f9a9efc,https://tj.linkedin.com/jobs/view/%D0%B0%D0%B4%D0%BC%D0%B8%D0%BD%D0%B8%D1%81%D1%82%D1%80%D0%B0%D1%82%D0%BE%D1%80-at-somon-tj-4451260046,Администратор,Somon.tj,failed|wp_post_failed,2026-08-15T04:25:27.267074,
dc91b33245c962b3,https://tj.linkedin.com/jobs/view/%D0%BC%D0%B5%D0%BD%D0%B5%D0%B4%D0%B6%D0%B5%D1%80-%D0%BF%D0%BE-%D0%BF%D1%80%D0%BE%D0%B4%D0%B0%D0%B6%D0%B0%D0%BC-at-somon-tj-4451700323,Менеджер по продажам,Somon.tj,failed|wp_post_failed,2026-08-15T04:26:07.364923,
2b6d96ed6465a3cc,https://tj.linkedin.com/jobs/view/%D0%BF%D1%80%D0%BE%D0%B4%D0%B0%D0%B2%D0%B5%D1%86%D1%8C-%D0%BA%D0%BE%D0%BD%D1%81%D1%83%D0%BB%D1%8C%D1%82%D0%B0%D0%BD%D1%82-at-%D0%B1%D0%BB%D0%B8%D0%B7%D0%B5%D0%BD%D1%8C%D0%BA%D0%BE-4454567960,Продавець-консультант,Близенько,posted,2026-08-15T04:26:19.812901,550
0e6dff89dc953ccc,https://tj.linkedin.com/jobs/view/%D0%BF%D1%80%D0%BE%D0%B4%D0%B0%D0%B2%D0%B5%D1%86%D1%8C-%D0%BA%D0%BE%D0%BD%D1%81%D1%83%D0%BB%D1%8C%D1%82%D0%B0%D0%BD%D1%82-at-%D0%B1%D0%BB%D0%B8%D0%B7%D0%B5%D0%BD%D1%8C%D0%BA%D0%BE-4454575825,Продавець-консультант,Близенько,scraped,2026-08-15T04:26:27.905087,
434098fb25b60983,https://tj.linkedin.com/jobs/view/%D0%BF%D1%80%D0%BE%D0%B4%D0%B0%D0%B2%D0%B5%D1%86%D1%8C-%D0%BA%D0%BE%D0%BD%D1%81%D1%83%D0%BB%D1%8C%D1%82%D0%B0%D0%BD%D1%82-at-%D0%B1%D0%BB%D0%B8%D0%B7%D0%B5%D0%BD%D1%8C%D0%BA%D0%BE-4454367710,Продавець-консультант,Близенько,scraped,2026-08-15T04:26:31.934123,
e06a23acf9717c99,https://tj.linkedin.com/jobs/view/%D0%BF%D1%80%D0%BE%D0%B4%D0%B0%D0%B2%D0%B5%D1%86%D1%8C-%D0%BA%D0%BE%D0%BD%D1%81%D1%83%D0%BB%D1%8C%D1%82%D0%B0%D0%BD%D1%82-at-%D0%B1%D0%BB%D0%B8%D0%B7%D0%B5%D0%BD%D1%8C%D0%BA%D0%BE-4454086809,Продавець-консультант,Близенько,scraped,2026-08-15T04:26:36.023244,
7e0acf6791943bb3,https://tj.linkedin.com/jobs/view/%D0%B3%D0%BB%D0%B0%D0%B2%D0%BD%D1%8B%D0%B9-%D0%B1%D1%83%D1%85%D0%B3%D0%B0%D0%BB%D1%82%D0%B5%D1%80-at-somon-tj-4451261033,Главный бухгалтер,Somon.tj,failed|wp_post_failed,2026-08-15T04:26:53.947679,
e532f43d727928e3,https://tj.linkedin.com/jobs/view/%D1%83%D1%81%D1%82%D0%B0%D0%BD%D0%BE%D0%B2%D1%89%D0%B8%D0%BA-%D0%BC%D0%B5%D0%B1%D0%B5%D0%BB%D0%B8-%D1%83%D1%81%D1%82%D0%BE%D0%B8-%D0%BC%D0%B5%D0%B1%D0%B5%D0%BB-at-somon-tj-4451258067,Установщик мебели / Устои мебел,Somon.tj,posted,2026-08-15T06:29:04.450209,552
ea72fedb8a9c72db,https://tj.linkedin.com/jobs/view/%D0%BC%D0%B5%D0%BD%D0%B5%D0%B4%D0%B6%D0%B5%D1%80-%D0%BF%D0%BE-%D0%BE%D1%84%D0%BE%D1%80%D0%BC%D0%BB%D0%B5%D0%BD%D0%B8%D1%8E-%D0%B2%D0%B8%D0%B7-at-somon-tj-4450819309,Менеджер по оформлению виз,Somon.tj,failed|wp_post_failed,2026-08-15T06:29:08.630125,
40e87b936797e176,https://tj.linkedin.com/jobs/view/%D0%B1%D0%B0%D1%80%D0%B8%D1%81%D1%82%D0%B0-at-somon-tj-4451701309,Бариста,Somon.tj,failed|wp_post_failed,2026-08-15T06:29:12.817980,
5beebc2987b8bd0f,https://tj.linkedin.com/jobs/view/%D0%B2%D0%BE%D0%B4%D1%96%D0%B9-%D0%BA%D0%B0-%D0%B2%D0%B0%D0%BD%D1%82%D0%B0%D0%B6%D1%96%D0%B2%D0%BA%D0%B8-%D0%B2%D0%B0%D0%BD%D1%82%D0%B0%D0%B6%D0%BD%D0%BE%D0%B3%D0%BE-%D1%84%D1%83%D1%80%D0%B3%D0%BE%D0%BD%D1%83-%D0%BA%D0%B0%D1%82-%D1%81-at-reskilling-ukraine-4451298378,Водій/ка вантажівки (вантажного фургону) кат. С,Reskilling Ukraine,posted,2026-08-15T06:29:31.408554,554
ea7d77a10fbb7fe8,https://tj.linkedin.com/jobs/view/%D0%B2%D0%BE%D0%B4%D1%96%D0%B9-%D0%BA%D0%B0-%D0%B2%D0%B0%D0%BD%D1%82%D0%B0%D0%B6%D1%96%D0%B2%D0%BA%D0%B8-%D0%B2%D0%B0%D0%BD%D1%82%D0%B0%D0%B6%D0%BD%D0%BE%D0%B3%D0%BE-%D1%84%D1%83%D1%80%D0%B3%D0%BE%D0%BD%D1%83-%D0%BA%D0%B0%D1%82-%D1%81-at-reskilling-ukraine-4450819347,Водій/ка вантажівки (вантажного фургону) кат. С,Reskilling Ukraine,scraped,2026-08-15T06:29:35.351259,
c642a298dc38cd4f,https://tj.linkedin.com/jobs/view/%D0%BF%D1%80%D0%B8%D0%B1%D0%B8%D1%80%D0%B0%D0%BB%D1%8C%D0%BD%D0%B8%D0%BA-%D1%81%D0%BB%D1%83%D0%B6%D0%B1%D0%BE%D0%B2%D0%B8%D1%85-%D0%BF%D1%80%D0%B8%D0%BC%D1%96%D1%89%D0%B5%D0%BD%D1%8C-at-%D0%B1%D0%BB%D0%B8%D0%B7%D0%B5%D0%BD%D1%8C%D0%BA%D0%BE-4454095151,Прибиральник службових приміщень,Близенько,failed|wp_post_failed,2026-08-15T06:29:39.426393,
d303f30e8bb004ee,https://tj.linkedin.com/jobs/view/hr-%D1%81%D0%BF%D0%B5%D1%86%D0%B8%D0%B0%D0%BB%D0%B8%D1%81%D1%82-%D0%BE%D1%82%D0%B4%D0%B5%D0%BB%D0%B0-%D0%BA%D0%B0%D0%B4%D1%80%D0%BE%D0%B2-at-somon-tj-4451257062,HR - специалист отдела кадров,Somon.tj,posted,2026-08-15T06:29:44.104742,488
1b4d38d643e42b6d,https://tj.linkedin.com/jobs/view/%D0%BC%D0%B0%D1%88%D0%B8%D0%BD%D0%B5%D0%BD-%D0%BD%D0%B0%D1%81%D1%82%D1%80%D0%BE%D0%B9%D1%87%D0%B8%D0%BA-%D0%BF%D1%80%D0%BE%D0%B8%D0%B7%D0%B2%D0%BE%D0%B4%D1%81%D1%82%D0%B2%D0%BE-at-%D0%B8%D0%BD%D0%B6%D0%B5%D0%BD%D0%B5%D1%80-%D0%B1%D0%B3-%D0%BE%D0%BE%D0%B4-engineer-bg-ltd-4450105236,Машинен настройчик - производство,,scraped,2026-08-15T06:29:46.668295,
27d97888a5b1b9ea,https://tj.linkedin.com/jobs/view/%D0%BC%D0%B0%D1%88%D0%B8%D0%BD%D0%B8%D1%81%D1%82-%D0%B5%D0%B4%D0%BD%D0%BE%D0%BA%D0%BE%D1%84%D0%BE%D0%B2-%D0%B1%D0%B0%D0%B3%D0%B5%D1%80-at-%D0%B8%D0%BD%D0%B6%D0%B5%D0%BD%D0%B5%D1%80-%D0%B1%D0%B3-%D0%BE%D0%BE%D0%B4-engineer-bg-ltd-4451208133,Машинист еднокофов багер,,scraped,2026-08-15T06:30:06.212096,
25e2fc47174da15b,https://tj.linkedin.com/jobs/view/%D0%B0%D0%B2%D1%82%D0%BE%D0%BC%D0%B5%D1%85%D0%B0%D0%BD%D1%96%D0%BA-%D0%B8%D0%BD%D1%8F-at-reskilling-ukraine-4451705365,Автомеханік/иня,Reskilling Ukraine,posted,2026-08-15T06:30:22.272121,556
5eae355073ada3e8,https://tj.linkedin.com/jobs/view/%D0%B0%D0%B2%D1%82%D0%BE%D0%BC%D0%B5%D1%85%D0%B0%D0%BD%D1%96%D0%BA-%D0%B8%D0%BD%D1%8F-at-reskilling-ukraine-4451297420,Автомеханік/иня,Reskilling Ukraine,scraped,2026-08-15T06:30:26.225731,
d84f4e1b6bbb2e52,https://tj.linkedin.com/jobs/view/mid-level-instructional-designer-contract-remote-at-infuse-4454800032,"Mid-Level Instructional Designer (Contract, Remote)",INFUSE,posted,2026-08-15T06:30:41.182048,558
0a3c6566d8a812f6,https://tj.linkedin.com/jobs/view/b2b-content-writer-remote-contract-at-infuse-4454811936,"B2B Content Writer (Remote, Contract)",INFUSE,posted,2026-08-15T06:30:54.387009,560
24d8f78139b3c3bd,https://tj.linkedin.com/jobs/view/%D1%81%D0%BA%D0%BB%D0%B0%D0%B4%D0%B0%D0%B4%D0%B6%D0%B8%D1%8F-%D1%81%D0%BF%D0%B5%D1%86%D0%B8%D0%B0%D0%BB%D0%B8%D1%81%D1%82-%D1%81%D0%BA%D0%BB%D0%B0%D0%B4-%D0%B8-%D1%81%D0%BD%D0%B0%D0%B1%D0%B4%D1%8F%D0%B2%D0%B0%D0%BD%D0%B5-at-%D0%B8%D0%BD%D0%B6%D0%B5%D0%BD%D0%B5%D1%80-%D0%B1%D0%B3-%D0%BE%D0%BE%D0%B4-engineer-bg-ltd-4449877221,Склададжия / специалист склад и снабдяване,,scraped,2026-08-15T06:30:56.909655,
76d234123dcb4dfb,https://tj.linkedin.com/jobs/view/%D0%B5%D0%BB%D0%B5%D0%BA%D1%82%D1%80%D0%BE%D0%BC%D0%BE%D0%BD%D1%82%D0%B0%D0%B6%D0%BD%D0%B8%D0%BA-%D0%B5%D0%BB%D0%B5%D0%BA%D1%82%D1%80%D0%BE%D0%BC%D0%BE%D0%BD%D1%82%D1%8C%D0%BE%D1%80-at-%D0%B8%D0%BD%D0%B6%D0%B5%D0%BD%D0%B5%D1%80-%D0%B1%D0%B3-%D0%BE%D0%BE%D0%B4-engineer-bg-ltd-4451206120,Електромонтажник / Електромонтьор,,scraped,2026-08-15T06:31:16.593769,
9f83b9f36afcb84e,https://tj.linkedin.com/jobs/view/%D0%B7%D0%B2%D0%B0%D1%80%D1%8E%D0%B2%D0%B0%D0%BB%D1%8C%D0%BD%D0%B8%D0%BA-%D1%86%D1%8F-at-reskilling-ukraine-4451704361,Зварювальник/ця,Reskilling Ukraine,posted,2026-08-15T08:21:48.871583,562
89144ffdb865cf6f,https://tj.linkedin.com/jobs/view/%D0%BF%D1%80%D0%BE%D0%B4%D0%B0%D0%B2%D0%B5%D1%86%D1%8C-%D0%BA%D0%BE%D0%BD%D1%81%D1%83%D0%BB%D1%8C%D1%82%D0%B0%D0%BD%D1%82-at-%D0%B1%D0%BB%D0%B8%D0%B7%D0%B5%D0%BD%D1%8C%D0%BA%D0%BE-4454867852,Продавець-консультант,Близенько,posted,2026-08-15T08:22:49.076750,564
0254f9bd5305d3a9,https://tj.linkedin.com/jobs/view/registered-nurse-at-dushanbe-international-hospital-4451292631,Registered Nurse,Dushanbe International Hospital,posted,2026-08-15T10:17:52.769238,566
8441bc02ae195340,https://tj.linkedin.com/jobs/view/%D0%BC%D0%B5%D0%BD%D0%B5%D0%B4%D0%B6%D0%B5%D1%80-%D0%BF%D0%BE-%D0%BF%D1%80%D0%BE%D0%B4%D0%B0%D0%B6%D0%B0%D0%BC-%D0%BE%D1%81%D0%B2%D0%B5%D1%82%D0%B8%D1%82%D0%B5%D0%BB%D1%8C%D0%BD%D0%BE%D0%B5-%D0%BE%D0%B1%D0%BE%D1%80%D1%83%D0%B4%D0%BE%D0%B2%D0%B0%D0%BD%D0%B8%D0%B5-at-%D0%B5%D1%82s-european-trade-systems-4453796911,Менеджер по продажам (осветительное оборудование),,scraped,2026-08-15T10:17:59.243205,
b130b1d2cb026a95,https://tj.linkedin.com/jobs/view/%D0%BC%D0%B5%D0%BD%D0%B5%D2%B7%D0%B5%D1%80%D0%B8-%D1%84%D1%83%D1%80%D1%83%D1%88-%D0%B4%D0%B0%D1%80-%D1%81%D1%82%D0%BE%D0%BC%D0%B0%D1%82%D0%BE%D0%BB%D0%BE%D0%B3%D0%B8%D1%8F-at-somon-tj-4451262025,Менеҷери фуруш дар стоматология,Somon.tj,failed|wp_post_failed,2026-08-15T10:18:27.439756,
1d550854abd881ba,https://tj.linkedin.com/jobs/view/territory-manager-at-avidity-careers-4451265015,Territory Manager,Avidity Careers,posted,2026-08-15T16:17:59.723570,568
8a4ced8f3461f660,https://tj.linkedin.com/jobs/view/business-development-strategic-partnerships-manager-at-invest-globally-4453728714,Business Development & Strategic Partnerships Manager,Invest Globally,posted,2026-08-15T16:18:08.465630,570
d268df08c10dce98,https://tj.linkedin.com/jobs/view/team-lead-learning-and-development-contract-remote-at-infuse-4454813156,"Team Lead, Learning and Development (Contract, Remote)",INFUSE,posted,2026-08-15T16:18:23.817164,572
542ab8bbb7ecb8a7,https://tj.linkedin.com/jobs/view/smm-%D1%81%D0%BF%D0%B5%D1%86%D0%B8%D0%B0%D0%BB%D0%B8%D1%81%D1%82-at-somon-tj-4453291888,SMM-специалист,Somon.tj,posted,2026-08-15T16:18:46.911151,540
ba9d2c448dc00b51,https://tj.linkedin.com/jobs/view/%D1%83%D0%B1%D0%BE%D1%80%D1%89%D0%B8%D1%86%D0%B0-at-somon-tj-4451726427,Уборщица,Somon.tj,failed|wp_post_failed,2026-08-15T18:20:50.348083,
2919749517378454,https://tj.linkedin.com/jobs/view/%D0%BC%D0%B0%D1%81%D1%82%D0%B5%D1%80-%D1%81%D0%BE%D0%BB%D0%BD%D0%B5%D1%87%D0%BD%D0%BE%D0%B3%D0%BE-%D0%BF%D0%B0%D0%BD%D0%B5%D0%BB%D1%8F-at-somon-tj-4451746453,Мастер солнечного панеля,Somon.tj,failed|wp_post_failed,2026-08-15T18:21:10.434811,
29b0f8c8a8d1f7bb,https://tj.linkedin.com/jobs/view/%D0%BF%D0%BE%D0%BC%D0%BE%D1%89%D0%BD%D0%B8%D0%BA-%D0%BC%D0%B0%D1%81%D1%82%D0%B5%D1%80%D0%B0-%D0%BC%D0%B5%D0%B1%D0%B5%D0%BB%D0%B8-at-somon-tj-4451742477,Помощник мастера мебели,Somon.tj,failed|wp_post_failed,2026-08-15T18:21:26.560775,
7ffa2dc31c1fb17f,https://tj.linkedin.com/jobs/view/%D1%81%D0%BC%D0%BC-%D1%81%D0%BF%D0%B5%D1%86%D0%B8%D0%B0%D0%BB%D0%B8%D1%81%D1%82-at-somon-tj-4451735494,СММ специалист,Somon.tj,failed|wp_post_failed,2026-08-15T18:21:42.792342,
f0a0e5a0c2a39a74,https://tj.linkedin.com/jobs/view/%D0%BF%D0%BE%D0%B2%D0%B0%D1%80-at-somon-tj-4451739490,Повар,Somon.tj,failed|wp_post_failed,2026-08-15T20:17:22.969865,
2162c9d7866d38dd,https://tj.linkedin.com/jobs/view/%D0%BC%D0%B5%D0%BD%D0%B5%D0%B4%D0%B6%D0%B5%D1%80-%D1%81%D0%BE%D0%B1%D1%81%D1%82%D0%B2%D0%B5%D0%BD%D0%BD%D0%BE%D0%B3%D0%BE-%D0%BF%D1%80%D0%BE%D0%B8%D0%B7%D0%B2%D0%BE%D0%B4%D1%81%D1%82%D0%B2%D0%B0-at-somon-tj-4451729454,Менеджер собственного производства,Somon.tj,failed|wp_post_failed,2026-08-15T20:17:29.218006,
91118cea558abee2,https://tj.linkedin.com/jobs/view/%D0%BC%D0%B5%D0%BD%D0%B5%D0%B4%D0%B6%D0%B5%D1%80-%D0%BF%D0%BE-%D0%BF%D1%80%D0%BE%D0%B4%D0%B0%D0%B6%D0%B0%D0%BC-%D0%BE%D1%81%D0%B2%D0%B5%D1%82%D0%B8%D1%82%D0%B5%D0%BB%D1%8C%D0%BD%D0%BE%D0%B5-%D0%BE%D0%B1%D0%BE%D1%80%D1%83%D0%B4%D0%BE%D0%B2%D0%B0%D0%BD%D0%B8%D0%B5-at-%D0%B5%D1%82s-european-trade-systems-4453953276,Менеджер по продажам (осветительное оборудование),,scraped,2026-08-15T22:16:28.570200,
306927764df7c227,https://tj.linkedin.com/jobs/view/%D1%81%D0%B2%D0%B0%D1%80%D1%89%D0%B8%D0%BA-at-somon-tj-4451734474,Сварщик,Somon.tj,failed|wp_post_failed,2026-08-15T22:17:30.870639,
4b7e135b98a93e09,https://tj.linkedin.com/jobs/view/%D1%81%D0%BF%D0%B5%D1%86%D0%B8%D0%B0%D0%BB%D0%B8%D1%81%D1%82-%D0%BF%D0%BE-%D0%BA%D0%BE%D0%BD%D1%82%D1%80%D0%BE%D0%BB%D1%8E-%D0%BA%D0%B0%D1%87%D0%B5%D1%81%D1%82%D0%B2%D0%B0-quality-officer-at-somon-tj-4451250084,Специалист по контролю качества - Quality Officer,Somon.tj,posted,2026-08-16T02:56:21.238306,574
9299fc691b42c330,https://tj.linkedin.com/jobs/view/%D0%BE%D0%BF%D0%B5%D1%80%D0%B0%D1%82%D0%BE%D1%80-%D0%BA%D0%B0-%D1%87%D0%BF%D0%BA-at-reskilling-ukraine-4451759569,Оператор/ка ЧПК,Reskilling Ukraine,posted,2026-08-16T04:30:24.583200,576
82fa99e262071e8e,https://tj.linkedin.com/jobs/view/%D0%BC%D0%B5%D0%BD%D0%B5%D0%B4%D0%B6%D0%B5%D1%80-%D0%BF%D0%BE-%D0%BF%D1%80%D0%BE%D0%B4%D0%B0%D0%B6%D0%B0%D0%BC-%D0%BE%D1%81%D0%B2%D0%B5%D1%82%D0%B8%D1%82%D0%B5%D0%BB%D1%8C%D0%BD%D0%BE%D0%B5-%D0%BE%D0%B1%D0%BE%D1%80%D1%83%D0%B4%D0%BE%D0%B2%D0%B0%D0%BD%D0%B8%D0%B5-at-%D0%B5%D1%82s-european-trade-systems-4453962681,Менеджер по продажам (осветительное оборудование),,scraped,2026-08-16T08:22:05.586690,
2fe6b11153bf8f61,https://tj.linkedin.com/jobs/view/%D0%B2%D0%BE%D0%B4%D1%96%D0%B9-%D0%BA%D0%B0-%D0%B2%D0%B0%D0%BD%D1%82%D0%B0%D0%B6%D1%96%D0%B2%D0%BA%D0%B8-%D0%B2%D0%B0%D0%BD%D1%82%D0%B0%D0%B6%D0%BD%D0%BE%D0%B3%D0%BE-%D1%84%D1%83%D1%80%D0%B3%D0%BE%D0%BD%D1%83-%D0%BA%D0%B0%D1%82-%D1%81-at-reskilling-ukraine-4451764499,Водій/ка вантажівки (вантажного фургону) кат. С,Reskilling Ukraine,posted,2026-08-16T08:22:57.102528,578
91aeedfb93d774d8,https://tj.linkedin.com/jobs/view/%D0%B2%D0%BE%D0%B4%D1%96%D0%B9-%D0%BA%D0%B0-%D0%B0%D0%B2%D1%82%D0%BE%D1%82%D1%80%D0%B0%D0%BD%D1%81%D0%BF%D0%BE%D1%80%D1%82%D0%BD%D0%B8%D1%85-%D0%B7%D0%B0%D1%81%D0%BE%D0%B1%D1%96%D0%B2-%D0%BA%D0%B0%D1%82-b-at-reskilling-ukraine-4451765521,Водій/ка автотранспортних засобів (кат. B),Reskilling Ukraine,posted,2026-08-16T10:18:16.718913,239
aa80f5e9c430d2ca,https://tj.linkedin.com/jobs/view/%D0%B2%D0%BE%D0%B4%D1%96%D0%B9-%D0%BA%D0%B0-%D0%B2%D0%B8%D0%BB%D0%BA%D0%BE%D0%B2%D0%BE%D0%B3%D0%BE-%D1%81%D0%BA%D0%BB%D0%B0%D0%B4%D1%81%D1%8C%D0%BA%D0%BE%D0%B3%D0%BE-%D0%BD%D0%B0%D0%B2%D0%B0%D0%BD%D1%82%D0%B0%D0%B6%D1%83%D0%B2%D0%B0%D1%87%D0%B0-at-reskilling-ukraine-4451774464,Водій/ка вилкового (складського) навантажувача,Reskilling Ukraine,posted,2026-08-16T12:28:50.191949,580
02a2c29a2c893f66,https://tj.linkedin.com/jobs/view/%D0%BF%D0%B5%D0%BA%D0%B0%D1%80-at-%D0%B1%D0%BB%D0%B8%D0%B7%D0%B5%D0%BD%D1%8C%D0%BA%D0%BE-4455210119,Пекар,Близенько,failed|wp_post_failed,2026-08-16T20:16:00.973874,
0ce5137aa88c2e77,https://tj.linkedin.com/jobs/view/%D0%B0%D0%B4%D0%BC%D1%96%D0%BD%D1%96%D1%81%D1%82%D1%80%D0%B0%D1%82%D0%BE%D1%80-at-%D0%B1%D0%BB%D0%B8%D0%B7%D0%B5%D0%BD%D1%8C%D0%BA%D0%BE-4455211083,Адміністратор,Близенько,failed|wp_post_failed,2026-08-16T20:16:06.965495,
d594e0b4641ee59b,https://tj.linkedin.com/jobs/view/%D0%BF%D1%80%D0%B8%D0%B1%D0%B8%D1%80%D0%B0%D0%BB%D1%8C%D0%BD%D0%B8%D0%BA-%D1%81%D0%BB%D1%83%D0%B6%D0%B1%D0%BE%D0%B2%D0%B8%D1%85-%D0%BF%D1%80%D0%B8%D0%BC%D1%96%D1%89%D0%B5%D0%BD%D1%8C-at-%D0%B1%D0%BB%D0%B8%D0%B7%D0%B5%D0%BD%D1%8C%D0%BA%D0%BE-4455213145,Прибиральник службових приміщень,Близенько,failed|wp_post_failed,2026-08-16T20:16:16.976688,
ea6331dfc72006db,https://tj.linkedin.com/jobs/view/%D0%BF%D1%80%D0%BE%D0%B4%D0%B0%D0%B2%D0%B5%D1%86%D1%8C-%D0%BA%D0%BE%D0%BD%D1%81%D1%83%D0%BB%D1%8C%D1%82%D0%B0%D0%BD%D1%82-at-%D0%B1%D0%BB%D0%B8%D0%B7%D0%B5%D0%BD%D1%8C%D0%BA%D0%BE-4455229057,Продавець-консультант,Близенько,posted,2026-08-16T20:16:29.372731,582
5402c80045326c55,https://tj.linkedin.com/jobs/view/%D0%B0%D0%B4%D0%BC%D1%96%D0%BD%D1%96%D1%81%D1%82%D1%80%D0%B0%D1%82%D0%BE%D1%80-at-%D0%B1%D0%BB%D0%B8%D0%B7%D0%B5%D0%BD%D1%8C%D0%BA%D0%BE-4455206063,Адміністратор,Близенько,scraped,2026-08-16T20:16:45.384626,
c672425d6814e353,https://tj.linkedin.com/jobs/view/%D0%BF%D1%80%D0%BE%D0%B4%D0%B0%D0%B2%D0%B5%D1%86%D1%8C-%D0%BA%D0%BE%D0%BD%D1%81%D1%83%D0%BB%D1%8C%D1%82%D0%B0%D0%BD%D1%82-at-%D0%B1%D0%BB%D0%B8%D0%B7%D0%B5%D0%BD%D1%8C%D0%BA%D0%BE-4455228073,Продавець-консультант,Близенько,scraped,2026-08-16T20:16:49.460079,
1a07665eaa5e7433,https://tj.linkedin.com/jobs/view/%D0%BF%D1%80%D0%BE%D0%B4%D0%B0%D0%B2%D0%B5%D1%86%D1%8C-%D0%BA%D0%BE%D0%BD%D1%81%D1%83%D0%BB%D1%8C%D1%82%D0%B0%D0%BD%D1%82-at-%D0%B1%D0%BB%D0%B8%D0%B7%D0%B5%D0%BD%D1%8C%D0%BA%D0%BE-4455225028,Продавець-консультант,Близенько,scraped,2026-08-16T20:16:55.528683,
e6b9a292cec7b9fe,https://tj.linkedin.com/jobs/view/%D0%BF%D1%80%D0%BE%D0%B4%D0%B0%D0%B2%D0%B5%D1%86%D1%8C-%D0%BA%D0%BE%D0%BD%D1%81%D1%83%D0%BB%D1%8C%D1%82%D0%B0%D0%BD%D1%82-at-%D0%B1%D0%BB%D0%B8%D0%B7%D0%B5%D0%BD%D1%8C%D0%BA%D0%BE-4455208083,Продавець-консультант,Близенько,scraped,2026-08-16T20:16:59.548185,
38dfa75bccbcdf4d,https://tj.linkedin.com/jobs/view/%D0%BF%D1%80%D0%BE%D0%B4%D0%B0%D0%B2%D0%B5%D1%86%D1%8C-%D0%BA%D0%BE%D0%BD%D1%81%D1%83%D0%BB%D1%8C%D1%82%D0%B0%D0%BD%D1%82-at-%D0%B1%D0%BB%D0%B8%D0%B7%D0%B5%D0%BD%D1%8C%D0%BA%D0%BE-4455228040,Продавець-консультант,Близенько,scraped,2026-08-16T20:17:05.553198,
a4115a634a7cb41c,https://tj.linkedin.com/jobs/view/%D0%BF%D1%80%D0%BE%D0%B4%D0%B0%D0%B2%D0%B5%D1%86%D1%8C-%D0%BA%D0%BE%D0%BD%D1%81%D1%83%D0%BB%D1%8C%D1%82%D0%B0%D0%BD%D1%82-at-%D0%B1%D0%BB%D0%B8%D0%B7%D0%B5%D0%BD%D1%8C%D0%BA%D0%BE-4455211086,Продавець-консультант,Близенько,scraped,2026-08-16T20:17:09.541451,
dd5173a05348fc3b,https://tj.linkedin.com/jobs/view/%D0%BF%D1%80%D0%B8%D0%B1%D0%B8%D1%80%D0%B0%D0%BB%D1%8C%D0%BD%D0%B8%D0%BA-%D1%81%D0%BB%D1%83%D0%B6%D0%B1%D0%BE%D0%B2%D0%B8%D1%85-%D0%BF%D1%80%D0%B8%D0%BC%D1%96%D1%89%D0%B5%D0%BD%D1%8C-at-%D0%B1%D0%BB%D0%B8%D0%B7%D0%B5%D0%BD%D1%8C%D0%BA%D0%BE-4455212139,Прибиральник службових приміщень,Близенько,failed|wp_post_failed,2026-08-16T22:15:43.739374,
a712fa7162618cb4,https://tj.linkedin.com/jobs/view/%D0%BF%D1%80%D0%B8%D0%B1%D0%B8%D1%80%D0%B0%D0%BB%D1%8C%D0%BD%D0%B8%D0%BA-%D1%81%D0%BB%D1%83%D0%B6%D0%B1%D0%BE%D0%B2%D0%B8%D1%85-%D0%BF%D1%80%D0%B8%D0%BC%D1%96%D1%89%D0%B5%D0%BD%D1%8C-at-%D0%B1%D0%BB%D0%B8%D0%B7%D0%B5%D0%BD%D1%8C%D0%BA%D0%BE-4455215110,Прибиральник службових приміщень,Близенько,scraped,2026-08-16T22:15:47.655970,
c9265d633ad412ba,https://tj.linkedin.com/jobs/view/%D0%BF%D1%80%D0%B8%D0%B1%D0%B8%D1%80%D0%B0%D0%BB%D1%8C%D0%BD%D0%B8%D0%BA-%D1%81%D0%BB%D1%83%D0%B6%D0%B1%D0%BE%D0%B2%D0%B8%D1%85-%D0%BF%D1%80%D0%B8%D0%BC%D1%96%D1%89%D0%B5%D0%BD%D1%8C-at-%D0%B1%D0%BB%D0%B8%D0%B7%D0%B5%D0%BD%D1%8C%D0%BA%D0%BE-4455216064,Прибиральник службових приміщень,Близенько,scraped,2026-08-16T22:15:59.518059,
c0bb123b1a73c19d,https://tj.linkedin.com/jobs/view/%D0%BC%D0%B5%D0%BD%D0%B5%D0%B4%D0%B6%D0%B5%D1%80-%D0%BF%D0%BE-%D0%BF%D1%80%D0%BE%D0%B4%D0%B0%D0%B6%D0%B0%D0%BC-%D0%BE%D1%81%D0%B2%D0%B5%D1%82%D0%B8%D1%82%D0%B5%D0%BB%D1%8C%D0%BD%D0%BE%D0%B5-%D0%BE%D0%B1%D0%BE%D1%80%D1%83%D0%B4%D0%BE%D0%B2%D0%B0%D0%BD%D0%B8%D0%B5-at-%D0%B5%D1%82s-european-trade-systems-4453999417,Менеджер по продажам (осветительное оборудование),,scraped,2026-08-17T00:56:20.703262,
d94336b7577d7a99,https://tj.linkedin.com/jobs/view/%D0%BF%D1%80%D0%BE%D0%B4%D0%B0%D0%B2%D0%B5%D1%86%D1%8C-%D0%BA%D0%BE%D0%BD%D1%81%D1%83%D0%BB%D1%8C%D1%82%D0%B0%D0%BD%D1%82-at-%D0%B1%D0%BB%D0%B8%D0%B7%D0%B5%D0%BD%D1%8C%D0%BA%D0%BE-4455230050,Продавець-консультант,Близенько,posted,2026-08-17T02:57:29.396805,584
6daceabb029b988a,https://tj.linkedin.com/jobs/view/%D1%96%D0%BD%D0%B6%D0%B5%D0%BD%D0%B5%D1%80-%D0%BA%D0%B0-%D0%B7-%D1%80%D0%B5%D0%BC%D0%BE%D0%BD%D1%82%D1%83-%D0%B4%D1%80%D0%BE%D0%BD%D1%96%D0%B2-at-reskilling-ukraine-4452222770,Інженер/ка з ремонту дронів,Reskilling Ukraine,posted,2026-08-17T04:37:04.976756,586
4ddefc160d6e6d9d,https://tj.linkedin.com/jobs/view/%D0%B2%D0%BE%D0%B4%D1%96%D0%B9-%D0%BA%D0%B0-%D0%B2%D0%B8%D0%BB%D0%BA%D0%BE%D0%B2%D0%BE%D0%B3%D0%BE-%D0%BD%D0%B0%D0%B2%D0%B0%D0%BD%D1%82%D0%B0%D0%B6%D1%83%D0%B2%D0%B0%D1%87%D0%B0-at-reskilling-ukraine-4452201928,Водій/ка вилкового навантажувача,Reskilling Ukraine,posted,2026-08-17T04:37:17.002415,588
740352b568818bd7,https://tj.linkedin.com/jobs/view/%D0%BF%D1%80%D0%B8%D0%B1%D0%B8%D1%80%D0%B0%D0%BB%D1%8C%D0%BD%D0%B8%D0%BA-%D1%81%D0%BB%D1%83%D0%B6%D0%B1%D0%BE%D0%B2%D0%B8%D1%85-%D0%BF%D1%80%D0%B8%D0%BC%D1%96%D1%89%D0%B5%D0%BD%D1%8C-at-%D0%B1%D0%BB%D0%B8%D0%B7%D0%B5%D0%BD%D1%8C%D0%BA%D0%BE-4455210112,Прибиральник службових приміщень,Близенько,failed|wp_post_failed,2026-08-17T04:37:27.210107,
b0ca90b034d707ba,https://tj.linkedin.com/jobs/view/%D0%BA%D0%B5%D1%80%D1%83%D1%8E%D1%87%D0%B8%D0%B9-%D0%BC%D0%B0%D0%B3%D0%B0%D0%B7%D0%B8%D0%BD%D1%83-at-%D0%B1%D0%BB%D0%B8%D0%B7%D0%B5%D0%BD%D1%8C%D0%BA%D0%BE-4455209149,Керуючий магазину,Близенько,failed|wp_post_failed,2026-08-17T04:37:31.425731,
37f0a55bcd01abb4,https://tj.linkedin.com/jobs/view/%D0%BA%D0%B5%D1%80%D1%83%D1%8E%D1%87%D0%B8%D0%B9-%D0%BC%D0%B0%D0%B3%D0%B0%D0%B7%D0%B8%D0%BD%D1%83-at-%D0%B1%D0%BB%D0%B8%D0%B7%D0%B5%D0%BD%D1%8C%D0%BA%D0%BE-4455212135,Керуючий магазину,Близенько,scraped,2026-08-17T04:37:41.681858,
f9922a7012ad3d53,https://tj.linkedin.com/jobs/view/%D0%B0%D0%B4%D0%BC%D1%96%D0%BD%D1%96%D1%81%D1%82%D1%80%D0%B0%D1%82%D0%BE%D1%80-at-%D0%B1%D0%BB%D0%B8%D0%B7%D0%B5%D0%BD%D1%8C%D0%BA%D0%BE-4455217072,Адміністратор,Близенько,failed|wp_post_failed,2026-08-17T04:37:59.703042,
e6f8b576a1762f85,https://tj.linkedin.com/jobs/view/%D0%B0%D0%B4%D0%BC%D1%96%D0%BD%D1%96%D1%81%D1%82%D1%80%D0%B0%D1%82%D0%BE%D1%80-at-%D0%B1%D0%BB%D0%B8%D0%B7%D0%B5%D0%BD%D1%8C%D0%BA%D0%BE-4455214099,Адміністратор,Близенько,scraped,2026-08-17T04:38:03.905677,
06bdae60b0711280,https://tj.linkedin.com/jobs/view/%D0%BF%D0%B0%D0%B9%D1%89%D0%B8%D0%BA-%D1%86%D1%8F-%D0%B1%D0%BF%D0%BB%D0%B0-at-reskilling-ukraine-4452201930,Пайщик/ця БпЛА,Reskilling Ukraine,posted,2026-08-17T06:42:11.682823,590
a6b923e8d2c9f60a,https://tj.linkedin.com/jobs/view/junior-internal-auditor-at-gojo-company-inc-4454217920,Junior Internal Auditor,,scraped,2026-08-17T06:42:30.256335,
2303273b402fdfe1,https://tj.linkedin.com/jobs/view/%D0%B2%D0%BE%D0%B4%D1%96%D0%B9-%D0%BA%D0%B0-%D0%B2%D0%B0%D0%BD%D1%82%D0%B0%D0%B6%D0%BD%D0%BE%D0%B3%D0%BE-%D0%B0%D0%B2%D1%82%D0%BE-%D0%BA%D0%B0%D1%82-%D1%81-at-reskilling-ukraine-4451799772,Водій/ка вантажного авто кат. С,Reskilling Ukraine,posted,2026-08-17T06:43:36.905174,592
10f673d911c0438f,https://tj.linkedin.com/jobs/view/%D0%BA%D0%B5%D1%80%D1%83%D1%8E%D1%87%D0%B8%D0%B9-%D0%BC%D0%B0%D0%B3%D0%B0%D0%B7%D0%B8%D0%BD%D1%83-at-%D0%B1%D0%BB%D0%B8%D0%B7%D0%B5%D0%BD%D1%8C%D0%BA%D0%BE-4455221075,Керуючий магазину,Близенько,failed|wp_post_failed,2026-08-17T06:43:43.083449,
1a4964f4c02031e0,https://tj.linkedin.com/jobs/view/%D0%BA%D0%B5%D1%80%D1%83%D1%8E%D1%87%D0%B8%D0%B9-%D0%BC%D0%B0%D0%B3%D0%B0%D0%B7%D0%B8%D0%BD%D1%83-at-%D0%B1%D0%BB%D0%B8%D0%B7%D0%B5%D0%BD%D1%8C%D0%BA%D0%BE-4455213132,Керуючий магазину,Близенько,scraped,2026-08-17T06:43:47.016000,
fb311027d2919f0f,https://tj.linkedin.com/jobs/view/%D0%B2%D0%BE%D0%B4%D0%B8%D1%82%D0%B5%D0%BB%D1%8C-%D1%82%D0%B0%D0%BA%D1%81%D0%B8-%D0%BA%D0%BE%D0%BC%D1%84%D0%BE%D1%80%D1%82-%D0%BA%D0%BE%D0%BC%D1%84%D0%BE%D1%80%D1%82%2B-%D0%B7%D0%BF-%D0%B4%D0%BE-4000-at-kufar-4455271071,Водитель такси комфорт комфорт+ зп до 4000,,scraped,2026-08-17T08:37:01.847115,
80ec1d3dbdb858d0,https://tj.linkedin.com/jobs/view/%D0%BC%D0%B5%D0%BD%D0%B5%D0%B4%D0%B6%D0%B5%D1%80-%D0%BF%D0%BE-%D0%BF%D1%80%D0%BE%D0%B4%D0%B0%D0%B6%D0%B0%D0%BC-%D0%BE%D1%81%D0%B2%D0%B5%D1%82%D0%B8%D1%82%D0%B5%D0%BB%D1%8C%D0%BD%D0%BE%D0%B5-%D0%BE%D0%B1%D0%BE%D1%80%D1%83%D0%B4%D0%BE%D0%B2%D0%B0%D0%BD%D0%B8%D0%B5-at-%D0%B5%D1%82s-european-trade-systems-4454240275,Менеджер по продажам (осветительное оборудование),,scraped,2026-08-17T08:37:17.578309,
f2034fb0a2eaa6df,https://tj.linkedin.com/jobs/view/%D0%BF%D1%80%D0%B8%D0%B1%D0%B8%D1%80%D0%B0%D0%BB%D1%8C%D0%BD%D0%B8%D0%BA-%D1%81%D0%BB%D1%83%D0%B6%D0%B1%D0%BE%D0%B2%D0%B8%D1%85-%D0%BF%D1%80%D0%B8%D0%BC%D1%96%D1%89%D0%B5%D0%BD%D1%8C-at-%D0%B1%D0%BB%D0%B8%D0%B7%D0%B5%D0%BD%D1%8C%D0%BA%D0%BE-4455218097,Прибиральник службових приміщень,Близенько,failed|wp_post_failed,2026-08-17T08:37:47.602298,
72734c295bdc0fc7,https://tj.linkedin.com/jobs/view/%D0%BF%D1%80%D0%BE%D0%B4%D0%B0%D0%B2%D0%B5%D1%86%D1%8C-%D0%BA%D0%BE%D0%BD%D1%81%D1%83%D0%BB%D1%8C%D1%82%D0%B0%D0%BD%D1%82-at-%D0%B1%D0%BB%D0%B8%D0%B7%D0%B5%D0%BD%D1%8C%D0%BA%D0%BE-4455222087,Продавець-консультант,Близенько,posted,2026-08-17T10:28:22.666923,594
8cd5026ed91b142f,https://tj.linkedin.com/jobs/view/%D0%BC%D0%B5%D0%BD%D0%B5%D0%B4%D0%B6%D0%B5%D1%80-%D0%BF%D0%BE-%D0%BF%D1%80%D0%BE%D0%B4%D0%B0%D0%B6%D0%B0%D0%BC-%D0%BE%D1%81%D0%B2%D0%B5%D1%82%D0%B8%D1%82%D0%B5%D0%BB%D1%8C%D0%BD%D0%BE%D0%B5-%D0%BE%D0%B1%D0%BE%D1%80%D1%83%D0%B4%D0%BE%D0%B2%D0%B0%D0%BD%D0%B8%D0%B5-at-%D0%B5%D1%82s-european-trade-systems-4454419505,Менеджер по продажам (осветительное оборудование),,scraped,2026-08-17T20:20:41.824015,
c936d3858751c5e9,https://tj.linkedin.com/jobs/view/head-of-resilience-and-food-systems-international-consultancy-level-ii-at-world-food-programme-4455325869,"Head of Resilience and Food Systems, International Consultancy Level II",,scraped,2026-08-17T20:20:55.028516,
79d8db103aa3ad59,https://tj.linkedin.com/jobs/view/ports-and-shipping-specialist-at-ntu-international-a-s-4455314959,Ports and Shipping Specialist,,scraped,2026-08-17T22:18:34.838665,
839dcc86ab5d07f0,https://tj.linkedin.com/jobs/view/%D0%BF%D1%80%D0%BE%D0%B4%D0%B0%D0%B2%D0%B5%D1%86%D1%8C-%D0%BA%D0%BE%D0%BD%D1%81%D1%83%D0%BB%D1%8C%D1%82%D0%B0%D0%BD%D1%82-at-%D0%B1%D0%BB%D0%B8%D0%B7%D0%B5%D0%BD%D1%8C%D0%BA%D0%BE-4454085998,Продавець-консультант,Близенько,posted,2026-08-17T22:19:17.145836,596
65a49da4804e3ec6,https://tj.linkedin.com/jobs/view/%D0%BF%D1%80%D0%BE%D0%B4%D0%B0%D0%B2%D0%B5%D1%86%D1%8C-%D0%BA%D0%BE%D0%BD%D1%81%D1%83%D0%BB%D1%8C%D1%82%D0%B0%D0%BD%D1%82-at-%D0%B1%D0%BB%D0%B8%D0%B7%D0%B5%D0%BD%D1%8C%D0%BA%D0%BE-4455371156,Продавець-консультант,Близенько,posted,2026-08-18T06:34:48.956534,598
1a6c4005b06fbbe3,https://tj.linkedin.com/jobs/view/%D0%BF%D1%80%D0%BE%D0%B4%D0%B0%D0%B2%D0%B5%D1%86%D1%8C-%D0%BA%D0%BE%D0%BD%D1%81%D1%83%D0%BB%D1%8C%D1%82%D0%B0%D0%BD%D1%82-at-%D0%B1%D0%BB%D0%B8%D0%B7%D0%B5%D0%BD%D1%8C%D0%BA%D0%BE-4455230062,Продавець-консультант,Близенько,scraped,2026-08-18T06:34:53.147253,
86e307dcdeb15564,https://tj.linkedin.com/jobs/view/investor-relations-specialist-at-alif-bank-4452545700,Investor Relations Specialist,,scraped,2026-08-18T08:29:55.856727,
2670ac2a97c05d4b,https://tj.linkedin.com/jobs/view/%D0%BF%D1%80%D0%BE%D0%B4%D0%B0%D0%B2%D0%B5%D1%86%D1%8C-%D0%BA%D0%BE%D0%BD%D1%81%D1%83%D0%BB%D1%8C%D1%82%D0%B0%D0%BD%D1%82-at-%D0%B1%D0%BB%D0%B8%D0%B7%D0%B5%D0%BD%D1%8C%D0%BA%D0%BE-4455588582,Продавець-консультант,Близенько,posted,2026-08-18T08:30:53.863261,600
acdc8951fcd60cff,https://tj.linkedin.com/jobs/view/%D0%BF%D1%80%D0%BE%D0%B4%D0%B0%D0%B2%D0%B5%D1%86%D1%8C-%D0%BA%D0%BE%D0%BD%D1%81%D1%83%D0%BB%D1%8C%D1%82%D0%B0%D0%BD%D1%82-at-%D0%B1%D0%BB%D0%B8%D0%B7%D0%B5%D0%BD%D1%8C%D0%BA%D0%BE-4455223094,Продавець-консультант,Близенько,scraped,2026-08-18T08:31:12.214625,
1ee2ee89aff3856d,https://tj.linkedin.com/jobs/view/%D0%BF%D1%80%D0%BE%D0%B4%D0%B0%D0%B2%D0%B5%D1%86%D1%8C-%D0%BA%D0%BE%D0%BD%D1%81%D1%83%D0%BB%D1%8C%D1%82%D0%B0%D0%BD%D1%82-at-%D0%B1%D0%BB%D0%B8%D0%B7%D0%B5%D0%BD%D1%8C%D0%BA%D0%BE-4455208100,Продавець-консультант,Близенько,scraped,2026-08-18T08:31:16.350125,
8c49d06ea5f10605,https://tj.linkedin.com/jobs/view/%D0%BF%D0%B5%D0%BA%D0%B0%D1%80-%D0%BA%D0%B0-at-reskilling-ukraine-4452827411,Пекар/ка,Reskilling Ukraine,posted,2026-08-18T18:29:34.057941,602
4be37177b70daa21,https://tj.linkedin.com/jobs/view/%D0%B2%D0%BE%D0%B4%D1%96%D0%B9-%D0%BA%D0%B0-at-reskilling-ukraine-4452834362,Водій/ка,Reskilling Ukraine,posted,2026-08-18T18:30:08.377120,604
bf2031682eaf29f8,https://tj.linkedin.com/jobs/view/%D1%83%D1%87%D0%B5%D0%BD%D1%8C-%D0%B8%D1%86%D1%8F-%D1%81%D0%BA%D0%BB%D0%B0%D0%B4%D0%B0%D0%BB%D1%8C%D0%BD%D0%B8%D0%BA%D0%B0-%D0%B1%D0%BF%D0%BB%D0%B0-at-reskilling-ukraine-4452823473,Учень/иця складальника БПЛА,Reskilling Ukraine,posted,2026-08-18T18:30:17.910564,606
39301d6729061d63,https://tj.linkedin.com/jobs/view/%D0%B2%D0%BE%D0%B4%D1%96%D0%B9-%D0%BA%D0%B0-%D0%BA%D0%B0%D1%82-b-c-at-reskilling-ukraine-4452829372,"Водій/ка кат. B, C",Reskilling Ukraine,posted,2026-08-18T18:30:29.421129,608
058a57a7f8c227fd,https://tj.linkedin.com/jobs/view/%D0%B2%D0%BE%D0%B4%D1%96%D0%B9-%D0%BA%D0%B0-%D0%BF%D0%B0%D0%BB%D0%B8%D0%B2%D0%BE%D0%B2%D0%BE%D0%B7%D0%B0-%D0%BA%D0%B0%D1%82-%D1%81%D0%B5-adr-at-reskilling-ukraine-4452828403,Водій/ка паливовоза кат. СЕ (ADR),Reskilling Ukraine,posted,2026-08-18T18:30:48.446218,245
599ff0b0e85e7d24,https://tj.linkedin.com/jobs/view/%D0%BF%D1%80%D0%BE%D0%B4%D0%B0%D0%B2%D0%B5%D1%86%D1%8C-%D0%BA%D0%BE%D0%BD%D1%81%D1%83%D0%BB%D1%8C%D1%82%D0%B0%D0%BD%D1%82-at-%D0%B1%D0%BB%D0%B8%D0%B7%D0%B5%D0%BD%D1%8C%D0%BA%D0%BE-4455223104,Продавець-консультант,Близенько,posted,2026-08-18T20:18:25.192422,610
88c27d334d8e81cc,https://tj.linkedin.com/jobs/view/%D0%BF%D1%80%D0%BE%D0%B4%D0%B0%D0%B2%D0%B5%D1%86%D1%8C-%D0%BA%D0%BE%D0%BD%D1%81%D1%83%D0%BB%D1%8C%D1%82%D0%B0%D0%BD%D1%82-at-%D0%B1%D0%BB%D0%B8%D0%B7%D0%B5%D0%BD%D1%8C%D0%BA%D0%BE-4455217116,Продавець-консультант,Близенько,scraped,2026-08-18T20:18:33.195027,
2ebbbd081850b7e1,https://tj.linkedin.com/jobs/view/persian-language-expert-at-sme-careers-4455950519,Persian Language Expert,SME Careers,posted,2026-08-18T22:17:26.592506,612
8b83e2b7f605cab5,https://tj.linkedin.com/jobs/view/senior-project-manager-remote-contract-at-infuse-4455389113,"Senior Project Manager (Remote, Contract)",INFUSE,posted,2026-08-19T04:32:56.778297,87
3d49a076ae6554a6,https://tj.linkedin.com/jobs/view/%D0%B0%D0%B2%D1%82%D0%BE%D1%81%D0%BB%D1%8E%D1%81%D0%B0%D1%80-%D0%BA%D0%B0-at-reskilling-ukraine-4453404629,Автослюсар/ка,Reskilling Ukraine,posted,2026-08-19T06:34:54.046142,614
9c35cb95d408860f,https://tj.linkedin.com/jobs/view/%D0%BC%D0%B5%D1%85%D0%B0%D0%BD%D1%96%D0%BA-%D0%B8%D0%BD%D1%8F-at-reskilling-ukraine-4453410659,Механік/иня,Reskilling Ukraine,posted,2026-08-19T06:35:02.588480,616
a5929d7085837402,https://tj.linkedin.com/jobs/view/%D0%B0%D0%B2%D1%82%D0%BE%D0%B5%D0%BB%D0%B5%D0%BA%D1%82%D1%80%D0%B8%D0%BA-%D0%B8%D0%BD%D1%8F-%D0%B4%D1%96%D0%B0%D0%B3%D0%BD%D0%BE%D1%81%D1%82-%D0%BA%D0%B0-%D0%BE%D1%84%D1%96%D1%86%D1%96%D0%B9%D0%BD%D0%BE%D0%B3%D0%BE-%D1%81%D0%B5%D1%80%D0%B2%D1%96%D1%81%D1%83-at-reskilling-ukraine-4453400634,Автоелектрик/иня-діагност/ка офіційного сервісу,Reskilling Ukraine,posted,2026-08-19T06:35:25.032215,618
ca048c3e703addcb,https://tj.linkedin.com/jobs/view/%D0%BE%D0%BF%D0%B5%D1%80%D0%B0%D1%82%D0%BE%D1%80-%D0%BE%D0%BD%D0%BB%D0%B0%D0%B9%D0%BD-%D1%87%D0%B0%D1%82%D0%B0-%D1%81%D0%BE-%D0%B7%D0%BD%D0%B0%D0%BD%D0%B8%D0%B5%D0%BC-%D1%82%D0%B0%D0%B4%D0%B6%D0%B8%D0%BA%D1%81%D0%BA%D0%BE%D0%B3%D0%BE-%D1%8F%D0%B7%D1%8B%D0%BA%D0%B0-at-talk-with-us-4452263674,Оператор онлайн-чата ( со знанием Таджикского языка),Talk with Us,posted,2026-08-19T08:30:17.139769,620
55aef6fe173b74ff,https://tj.linkedin.com/jobs/view/%D0%BF%D1%80%D0%BE%D0%B4%D0%B0%D0%B2%D0%B5%D1%86%D1%8C-%D0%BA%D0%BE%D0%BD%D1%81%D1%83%D0%BB%D1%8C%D1%82%D0%B0%D0%BD%D1%82-at-%D0%B1%D0%BB%D0%B8%D0%B7%D0%B5%D0%BD%D1%8C%D0%BA%D0%BE-4456147998,Продавець-консультант,Близенько,posted,2026-08-19T08:31:26.691391,622
84516536ea0baa71,https://tj.linkedin.com/jobs/view/%D0%BA%D0%B5%D1%80%D1%83%D1%8E%D1%87%D0%B8%D0%B9-%D0%BC%D0%B0%D0%B3%D0%B0%D0%B7%D0%B8%D0%BD%D1%83-at-%D0%B1%D0%BB%D0%B8%D0%B7%D0%B5%D0%BD%D1%8C%D0%BA%D0%BE-4456140956,Керуючий магазину,Близенько,failed|wp_post_failed,2026-08-19T10:23:13.066904,
931bf4ea4659bf9e,https://tj.linkedin.com/jobs/view/operator-at-vestas-4456300670,Operator,,scraped,2026-08-19T14:27:43.840446,
85221ed3977c51c8,https://tj.linkedin.com/jobs/view/operator-at-vestas-4456306574,Operator,,scraped,2026-08-19T16:25:00.288098,
c6893ad5653d6194,https://tj.linkedin.com/jobs/view/%D0%BF%D1%80%D0%BE%D0%B4%D0%B0%D0%B2%D0%B5%D1%86%D1%8C-%D0%BA%D0%BE%D0%BD%D1%81%D1%83%D0%BB%D1%8C%D1%82%D0%B0%D0%BD%D1%82-at-%D0%B1%D0%BB%D0%B8%D0%B7%D0%B5%D0%BD%D1%8C%D0%BA%D0%BE-4456163918,Продавець-консультант,Близенько,posted,2026-08-19T16:25:27.083810,624
7a07cc698acc647d,https://tj.linkedin.com/jobs/view/%D0%B0%D0%B4%D0%BC%D1%96%D0%BD%D1%96%D1%81%D1%82%D1%80%D0%B0%D1%82%D0%BE%D1%80-at-%D0%B1%D0%BB%D0%B8%D0%B7%D0%B5%D0%BD%D1%8C%D0%BA%D0%BE-4456165053,Адміністратор,Близенько,failed|wp_post_failed,2026-08-19T16:25:39.316822,
39d05f62f20544f6,https://tj.linkedin.com/jobs/view/operator-at-vestas-4456307531,Operator,,scraped,2026-08-19T16:25:45.930069,
f7c8132acae20da4,https://tj.linkedin.com/jobs/view/%D0%BC%D0%B5%D1%85%D0%B0%D0%BD%D1%96%D0%BA-%D0%B8%D0%BD%D1%8F-%D0%B0%D1%80%D0%BC%D0%B0%D1%82%D1%83%D1%80%D0%BD%D0%B8%D0%BA-%D1%86%D1%8F-at-reskilling-ukraine-4452894662,Механік/иня-арматурник/ця,Reskilling Ukraine,posted,2026-08-19T20:21:15.900490,626
8f4fe13344bbbde0,https://tj.linkedin.com/jobs/view/%D0%B1%D0%B8%D0%B7%D0%BD%D0%B5%D1%81-%D0%B0%D0%BD%D0%B0%D0%BB%D0%B8%D1%82%D0%B8%D0%BA-at-bank-eskhata-4455373318,Бизнес-аналитик,,scraped,2026-08-19T22:18:55.245748,
d967f626989ae176,https://tj.linkedin.com/jobs/view/%D0%B2%D0%BE%D0%B4%D1%96%D0%B9-%D0%BA%D0%B0-%D0%B7-%D0%BA%D0%B0%D1%82-%D1%81%D0%B5-%D0%B4%D0%BB%D1%8F-%D0%B7%D0%B4%D1%96%D0%B9%D1%81%D0%BD%D0%B5%D0%BD%D0%BD%D1%8F-%D0%BC%D1%96%D0%B6%D0%BD%D0%B0%D1%80%D0%BE%D0%B4%D0%BD%D0%B8%D1%85-%D0%BF%D0%B5%D1%80%D0%B5%D0%B2%D0%B5%D0%B7%D0%B5%D0%BD%D1%8C-at-reskilling-ukraine-4453407648,Водій/ка з кат. СЕ для здійснення міжнародних перевезень,Reskilling Ukraine,posted,2026-08-20T00:55:04.654451,628
b94829be4f18d0d6,https://tj.linkedin.com/jobs/view/%D0%BC%D0%B0%D0%B9%D1%81%D1%82%D1%80%D0%B5%D0%BD%D1%8C-%D0%B8%D0%BD%D1%8F-%D0%BF%D1%80%D0%B8%D0%B9%D0%BC%D0%B0%D0%BB%D1%8C%D0%BD%D0%B8%D0%BA-%D1%86%D1%8F-at-reskilling-ukraine-4453852075,Майстрень/иня-приймальник/ця,Reskilling Ukraine,posted,2026-08-20T04:32:56.385316,630
3250b3b647b6c22b,https://tj.linkedin.com/jobs/view/%D1%81%D0%BE%D1%82%D1%80%D1%83%D0%B4%D0%BD%D0%B8%D0%BA%D0%B8-%D0%B2-%D0%B4%D0%B5%D0%BF%D0%B0%D1%80%D1%82%D0%B0%D0%BC%D0%B5%D0%BD%D1%82-%D0%B1%D0%B0%D0%BD%D0%BA%D0%BE%D0%B2%D1%81%D0%BA%D0%B8%D1%85-%D0%BA%D0%B0%D1%80%D1%82-at-spitamen-bank-4453879094,Сотрудники в Департамент банковских карт,,scraped,2026-08-20T08:31:09.409730,
828f2577f0af36a2,https://tj.linkedin.com/jobs/view/%D0%B0%D0%B2%D1%82%D0%BE%D1%80%D0%B8%D1%85%D1%82%D1%83%D0%B2%D0%B0%D0%BB%D1%8C%D0%BD%D0%B8%D0%BA-%D1%86%D1%8F-at-reskilling-ukraine-4453850125,Авторихтувальник/ця,Reskilling Ukraine,posted,2026-08-20T08:32:10.213393,632
f5fb5d87f7f47495,https://tj.linkedin.com/jobs/view/graphic-motion-designer-at-dushanbe-international-hospital-4453864446,Graphic & Motion Designer,Dushanbe International Hospital,posted,2026-08-20T12:36:14.797266,634
430a3267cc9ce146,https://tj.linkedin.com/jobs/view/%D0%BC%D0%B5%D0%BD%D0%B5%D0%B4%D0%B6%D0%B5%D1%80-%D0%BA%D0%B0-%D0%B7-%D1%83%D0%BF%D1%80%D0%B0%D0%B2%D0%BB%D1%96%D0%BD%D0%BD%D1%8F-%D0%B2%D0%BB%D0%B0%D1%81%D0%BD%D0%B8%D0%BC-%D1%82%D1%80%D0%B0%D0%BD%D1%81%D0%BF%D0%BE%D1%80%D1%82%D0%BE%D0%BC-at-reskilling-ukraine-4454125441,Менеджер/ка з управління власним транспортом,Reskilling Ukraine,posted,2026-08-20T16:27:44.831410,636
d5f827ffcefd40f9,https://tj.linkedin.com/jobs/view/%D0%B0%D0%B4%D0%BC%D1%96%D0%BD%D1%96%D1%81%D1%82%D1%80%D0%B0%D1%82%D0%BE%D1%80-%D0%BA%D0%B0-%D0%B1%D1%83%D0%B4%D1%96%D0%B2%D0%B5%D0%BB%D1%8C%D0%BD%D0%B8%D1%85-%D0%BF%D1%80%D0%BE%D1%94%D0%BA%D1%82%D1%96%D0%B2-at-reskilling-ukraine-4454124413,Адміністратор/ка будівельних проєктів,Reskilling Ukraine,posted,2026-08-20T16:28:22.229371,638
2b5e7052561d6c9e,https://tj.linkedin.com/jobs/view/%D0%BF%D0%B5%D0%BA%D0%B0%D1%80-%D0%BA%D0%B0-at-reskilling-ukraine-4454121519,Пекар/ка,Reskilling Ukraine,posted,2026-08-20T16:28:30.886908,640
dead0f389f550182,https://tj.linkedin.com/jobs/view/%D0%B2%D0%BE%D0%B4%D1%96%D0%B9-%D0%BA%D0%B0-%D0%B2%D0%B8%D0%BB%D0%BA%D0%BE%D0%B2%D0%BE%D0%B3%D0%BE-%D1%81%D0%BA%D0%BB%D0%B0%D0%B4%D1%81%D1%8C%D0%BA%D0%BE%D0%B3%D0%BE-%D0%BD%D0%B0%D0%B2%D0%B0%D0%BD%D1%82%D0%B0%D0%B6%D1%83%D0%B2%D0%B0%D1%87%D0%B0-at-reskilling-ukraine-4454125448,Водій/ка вилкового (складського) навантажувача,Reskilling Ukraine,posted,2026-08-20T16:28:44.739892,642
cbe7e1b510d75515,https://tj.linkedin.com/jobs/view/%D0%B2%D0%BE%D0%B4%D1%96%D0%B9-%D0%BA%D0%B0-%D0%BA%D0%B0%D1%82-%D1%81%D0%B5-at-reskilling-ukraine-4454109598,Водій/ка кат. СЕ,Reskilling Ukraine,posted,2026-08-20T16:28:52.985710,644
ca57f5bee37122e4,https://tj.linkedin.com/jobs/view/%D0%BF%D0%B0%D1%8F%D0%BB%D1%8C%D1%89%D0%B8%D0%BA-%D1%86%D1%8F-at-reskilling-ukraine-4454116489,Паяльщик/ця,Reskilling Ukraine,posted,2026-08-20T18:31:11.765648,646
80318e58c2e2929f,https://tj.linkedin.com/jobs/view/%D0%B0%D0%B2%D1%82%D0%BE%D0%BC%D0%B5%D1%85%D0%B0%D0%BD%D1%96%D0%BA-%D0%B8%D0%BD%D1%8F-at-reskilling-ukraine-4454118440,Автомеханік/иня,Reskilling Ukraine,posted,2026-08-20T18:31:26.789274,648
f8063d6225658a33,https://tj.linkedin.com/jobs/view/%D1%96%D0%BD%D0%B6%D0%B5%D0%BD%D0%B5%D1%80-%D0%BA%D0%B0-%D0%B7-%D1%96%D0%BD%D1%82%D0%B5%D0%B3%D1%80%D0%B0%D1%86%D1%96%D1%97-at-reskilling-ukraine-4454109580,Інженер/ка з інтеграції,Reskilling Ukraine,posted,2026-08-20T18:31:34.977810,650
3fee52f69115e550,https://tj.linkedin.com/jobs/view/%D0%B0%D0%B2%D1%82%D0%BE%D1%81%D0%BB%D1%8E%D1%81%D0%B0%D1%80-%D0%BA%D0%B0-%D0%B7-%D0%BD%D0%B0%D0%B2%D1%87%D0%B0%D0%BD%D0%BD%D1%8F%D0%BC-at-reskilling-ukraine-4454127459,Автослюсар/ка з навчанням,Reskilling Ukraine,posted,2026-08-20T18:31:44.976107,652
5cab179ffb1b7249,https://tj.linkedin.com/jobs/view/production-operator-at-vestas-4456726327,Production Operator,,scraped,2026-08-20T18:31:57.505273,
29d937eea44648f5,https://tj.linkedin.com/jobs/view/production-operator-at-vestas-4456716384,Production Operator,,scraped,2026-08-20T18:32:04.135226,
87f5f0b0b9a291c1,https://tj.linkedin.com/jobs/view/production-operator-at-vestas-4456721332,Production Operator,,scraped,2026-08-20T18:32:10.796366,
8c92bf5555707c72,https://tj.linkedin.com/jobs/view/production-operator-at-vestas-4456711373,Production Operator,,scraped,2026-08-20T18:32:17.198891,
35f55915491e9335,https://tj.linkedin.com/jobs/view/production-operator-at-vestas-4456723321,Production Operator,,scraped,2026-08-20T18:32:23.617492,
1450d4c16f81ded6,https://tj.linkedin.com/jobs/view/%D0%B0%D0%B4%D0%BC%D1%96%D0%BD%D1%96%D1%81%D1%82%D1%80%D0%B0%D1%82%D0%BE%D1%80-%D0%BA%D0%B0-%D0%B1%D1%83%D0%B4%D1%96%D0%B2%D0%B5%D0%BB%D1%8C%D0%BD%D0%B8%D1%85-%D0%BF%D1%80%D0%BE%D1%94%D0%BA%D1%82%D1%96%D0%B2-at-reskilling-ukraine-4454128363,Адміністратор/ка будівельних проєктів,Reskilling Ukraine,posted,2026-08-20T20:22:11.241320,654
ce1c12cd382389c9,https://tj.linkedin.com/jobs/view/%D0%BF%D1%80%D0%B8%D0%B1%D0%B8%D1%80%D0%B0%D0%BB%D1%8C%D0%BD%D0%B8%D0%BA-%D1%81%D0%BB%D1%83%D0%B6%D0%B1%D0%BE%D0%B2%D0%B8%D1%85-%D0%BF%D1%80%D0%B8%D0%BC%D1%96%D1%89%D0%B5%D0%BD%D1%8C-at-%D0%B1%D0%BB%D0%B8%D0%B7%D0%B5%D0%BD%D1%8C%D0%BA%D0%BE-4456789321,Прибиральник службових приміщень,Близенько,failed|wp_post_failed,2026-08-20T20:22:33.410678,
af03d878fe0e125f,https://tj.linkedin.com/jobs/view/%D0%BA%D0%B5%D1%80%D1%83%D1%8E%D1%87%D0%B8%D0%B9-%D0%BC%D0%B0%D0%B3%D0%B0%D0%B7%D0%B8%D0%BD%D1%83-at-%D0%B1%D0%BB%D0%B8%D0%B7%D0%B5%D0%BD%D1%8C%D0%BA%D0%BE-4457004271,Керуючий магазину,Близенько,failed|wp_post_failed,2026-08-20T20:22:39.467314,
f4b3009abebf627f,https://tj.linkedin.com/jobs/view/%D0%B2%D0%BE%D0%B4%D1%96%D0%B9-%D0%BA%D0%B0-%D0%B2%D0%B0%D0%BD%D1%82%D0%B0%D0%B6%D1%96%D0%B2%D0%BE%D0%BA-%D0%BA%D0%B0%D1%82-%D1%81%D0%B5-at-reskilling-ukraine-4454117501,Водій/ка вантажівок кат. СЕ,Reskilling Ukraine,posted,2026-08-20T20:22:47.375239,656
8c8fedb57d715f91,https://tj.linkedin.com/jobs/view/%D0%B2%D0%BE%D0%B4%D1%96%D0%B9-%D0%BA%D0%B0-%D0%BF%D0%B0%D0%BB%D0%B8%D0%B2%D0%BE%D0%B2%D0%BE%D0%B7%D0%B0-%D0%BA%D0%B0%D1%82-ce-adr-at-reskilling-ukraine-4454121532,"Водій/ка паливовоза (кат. CE, ADR)",Reskilling Ukraine,posted,2026-08-20T20:22:52.253232,233
5e4ce4ee072f3d29,https://tj.linkedin.com/jobs/view/%D0%BA%D0%B5%D1%80%D1%83%D1%8E%D1%87%D0%B8%D0%B9-%D0%BC%D0%B0%D0%B3%D0%B0%D0%B7%D0%B8%D0%BD%D1%83-at-%D0%B1%D0%BB%D0%B8%D0%B7%D0%B5%D0%BD%D1%8C%D0%BA%D0%BE-4456787364,Керуючий магазину,Близенько,scraped,2026-08-20T20:23:02.231203,
3713a1300d45f45f,https://tj.linkedin.com/jobs/view/%D0%BA%D0%BE%D1%88%D1%82%D0%BE%D1%80%D0%B8%D1%81%D0%BD%D0%B8%D0%BA-%D1%86%D1%8F-at-reskilling-ukraine-4454110482,Кошторисник/ця,Reskilling Ukraine,posted,2026-08-20T22:21:22.425054,658
852bd714c49f1dfa,https://tj.linkedin.com/jobs/view/%D0%BF%D0%B5%D0%BA%D0%B0%D1%80-at-%D0%B1%D0%BB%D0%B8%D0%B7%D0%B5%D0%BD%D1%8C%D0%BA%D0%BE-4457000324,Пекар,Близенько,failed|wp_post_failed,2026-08-20T22:21:32.365281,
629c52986813c2ac,https://tj.linkedin.com/jobs/view/%D0%B0%D0%B4%D0%BC%D1%96%D0%BD%D1%96%D1%81%D1%82%D1%80%D0%B0%D1%82%D0%BE%D1%80-at-%D0%B1%D0%BB%D0%B8%D0%B7%D0%B5%D0%BD%D1%8C%D0%BA%D0%BE-4456792346,Адміністратор,Близенько,failed|wp_post_failed,2026-08-20T22:21:36.479243,
6f77cc10e50bb2f2,https://tj.linkedin.com/jobs/view/%D0%BF%D1%80%D0%B8%D0%B1%D0%B8%D1%80%D0%B0%D0%BB%D1%8C%D0%BD%D0%B8%D0%BA-%D1%81%D0%BB%D1%83%D0%B6%D0%B1%D0%BE%D0%B2%D0%B8%D1%85-%D0%BF%D1%80%D0%B8%D0%BC%D1%96%D1%89%D0%B5%D0%BD%D1%8C-at-%D0%B1%D0%BB%D0%B8%D0%B7%D0%B5%D0%BD%D1%8C%D0%BA%D0%BE-4457001317,Прибиральник службових приміщень,Близенько,failed|wp_post_failed,2026-08-20T22:22:02.450628,
f60d35670a9c111d,https://tj.linkedin.com/jobs/view/%D0%BF%D1%80%D0%B8%D0%B1%D0%B8%D1%80%D0%B0%D0%BB%D1%8C%D0%BD%D0%B8%D0%BA-%D1%81%D0%BB%D1%83%D0%B6%D0%B1%D0%BE%D0%B2%D0%B8%D1%85-%D0%BF%D1%80%D0%B8%D0%BC%D1%96%D1%89%D0%B5%D0%BD%D1%8C-at-%D0%B1%D0%BB%D0%B8%D0%B7%D0%B5%D0%BD%D1%8C%D0%BA%D0%BE-4456781457,Прибиральник службових приміщень,Близенько,scraped,2026-08-20T22:22:06.630943,
3d60e6f015992a20,https://tj.linkedin.com/jobs/view/%D0%BF%D1%80%D0%BE%D0%B4%D0%B0%D0%B2%D0%B5%D1%86%D1%8C-%D0%BA%D0%BE%D0%BD%D1%81%D1%83%D0%BB%D1%8C%D1%82%D0%B0%D0%BD%D1%82-at-%D0%B1%D0%BB%D0%B8%D0%B7%D0%B5%D0%BD%D1%8C%D0%BA%D0%BE-4456794305,Продавець-консультант,Близенько,posted,2026-08-20T22:22:15.828480,660
02107df5471d4251,https://tj.linkedin.com/jobs/view/%D0%BF%D1%80%D0%B8%D0%B1%D0%B8%D1%80%D0%B0%D0%BB%D1%8C%D0%BD%D0%B8%D0%BA-%D1%81%D0%BB%D1%83%D0%B6%D0%B1%D0%BE%D0%B2%D0%B8%D1%85-%D0%BF%D1%80%D0%B8%D0%BC%D1%96%D1%89%D0%B5%D0%BD%D1%8C-at-%D0%B1%D0%BB%D0%B8%D0%B7%D0%B5%D0%BD%D1%8C%D0%BA%D0%BE-4457004294,Прибиральник службових приміщень,Близенько,scraped,2026-08-20T22:22:19.745115,
93f574593a53c30f,https://tj.linkedin.com/jobs/view/%D0%BF%D1%80%D0%BE%D0%B4%D0%B0%D0%B2%D0%B5%D1%86%D1%8C-%D0%BA%D0%BE%D0%BD%D1%81%D1%83%D0%BB%D1%8C%D1%82%D0%B0%D0%BD%D1%82-at-%D0%B1%D0%BB%D0%B8%D0%B7%D0%B5%D0%BD%D1%8C%D0%BA%D0%BE-4456785396,Продавець-консультант,Близенько,posted,2026-08-21T00:59:07.432170,662
7215928d1c7f5746,https://tj.linkedin.com/jobs/view/%D0%BF%D1%80%D0%BE%D0%B4%D0%B0%D0%B2%D0%B5%D1%86%D1%8C-%D0%BA%D0%BE%D0%BD%D1%81%D1%83%D0%BB%D1%8C%D1%82%D0%B0%D0%BD%D1%82-at-%D0%B1%D0%BB%D0%B8%D0%B7%D0%B5%D0%BD%D1%8C%D0%BA%D0%BE-4457001269,Продавець-консультант,Близенько,scraped,2026-08-21T00:59:11.522161,
776e0774228da18b,https://tj.linkedin.com/jobs/view/%D0%BF%D1%80%D0%BE%D0%B4%D0%B0%D0%B2%D0%B5%D1%86%D1%8C-%D0%BA%D0%BE%D0%BD%D1%81%D1%83%D0%BB%D1%8C%D1%82%D0%B0%D0%BD%D1%82-at-%D0%B1%D0%BB%D0%B8%D0%B7%D0%B5%D0%BD%D1%8C%D0%BA%D0%BE-4456792347,Продавець-консультант,Близенько,scraped,2026-08-21T00:59:15.615705,
efbeacad61d12623,https://tj.linkedin.com/jobs/view/%D0%B0%D0%B4%D0%BC%D1%96%D0%BD%D1%96%D1%81%D1%82%D1%80%D0%B0%D1%82%D0%BE%D1%80-at-%D0%B1%D0%BB%D0%B8%D0%B7%D0%B5%D0%BD%D1%8C%D0%BA%D0%BE-4456782357,Адміністратор,Близенько,failed|wp_post_failed,2026-08-21T00:59:21.834430,
822b15a22e774052,https://tj.linkedin.com/jobs/view/%D0%B0%D0%B4%D0%BC%D1%96%D0%BD%D1%96%D1%81%D1%82%D1%80%D0%B0%D1%82%D0%BE%D1%80-at-%D0%B1%D0%BB%D0%B8%D0%B7%D0%B5%D0%BD%D1%8C%D0%BA%D0%BE-4456785422,Адміністратор,Близенько,scraped,2026-08-21T00:59:25.765802,
c145772c86739db2,https://tj.linkedin.com/jobs/view/%D0%B0%D0%B4%D0%BC%D1%96%D0%BD%D1%96%D1%81%D1%82%D1%80%D0%B0%D1%82%D0%BE%D1%80-at-%D0%B1%D0%BB%D0%B8%D0%B7%D0%B5%D0%BD%D1%8C%D0%BA%D0%BE-4456790290,Адміністратор,Близенько,scraped,2026-08-21T00:59:29.853573,
af9258655feaec4e,https://tj.linkedin.com/jobs/view/%D0%BA%D0%B5%D1%80%D1%83%D1%8E%D1%87%D0%B8%D0%B9-%D0%BC%D0%B0%D0%B3%D0%B0%D0%B7%D0%B8%D0%BD%D1%83-at-%D0%B1%D0%BB%D0%B8%D0%B7%D0%B5%D0%BD%D1%8C%D0%BA%D0%BE-4457003256,Керуючий магазину,Близенько,failed|wp_post_failed,2026-08-21T02:58:41.253443,
b60c5e34d394fba7,https://tj.linkedin.com/jobs/view/%D0%BA%D0%B5%D1%80%D1%83%D1%8E%D1%87%D0%B8%D0%B9-%D0%BC%D0%B0%D0%B3%D0%B0%D0%B7%D0%B8%D0%BD%D1%83-at-%D0%B1%D0%BB%D0%B8%D0%B7%D0%B5%D0%BD%D1%8C%D0%BA%D0%BE-4456798300,Керуючий магазину,Близенько,scraped,2026-08-21T02:58:45.865596,
d9c1c5d071fb6011,https://tj.linkedin.com/jobs/view/%D0%BF%D1%80%D0%BE%D0%B4%D0%B0%D0%B2%D0%B5%D1%86%D1%8C-%D0%BA%D0%BE%D0%BD%D1%81%D1%83%D0%BB%D1%8C%D1%82%D0%B0%D0%BD%D1%82-at-%D0%B1%D0%BB%D0%B8%D0%B7%D0%B5%D0%BD%D1%8C%D0%BA%D0%BE-4457003319,Продавець-консультант,Близенько,posted,2026-08-21T02:58:55.869260,664
846bb201c7fe5f99,https://tj.linkedin.com/jobs/view/railways-specialist-at-ntu-international-a-s-4456768532,Railways Specialist,,scraped,2026-08-21T04:32:46.802055,
491adff24ec4c420,https://tj.linkedin.com/jobs/view/%D0%B2%D0%BE%D0%B4%D1%96%D0%B9-%D0%BA%D0%B0-%D0%BD%D0%B0-%D0%B0%D0%B2%D1%82%D0%BE-%D0%BA%D0%BE%D0%BC%D0%BF%D0%B0%D0%BD%D1%96%D1%97-%D0%BA%D0%B0%D1%82-b-at-reskilling-ukraine-4454126453,Водій/ка на авто компанії (кат. B),Reskilling Ukraine,posted,2026-08-21T04:33:05.897785,239
1e6d6a59e91c4415,https://tj.linkedin.com/jobs/view/production-operator-at-vestas-4456729331,Production Operator,,scraped,2026-08-21T04:33:26.474738,
08727b8a41b39cb8,https://tj.linkedin.com/jobs/view/production-operator-at-vestas-4456711374,Production Operator,,scraped,2026-08-21T08:34:01.772996,
4443787cedaee8a9,https://tj.linkedin.com/jobs/view/%D0%B3%D0%BB%D0%B0%D0%B2%D0%BD%D1%8B%D0%B9-%D0%B1%D1%83%D1%85%D0%B3%D0%B0%D0%BB%D1%82%D0%B5%D1%80-%D0%BE%D1%80%D0%B3%D0%B0%D0%BD%D0%B8%D0%B7%D0%B0%D1%86%D0%B8%D0%B8-%D0%B7%D0%B0%D0%BA%D0%B0%D0%B7%D1%87%D0%B8%D0%BA%D0%B0-%D1%81%D1%82%D1%80%D0%BE%D0%B8%D1%82%D0%B5%D0%BB%D1%8C%D1%81%D1%82%D0%B2%D0%B0-at-frontpoint-llc-4454183493,Главный бухгалтер организации (заказчика строительства),,scraped,2026-08-21T10:23:48.635731,
77466f3fc2e4295a,https://tj.linkedin.com/jobs/view/%D0%B7%D0%B0%D0%BC%D0%B5%D1%81%D1%82%D0%B8%D1%82%D0%B5%D0%BB%D1%8C-%D1%80%D1%83%D0%BA%D0%BE%D0%B2%D0%BE%D0%B4%D0%B8%D1%82%D0%B5%D0%BB%D1%8F-%D1%82%D0%B5%D1%85%D0%BD%D0%B8%D1%87%D0%B5%D1%81%D0%BA%D0%BE%D0%B9-%D0%BF%D0%BE%D0%B4%D0%B4%D0%B5%D1%80%D0%B6%D0%BA%D0%B8-%D0%BF%D0%BE-at-alif-bank-4454644149,Заместитель руководителя технической поддержки ПО,,scraped,2026-08-21T16:26:00.489314,
8259deaff473a2db,https://tj.linkedin.com/jobs/view/%D0%BB%D0%BE%D0%B3%D0%B8%D1%81%D1%82-%D0%B2-%D0%B5%D0%B2%D1%80%D0%BE%D0%BF%D0%B5%D0%B9%D1%81%D0%BA%D1%83%D1%8E-%D1%82%D1%80%D0%B0%D0%BD%D1%81%D0%BF%D0%BE%D1%80%D1%82%D0%BD%D1%83%D1%8E-%D0%BA%D0%BE%D0%BC%D0%BF%D0%B0%D0%BD%D0%B8%D1%8E-%D1%82%D0%BE%D0%BB%D1%8C%D0%BA%D0%BE-%D1%81-%D0%BE%D0%BF%D1%8B%D1%82%D0%BE%D0%BC-at-frontpoint-llc-4454657749,Логист в европейскую транспортную компанию. Только с опытом.,,scraped,2026-08-21T22:18:08.074155,
0eb9a679bcf99c5d,https://tj.linkedin.com/jobs/view/%D0%B0%D0%B2%D1%82%D0%BE%D0%BC%D0%B5%D1%85%D0%B0%D0%BD%D1%96%D0%BA-%D0%B8%D0%BD%D1%8F-at-reskilling-ukraine-4454125500,Автомеханік/иня,Reskilling Ukraine,posted,2026-08-22T06:30:32.278204,666
46cc8d695b41a6cb,https://tj.linkedin.com/jobs/view/%D0%B2%D0%BE%D0%B4%D1%96%D0%B9-%D0%BA%D0%B0-%D0%B7%D0%B5%D1%80%D0%BD%D0%BE%D0%B2%D0%BE%D0%B7%D0%B0-at-reskilling-ukraine-4454128415,Водій/ка зерновоза,Reskilling Ukraine,posted,2026-08-22T08:22:56.794947,668
0a2ea1c90b2258f4,https://tj.linkedin.com/jobs/view/%D0%B8%D0%BD%D0%B6%D0%B5%D0%BD%D0%B5%D1%80-%D0%BF%D0%BE-%D0%BE%D1%86%D0%B5%D0%BD%D0%BA%D0%B5-%D1%80%D0%B8%D1%81%D0%BA%D0%B0-%D0%BF%D1%80%D0%B8-%D0%BF%D1%80%D0%BE%D0%B2%D0%B5%D0%B4%D0%B5%D0%BD%D0%B8%D0%B8-%D0%BF%D1%80%D0%BE%D0%B8%D0%B7%D0%B2%D0%BE%D0%B4%D1%81%D1%82%D0%B2%D0%B5%D0%BD%D0%BD%D1%8B%D1%85-%D1%80%D0%B0%D0%B1%D0%BE%D1%82-11-12-2024-at-kaz-project-operating-llp-4456684725,Инженер по оценке риска при проведении производственных работ (11/12/2024),Kaz Project Operating LLP,posted,2026-08-23T02:57:31.980599,302
7b877bf401c822c6,https://tj.linkedin.com/jobs/view/%E5%BE%8B%E5%B8%88-at-zijin-mining-group-4450597505,律师,,scraped,2026-08-23T04:31:21.929227,
bf1b84497b27fae2,https://tj.linkedin.com/jobs/view/%D0%B3%D0%BB%D0%B0%D0%B2%D0%BD%D1%8B%D0%B9-%D0%B1%D1%83%D1%85%D0%B3%D0%B0%D0%BB%D1%82%D0%B5%D1%80-%D0%BE%D1%80%D0%B3%D0%B0%D0%BD%D0%B8%D0%B7%D0%B0%D1%86%D0%B8%D0%B8-%D0%B7%D0%B0%D0%BA%D0%B0%D0%B7%D1%87%D0%B8%D0%BA%D0%B0-%D1%81%D1%82%D1%80%D0%BE%D0%B8%D1%82%D0%B5%D0%BB%D1%8C%D1%81%D1%82%D0%B2%D0%B0-at-frontpoint-llc-4455010883,Главный бухгалтер организации (заказчика строительства),,scraped,2026-08-23T12:27:56.520270,
1fe2a980940fdf75,https://tj.linkedin.com/jobs/view/supply-chain-coordinator-at-vestas-4458185920,Supply Chain Coordinator,,scraped,2026-08-24T14:36:32.336531,
38e1e443bdfa7536,https://tj.linkedin.com/jobs/view/supply-chain-coordinator-compliance-at-vestas-4458188935,Supply Chain Coordinator Compliance,,scraped,2026-08-24T18:32:08.837068,
bf3f3797985b747f,https://tj.linkedin.com/jobs/view/supply-chain-coordinator-compliance-at-vestas-4458188934,Supply Chain Coordinator Compliance,,scraped,2026-08-24T18:32:16.302784,
74697d2b14096460,https://tj.linkedin.com/jobs/view/supply-chain-coordinator-at-vestas-4458199783,Supply Chain Coordinator,,scraped,2026-08-24T20:23:15.354257,
79cbe50f12849720,https://tj.linkedin.com/jobs/view/%D0%BC%D0%B0%D1%88%D0%B8%D0%BD%D1%96%D1%81%D1%82-%D0%B1%D1%83%D0%BB%D1%8C%D0%B4%D0%BE%D0%B7%D0%B5%D1%80%D0%B0-%D0%BD%D0%B0-%D0%BA%D0%B0%D1%80%E2%80%99%D1%94%D1%80-at-lviv-quartz-4458546908,Машиніст бульдозера на кар’єр,,scraped,2026-08-25T02:53:43.308611,
457fc26bd8dbc322,https://tj.linkedin.com/jobs/view/aviation-specialist-at-ntu-international-a-s-4458709397,Aviation Specialist,,scraped,2026-08-25T08:35:27.652929,
4a5b08b882268c8a,https://tj.linkedin.com/jobs/view/program-officer-at-center-for-international-private-enterprise-4456925194,Program Officer,Center for International Private Enterprise,posted,2026-08-25T14:39:08.859872,211
83e2b669f1b4f5df,https://tj.linkedin.com/jobs/view/%D0%B4%D0%B8%D1%80%D0%B5%D0%BA%D1%82%D0%BE%D1%80-%D0%B4%D0%B5%D0%BF%D0%B0%D1%80%D1%82%D0%B0%D0%BC%D0%B5%D0%BD%D1%82%D0%B0-%D1%80%D0%B0%D0%B7%D0%B2%D0%B8%D1%82%D0%B8%D1%8F-%D0%B1%D0%B8%D0%B7%D0%BD%D0%B5%D1%81%D0%B0-at-bars-consulting-llc-4456991840,Директор Департамента развития бизнеса,BARS Consulting LLC,failed|wp_post_failed,2026-08-26T04:34:24.906181,
d14637e1ab52a282,https://tj.linkedin.com/jobs/view/golang-developer-middle%2B-at-alif-tech-tajikistan-4457230027,Golang Developer (Middle+),Alif Tech Tajikistan,posted,2026-08-26T06:38:24.655195,670
8c236dfbf0f542fc,https://tj.linkedin.com/jobs/view/%E5%9B%BD%E9%99%85%E8%90%A5%E9%94%80%E7%BB%8F%E7%90%86%EF%BC%88%E6%96%B0%E8%83%BD%E6%BA%90%E9%87%8D%E5%8D%A1%E3%80%81%E8%87%AA%E5%8D%B8%E8%BD%A6%EF%BC%89-at-%E4%B8%89%E4%B8%80%E9%87%8D%E5%B7%A5%E8%82%A1%E4%BB%BD%E6%9C%89%E9%99%90%E5%85%AC%E5%8F%B8-4457904001,国际营销经理（新能源重卡、自卸车）,三一重工股份有限公司,failed|wp_post_failed,2026-08-26T06:38:34.793860,
c35fe648079d7697,https://tj.linkedin.com/jobs/view/%D1%81%D0%BF%D0%B5%D1%86%D0%B8%D0%B0%D0%BB%D0%B8%D1%81%D1%82-at-zerkalo-analytics-group-4287911828,Специалист,,scraped,2026-08-27T06:45:55.365072,
6805079c08ab5f5c,https://tj.linkedin.com/jobs/view/%D0%BD%D0%B0%D1%87%D0%B0%D0%BB%D1%8C%D0%BD%D0%B8%D0%BA-%D0%BE%D1%82%D0%B4%D0%B5%D0%BB%D0%B0-%D0%BE%D1%82%D1%87%D1%91%D1%82%D0%BD%D0%BE%D1%81%D1%82%D0%B8-at-alif-bank-3635372405,Начальник отдела отчётности,,scraped,2026-08-27T18:44:39.979598,
8e70bed0fe7e6409,https://tj.linkedin.com/jobs/view/lead-ai-technical-solution-sales-support-at-ericsson-4458657133,Lead AI Technical Solution Sales Support,,scraped,2026-08-27T18:44:52.824566,
20091de1335520f4,https://tj.linkedin.com/jobs/view/%D1%80%D1%83%D0%BA%D0%BE%D0%B2%D0%BE%D0%B4%D0%B8%D1%82%D0%B5%D0%BB%D1%8C-%D0%B3%D1%80%D1%83%D0%BF%D0%BF%D1%8B-%D0%BF%D0%BE-%D0%BE%D0%B1%D0%B5%D1%81%D0%BF%D0%B5%D1%87%D0%B5%D0%BD%D0%B8%D1%8E-%D0%B1%D0%B5%D0%B7%D0%BE%D0%BF%D0%B0%D1%81%D0%BD%D0%BE%D1%81%D1%82%D0%B8-%D1%82%D0%B5%D1%85%D0%BD%D0%BE%D0%BB%D0%BE%D0%B3%D0%B8%D1%87%D0%B5%D1%81%D0%BA%D0%B8%D1%85-%D0%BF%D1%80%D0%BE%D1%86%D0%B5%D1%81%D1%81%D0%BE%D0%B2-08-05-2026-at-kaz-project-operating-llp-4458056556,Руководитель группы по обеспечению безопасности технологических процессов (08/05/2026),Kaz Project Operating LLP,posted,2026-08-28T03:59:08.715829,388
fbd19e70b3ed3073,https://tj.linkedin.com/jobs/view/%D1%81%D0%BA%D1%80%D0%B0%D0%BC-%D0%BC%D0%B0%D1%81%D1%82%D0%B5%D1%80-scrum-master-at-bank-eskhata-4459679356,Скрам мастер / Scrum Master,,scraped,2026-08-28T03:59:13.243450,
7e0846ec8ed8a3bb,https://tj.linkedin.com/jobs/view/content-creator-at-bank-eskhata-4460316142,Content Creator,,scraped,2026-08-29T01:23:44.433251,
c96ac86d7c4535e4,https://tj.linkedin.com/jobs/view/%D1%83%D0%BF%D0%B0%D0%BA%D0%BE%D0%B2%D1%89%D0%B8%D0%BA-at-lumi-crm-4460586046,Упаковщик,Lumi.CRM,failed|wp_post_failed,2026-08-29T19:05:04.732463,
9e8d2bdf61bb8311,https://tj.linkedin.com/jobs/view/%D0%B3%D1%80%D1%83%D0%B7%D1%87%D0%B8%D0%BA-at-lumi-crm-4460574328,Грузчик,Lumi.CRM,failed|wp_post_failed,2026-08-29T19:05:12.603145,
3fc4ba0d43dd01c7,https://tj.linkedin.com/jobs/view/senior-highway-bridge-engineer-training-expert-at-bars-consulting-llc-4458871761,Senior Highway/Bridge Engineer (Training Expert),BARS Consulting LLC,posted,2026-08-31T10:22:59.010809,672
7b2cc55b52e005d0,https://tj.linkedin.com/jobs/view/transport-experts-at-ntu-international-a-s-4461048698,Transport Experts,,scraped,2026-08-31T10:23:03.534666,
bc23d8f7d50965b7,https://tj.linkedin.com/jobs/view/%D1%81%D0%BB%D0%B5%D1%81%D0%B0%D1%80%D1%8C-%D0%B0%D1%81%D1%83-%D1%82%D0%BF-at-kaluga-flower-holding-4461047630,Слесарь АСУ ТП,Kaluga Flower Holding,failed|wp_post_failed,2026-08-31T10:23:14.409746,
71d9ae64d9cac314,https://tj.linkedin.com/jobs/view/%D1%80%D0%B0%D0%B1%D0%BE%D1%87%D0%B8%D0%B9-%D1%86%D0%B2%D0%B5%D1%82%D0%BE%D0%B2%D0%BE%D0%B4-at-kaluga-flower-holding-4461053580,Рабочий-цветовод,Kaluga Flower Holding,posted,2026-08-31T10:23:24.817610,674
1995158bfa38fcc4,https://tj.linkedin.com/jobs/view/%D0%BA%D0%B5%D1%80%D1%83%D1%8E%D1%87%D0%B8%D0%B9-%D0%BC%D0%B0%D0%B3%D0%B0%D0%B7%D0%B8%D0%BD%D1%83-at-%D0%B1%D0%BB%D0%B8%D0%B7%D0%B5%D0%BD%D1%8C%D0%BA%D0%BE-4461055680,Керуючий магазину,Близенько,failed|wp_post_failed,2026-08-31T10:23:28.800886,
9c9b995ab9d1f884,https://tj.linkedin.com/jobs/view/%D0%BF%D1%80%D0%BE%D0%B4%D0%B0%D0%B2%D0%B5%D1%86%D1%8C-%D0%BA%D0%BE%D0%BD%D1%81%D1%83%D0%BB%D1%8C%D1%82%D0%B0%D0%BD%D1%82-at-%D0%B1%D0%BB%D0%B8%D0%B7%D0%B5%D0%BD%D1%8C%D0%BA%D0%BE-4461042827,Продавець-консультант,Близенько,posted,2026-08-31T10:23:38.368991,676
da601b2b1b1bddd3,https://tj.linkedin.com/jobs/view/%D0%BF%D1%80%D0%BE%D0%B4%D0%B0%D0%B2%D0%B5%D1%86%D1%8C-%D0%BA%D0%BE%D0%BD%D1%81%D1%83%D0%BB%D1%8C%D1%82%D0%B0%D0%BD%D1%82-at-%D0%B1%D0%BB%D0%B8%D0%B7%D0%B5%D0%BD%D1%8C%D0%BA%D0%BE-4461052803,Продавець-консультант,Близенько,scraped,2026-08-31T10:23:42.372083,
87e8682817e1c4e8,https://tj.linkedin.com/jobs/view/%D1%8D%D0%BB%D0%B5%D0%BA%D1%82%D1%80%D0%BE%D0%BC%D0%BE%D0%BD%D1%82%D0%B5%D1%80-at-kaluga-flower-holding-4461045651,Электромонтер,Kaluga Flower Holding,failed|wp_post_failed,2026-08-31T10:23:46.333076,
1a5c3fffe85746c3,https://tj.linkedin.com/jobs/view/%D0%BE%D1%84%D0%BE%D1%80%D0%BC%D0%B8%D1%82%D0%B5%D0%BB%D1%8C-%D0%B3%D0%BE%D1%82%D0%BE%D0%B2%D0%BE%D0%B9-%D0%BF%D1%80%D0%BE%D0%B4%D1%83%D0%BA%D1%86%D0%B8%D0%B8-%D1%84%D0%BB%D0%BE%D1%80%D0%B8%D1%81%D1%82-at-kaluga-flower-holding-4461047629,Оформитель готовой продукции (флорист),Kaluga Flower Holding,posted,2026-08-31T18:37:54.349294,678
5c2186d7d73b572a,https://tj.linkedin.com/jobs/view/%D0%BF%D0%BE%D0%B4%D1%81%D0%BE%D0%B1%D0%BD%D1%8B%D0%B9-%D1%80%D0%B0%D0%B1%D0%BE%D1%87%D0%B8%D0%B9-at-kaluga-flower-holding-4461040727,Подсобный рабочий,Kaluga Flower Holding,failed|wp_post_failed,2026-08-31T18:38:02.356441,
3b2b3d8aec3ed57b,https://tj.linkedin.com/jobs/view/%D0%B0%D0%B4%D0%BC%D1%96%D0%BD%D1%96%D1%81%D1%82%D1%80%D0%B0%D1%82%D0%BE%D1%80-at-%D0%B1%D0%BB%D0%B8%D0%B7%D0%B5%D0%BD%D1%8C%D0%BA%D0%BE-4461045855,Адміністратор,Близенько,failed|wp_post_failed,2026-08-31T18:38:10.186367,
6cd57f3ab1828947,https://tj.linkedin.com/jobs/view/%D0%BF%D1%80%D0%B8%D0%B1%D0%B8%D1%80%D0%B0%D0%BB%D1%8C%D0%BD%D0%B8%D0%BA-%D1%81%D0%BB%D1%83%D0%B6%D0%B1%D0%BE%D0%B2%D0%B8%D1%85-%D0%BF%D1%80%D0%B8%D0%BC%D1%96%D1%89%D0%B5%D0%BD%D1%8C-at-%D0%B1%D0%BB%D0%B8%D0%B7%D0%B5%D0%BD%D1%8C%D0%BA%D0%BE-4461259393,Прибиральник службових приміщень,Близенько,failed|wp_post_failed,2026-08-31T23:34:31.890168,
